PRIMARY_COM_NAME;SCI_NAME
Common Ostrich;Struthio camelus
Somali Ostrich;Struthio molybdophanes
Common/Somali Ostrich;Struthio camelus/molybdophanes
Southern Cassowary;Casuarius casuarius
Dwarf Cassowary;Casuarius bennetti
Northern Cassowary;Casuarius unappendiculatus
Emu;Dromaius novaehollandiae
Southern Brown Kiwi;Apteryx australis
Southern Brown Kiwi (South I.);Apteryx australis australis
Southern Brown Kiwi (Stewart I.);Apteryx australis lawryi
Okarito Brown Kiwi;Apteryx rowi
North Island Brown Kiwi;Apteryx mantelli
Southern Brown x North Island Brown Kiwi (hybrid);Apteryx australis x mantelli
Little Spotted Kiwi;Apteryx owenii
Okarito Brown x Little Spotted Kiwi (hybrid);Apteryx rowi x owenii
Great Spotted Kiwi;Apteryx maxima
kiwi sp.;Apteryx sp.
Greater Rhea;Rhea americana
Lesser Rhea;Rhea pennata
Lesser Rhea (Puna);Rhea pennata tarapacensis/garleppi
Lesser Rhea (Darwin's);Rhea pennata pennata
Puna Tinamou;Tinamotis pentlandii
Patagonian Tinamou;Tinamotis ingoufi
Quebracho Crested-Tinamou;Eudromia formosa
Elegant Crested-Tinamou;Eudromia elegans
Elegant Crested-Tinamou (Northern);Eudromia elegans [intermedia Group]
Elegant Crested-Tinamou (Southern);Eudromia elegans [elegans Group]
Dwarf Tinamou;Taoniscus nanus
White-bellied Nothura;Nothura boraquira
Lesser Nothura;Nothura minor
Darwin's Nothura;Nothura darwinii
Spotted Nothura;Nothura maculosa
White-bellied/Spotted Nothura;Nothura boraquira/maculosa
Lesser/Spotted Nothura;Nothura minor/maculosa
Darwin's/Spotted Nothura;Nothura darwinii/maculosa
Huayco Tinamou;Rhynchotus maculicollis
Red-winged Tinamou;Rhynchotus rufescens
Brushland Tinamou;Nothoprocta cinerascens
Andean Tinamou;Nothoprocta pentlandii
Andean Tinamou (Northern);Nothoprocta pentlandii [oustaleti Group]
Andean Tinamou (Southern);Nothoprocta pentlandii [pentlandii Group]
Curve-billed Tinamou;Nothoprocta curvirostris
Ornate Tinamou;Nothoprocta ornata
Taczanowski's Tinamou;Nothoprocta taczanowskii
Chilean Tinamou;Nothoprocta perdicaria
Nothoprocta sp.;Nothoprocta sp.
Tawny-breasted Tinamou;Nothocercus julius
Hooded Tinamou;Nothocercus nigrocapillus
Highland Tinamou;Nothocercus bonapartei
Highland Tinamou (Costa Rican);Nothocercus bonapartei frantzii
Highland Tinamou (South American);Nothocercus bonapartei [bonapartei Group]
Great Tinamou;Tinamus major
Solitary Tinamou;Tinamus solitarius
Gray Tinamou;Tinamus tao
White-throated Tinamou;Tinamus guttatus
Black Tinamou;Tinamus osgoodi
Black Tinamou (Colombian);Tinamus osgoodi hershkovitzi
Black Tinamou (Peruvian);Tinamus osgoodi osgoodi
Tinamus sp.;Tinamus sp.
Berlepsch's Tinamou;Crypturellus berlepschi
Cinereous Tinamou;Crypturellus cinereus
Tepui Tinamou;Crypturellus ptaritepui
Small-billed Tinamou;Crypturellus parvirostris
Tataupa Tinamou;Crypturellus tataupa
Brown Tinamou;Crypturellus obsoletus
Brown Tinamou (Venezuelan);Crypturellus obsoletus cerviniventris/knoxi
Brown Tinamou (Ecuadorian);Crypturellus obsoletus castaneus
Brown Tinamou (Andean);Crypturellus obsoletus [punensis Group]
Brown Tinamou (Amazonian);Crypturellus obsoletus griseiventris
Brown Tinamou (Atlantic);Crypturellus obsoletus obsoletus
Variegated Tinamou;Crypturellus variegatus
Bartlett's Tinamou;Crypturellus bartletti
Barred Tinamou;Crypturellus casiquiare
Rusty Tinamou;Crypturellus brevirostris
Little Tinamou;Crypturellus soui
Undulated Tinamou;Crypturellus undulatus
Yellow-legged Tinamou;Crypturellus noctivagus
Yellow-legged Tinamou (zabele);Crypturellus noctivagus zabele
Yellow-legged Tinamou (noctivagus);Crypturellus noctivagus noctivagus
Black-capped Tinamou;Crypturellus atrocapillus
Pale-browed Tinamou;Crypturellus transfasciatus
Thicket Tinamou;Crypturellus cinnamomeus
Thicket Tinamou (occidentalis);Crypturellus cinnamomeus occidentalis
Thicket Tinamou (cinnamomeus Group);Crypturellus cinnamomeus [cinnamomeus Group]
Slaty-breasted Tinamou;Crypturellus boucardi
Choco Tinamou;Crypturellus kerriae
Red-legged Tinamou;Crypturellus erythropus
Gray-legged Tinamou;Crypturellus duidae
Brazilian Tinamou;Crypturellus strigulosus
Serra do Divisor Tinamou (undescribed form);Crypturellus [undescribed form]
Crypturellus sp.;Crypturellus sp.
tinamou sp.;Tinamidae sp.
Horned Screamer;Anhima cornuta
Southern Screamer;Chauna torquata
Northern Screamer;Chauna chavaria
Magpie Goose;Anseranas semipalmata
Spotted Whistling-Duck;Dendrocygna guttata
Plumed Whistling-Duck;Dendrocygna eytoni
White-faced Whistling-Duck;Dendrocygna viduata
Spotted x White-faced Whistling-Duck (hybrid);Dendrocygna guttata x viduata
Plumed x White-faced Whistling-Duck (hybrid);Dendrocygna eytoni x viduata
Black-bellied Whistling-Duck;Dendrocygna autumnalis
Black-bellied Whistling-Duck (Northern);Dendrocygna autumnalis fulgens
Black-bellied Whistling-Duck (Southern);Dendrocygna autumnalis autumnalis
White-faced x Black-bellied Whistling-Duck (hybrid);Dendrocygna viduata x autumnalis
West Indian Whistling-Duck;Dendrocygna arborea
Black-bellied x West Indian Whistling-Duck (hybrid);Dendrocygna autumnalis x arborea
Fulvous Whistling-Duck;Dendrocygna bicolor
White-faced x Fulvous Whistling-Duck (hybrid);Dendrocygna viduata x bicolor
Black-bellied x Fulvous Whistling-Duck (hybrid);Dendrocygna autumnalis x bicolor
Wandering Whistling-Duck;Dendrocygna arcuata
Plumed x Wandering Whistling-Duck (hybrid);Dendrocygna eytoni x arcuata
Plumed/Wandering Whistling-Duck;Dendrocygna eytoni/arcuata
Lesser Whistling-Duck;Dendrocygna javanica
Fulvous/Lesser Whistling-Duck;Dendrocygna bicolor/javanica
Wandering x Lesser Whistling-Duck (hybrid);Dendrocygna arcuata x javanica
whistling-duck sp.;Dendrocygna sp.
White-backed Duck;Thalassornis leuconotus
Bar-headed Goose;Anser indicus
Emperor Goose;Anser canagicus
Snow Goose;Anser caerulescens
Bar-headed x Snow Goose (hybrid);Anser indicus x caerulescens
Emperor x Snow Goose (hybrid);Anser canagicus x caerulescens
Ross's Goose;Anser rossii
Snow x Ross's Goose (hybrid);Anser caerulescens x rossii
Snow/Ross's Goose;Anser caerulescens/rossii
Graylag Goose;Anser anser
Graylag Goose (European);Anser anser anser
Graylag Goose (Siberian);Anser anser rubrirostris
Graylag Goose (Domestic type);Anser anser (Domestic type)
Bar-headed x Graylag Goose (hybrid);Anser indicus x anser
Emperor x Graylag Goose (hybrid);Anser canagicus x anser
Swan Goose;Anser cygnoides
Swan Goose (Domestic type);Anser cygnoides (Domestic type)
Bar-headed x Swan Goose (hybrid);Anser indicus x cygnoides
Snow x Swan Goose (hybrid);Anser caerulescens x cygnoides
Bar-headed x Snow x Swan Goose (hybrid);Anser indicus x caerulescens x cygnoides
Graylag x Swan Goose (hybrid);Anser anser x cygnoides
Greater White-fronted Goose;Anser albifrons
Greater White-fronted Goose (Greenland);Anser albifrons flavirostris
Greater White-fronted Goose (Eurasian);Anser albifrons albifrons
Greater White-fronted Goose (Western);Anser albifrons gambelli/sponsa
Greater White-fronted Goose (Tule);Anser albifrons elgasi
Bar-headed x Greater White-fronted Goose (hybrid);Anser indicus x albifrons
Emperor x Greater White-fronted Goose (hybrid);Anser canagicus x albifrons
Snow x Greater White-fronted Goose (hybrid);Anser caerulescens x albifrons
Ross's x Greater White-fronted Goose (hybrid);Anser rossii x albifrons
Graylag x Greater White-fronted Goose (hybrid);Anser anser x albifrons
Lesser White-fronted Goose;Anser erythropus
Greater/Lesser White-fronted Goose;Anser albifrons/erythropus
Taiga Bean-Goose;Anser fabalis
Taiga Bean-Goose (Western);Anser fabalis fabalis/johanseni
Taiga Bean-Goose (Eastern);Anser fabalis middendorffii
Tundra Bean-Goose;Anser serrirostris
Greater White-fronted Goose x Tundra Bean-Goose (hybrid);Anser albifrons x serrirostris
Taiga/Tundra Bean-Goose;Anser fabalis/serrirostris
Pink-footed Goose;Anser brachyrhynchus
Domestic goose sp. (Domestic type);Anser sp. (Domestic type)
Anser sp.;Anser sp.
Brant;Branta bernicla
Brant (Dark-bellied);Branta bernicla bernicla
Brant (Pale-bellied);Branta bernicla hrota
Brant (Black);Branta bernicla nigricans
Brant (Gray-bellied);Branta bernicla (Gray-bellied)
Brant (Dark-bellied x Black);Branta bernicla bernicla x nigricans
Brant (Pale-bellied x Black);Branta bernicla hrota x nigricans
Snow Goose x Brant (hybrid);Anser caerulescens x Branta bernicla
Barnacle Goose;Branta leucopsis
Bar-headed x Barnacle Goose (hybrid);Anser indicus x Branta leucopsis
Emperor x Barnacle Goose (hybrid);Anser canagicus x Branta leucopsis
Snow x Barnacle Goose (hybrid);Anser caerulescens x Branta leucopsis
Ross's x Barnacle Goose (hybrid);Anser rossii x Branta leucopsis
Graylag x Barnacle Goose (hybrid);Anser anser x Branta leucopsis
Greater White-fronted x Barnacle Goose (hybrid);Anser albifrons x Branta leucopsis
Lesser White-fronted x Barnacle Goose (hybrid);Anser erythropus x Branta leucopsis
Pink-footed x Barnacle Goose (hybrid);Anser brachyrhynchus x Branta leucopsis
Cackling Goose;Branta hutchinsii
Cackling Goose (Aleutian);Branta hutchinsii leucopareia
Cackling Goose (Richardson's);Branta hutchinsii hutchinsii
Cackling Goose (minima);Branta hutchinsii minima
Cackling Goose (Taverner's);Branta hutchinsii taverneri
Emperor x Cackling Goose (hybrid);Anser canagicus x Branta hutchinsii
Snow x Cackling Goose (hybrid);Anser caerulescens x Branta hutchinsii
Ross's x Cackling Goose (hybrid);Anser rossii x Branta hutchinsii
Brant x Cackling Goose (hybrid);Branta bernicla x hutchinsii
Greater White-fronted x Cackling Goose (hybrid);Anser albifrons x Branta hutchinsii
Barnacle x Cackling Goose (hybrid);Branta leucopsis x hutchinsii
Canada Goose;Branta canadensis
Canada Goose (moffitti/maxima);Branta canadensis moffitti/maxima
Canada Goose (occidentalis/fulva);Branta canadensis occidentalis/fulva
Canada Goose (canadensis Group);Branta canadensis [canadensis Group]
Bar-headed x Canada Goose (hybrid);Anser indicus x Branta canadensis
Swan x Canada Goose (hybrid);Anser cygnoides x Branta canadensis
Pink-footed x Canada Goose (hybrid);Anser brachyrhynchus x Branta canadensis
Greater White-fronted x Canada Goose (hybrid);Anser albifrons x Branta canadensis
Greater White-fronted x Cackling/Canada Goose (hybrid);Anser albifrons x Branta hutchinsii/canadensis
Graylag x Canada Goose (hybrid);Anser anser x Branta canadensis
Domestic goose sp. x Canada Goose (hybrid);Anser sp. (Domestic type) x Branta canadensis
Snow x Canada Goose (hybrid);Anser caerulescens x Branta canadensis
Ross's x Canada Goose (hybrid);Anser rossii x Branta canadensis
Barnacle x Canada Goose (hybrid);Branta leucopsis x canadensis
Cackling/Canada Goose;Branta hutchinsii/canadensis
Snow/Ross's x Cackling/Canada Goose (hybrid);Anser caerulescens/rossii x Branta hutchinsii/canadensis
Hawaiian Goose;Branta sandvicensis
Barnacle x Hawaiian Goose (hybrid);Branta leucopsis x sandvicensis
Red-breasted Goose;Branta ruficollis
Greater White-fronted x Red-breasted Goose (hybrid);Anser albifrons x Branta ruficollis
Brant x Red-breasted Goose (hybrid);Branta bernicla x ruficollis
Barnacle x Red-breasted Goose (hybrid);Branta leucopsis x ruficollis
Branta sp.;Branta sp.
Cape Barren Goose;Cereopsis novaehollandiae
Freckled Duck;Stictonetta naevosa
Blue-winged Goose;Cyanochen cyanoptera
Mute Swan;Cygnus olor
Graylag Goose x Mute Swan (hybrid);Anser anser x Cygnus olor
Black Swan;Cygnus atratus
Mute x Black Swan (hybrid);Cygnus olor x atratus
Black-necked Swan;Cygnus melancoryphus
Trumpeter Swan;Cygnus buccinator
Mute x Trumpeter Swan (hybrid);Cygnus olor x buccinator
Tundra Swan;Cygnus columbianus
Tundra Swan (Whistling);Cygnus columbianus columbianus
Tundra Swan (Bewick's);Cygnus columbianus bewickii
Tundra Swan (Whistling x Bewick's);Cygnus columbianus columbianus x bewickii
Trumpeter x Tundra Swan (hybrid);Cygnus buccinator x columbianus
Trumpeter/Tundra Swan;Cygnus buccinator/columbianus
Whooper Swan;Cygnus cygnus
Mute x Whooper Swan (hybrid);Cygnus olor x cygnus
Trumpeter x Whooper Swan (hybrid);Cygnus buccinator x cygnus
Tundra/Whooper Swan;Cygnus columbianus/cygnus
swan sp.;Cygnus sp.
Coscoroba Swan;Coscoroba coscoroba
Knob-billed Duck;Sarkidiornis melanotos
Comb Duck;Sarkidiornis sylvicola
Hartlaub's Duck;Pteronetta hartlaubii
Orinoco Goose;Oressochen jubatus
Andean Goose;Oressochen melanopterus
Upland Goose;Chloephaga picta
Upland Goose (White-breasted);Chloephaga picta (White-breasted)
Upland Goose (Bar-breasted);Chloephaga picta (Bar-breasted)
Kelp Goose;Chloephaga hybrida
Ashy-headed Goose;Chloephaga poliocephala
Ruddy-headed Goose;Chloephaga rubidiceps
Ashy-headed x Ruddy-headed Goose (hybrid);Chloephaga poliocephala x rubidiceps
Chloephaga sp.;Chloephaga sp.
goose sp.;Anatidae (goose sp.)
Radjah Shelduck;Radjah radjah
Egyptian Goose;Alopochen aegyptiaca
Knob-billed Duck x Egyptian Goose (hybrid);Sarkidiornis melanotos x Alopochen aegyptiaca
Mauritius Shelduck;Alopochen mauritiana
Reunion Shelduck;Alopochen kervazoi
Ruddy Shelduck;Tadorna ferruginea
Egyptian Goose x Ruddy Shelduck (hybrid);Alopochen aegyptiaca x Tadorna ferruginea
South African Shelduck;Tadorna cana
Australian Shelduck;Tadorna tadornoides
Paradise Shelduck;Tadorna variegata
Common Shelduck;Tadorna tadorna
Ruddy x Common Shelduck (hybrid);Tadorna ferruginea x tadorna
Crested Shelduck;Tadorna cristata
Spur-winged Goose;Plectropterus gambensis
Spur-winged Goose (Northern);Plectropterus gambensis gambensis
Spur-winged Goose (Southern);Plectropterus gambensis niger
Flying Steamer-Duck;Tachyeres patachonicus
Flightless Steamer-Duck;Tachyeres pteneres
Flightless Steamer-Duck (Chiloe form);Tachyeres pteneres [undescribed form]
Falkland Steamer-Duck;Tachyeres brachypterus
Falkland Steamer-Duck (Flightless);Tachyeres brachypterus (Flightless)
Falkland Steamer-Duck (Flying);Tachyeres brachypterus (Flying)
White-headed Steamer-Duck;Tachyeres leucocephalus
Flying/White-headed Steamer-Duck;Tachyeres patachonicus/leucocephalus
steamer-duck sp.;Tachyeres sp.
Crested Duck;Lophonetta specularioides
Spectacled Duck;Speculanas specularis
Muscovy Duck;Cairina moschata
Muscovy Duck (Domestic type);Cairina moschata (Domestic type)
Egyptian Goose x Muscovy Duck (hybrid);Alopochen aegyptiaca x Cairina moschata
Green Pygmy-Goose;Nettapus pulchellus
Cotton Pygmy-Goose;Nettapus coromandelianus
Green/Cotton Pygmy-Goose;Nettapus pulchellus/coromandelianus
African Pygmy-Goose;Nettapus auritus
Ringed Teal;Callonetta leucophrys
Wood Duck;Aix sponsa
Common Shelduck x Wood Duck (hybrid);Tadorna tadorna x Aix sponsa
Mandarin Duck;Aix galericulata
Wood x Mandarin Duck (hybrid);Aix sponsa x galericulata
Maned Duck;Chenonetta jubata
Finsch's Duck;Chenonetta finschi
Brazilian Teal;Amazonetta brasiliensis
Wood Duck x Brazilian Teal (hybrid);Aix sponsa x Amazonetta brasiliensis
Blue Duck;Hymenolaimus malacorhynchos
Torrent Duck;Merganetta armata
Torrent Duck (Colombian);Merganetta armata leucogenis/colombiana
Torrent Duck (Black-bellied);Merganetta armata turneri
Torrent Duck (Bolivian);Merganetta armata garleppi/berlepschi
Torrent Duck (Patagonian);Merganetta armata armata
Salvadori's Teal;Salvadorina waigiuensis
Baikal Teal;Sibirionetta formosa
Garganey;Spatula querquedula
Blue-billed Teal;Spatula hottentota
Silver Teal;Spatula versicolor
Puna Teal;Spatula puna
Blue-winged Teal;Spatula discors
Baikal x Blue-winged Teal (hybrid);Sibirionetta formosa x Spatula discors
Cinnamon Teal;Spatula cyanoptera
Cinnamon Teal (Northern);Spatula cyanoptera septentrionalium
Cinnamon Teal (Andean);Spatula cyanoptera [orinoma Group]
Cinnamon Teal (Southern);Spatula cyanoptera cyanoptera
Blue-winged x Cinnamon Teal (hybrid);Spatula discors x cyanoptera
Blue-winged/Cinnamon Teal;Spatula discors/cyanoptera
Red Shoveler;Spatula platalea
Cape Shoveler;Spatula smithii
Australasian Shoveler;Spatula rhynchotis
Northern Shoveler;Spatula clypeata
Garganey x Northern Shoveler (hybrid);Spatula querquedula x clypeata
Blue-winged Teal x Northern Shoveler (hybrid);Spatula discors x clypeata
Cinnamon Teal x Northern Shoveler (hybrid);Spatula cyanoptera x clypeata
Gadwall;Mareca strepera
Gadwall (Common);Mareca strepera strepera
Gadwall (Coues's);Mareca strepera couesi
Northern Shoveler x Gadwall (hybrid);Spatula clypeata x Mareca strepera
Falcated Duck;Mareca falcata
Baikal Teal x Falcated Duck (hybrid);Sibirionetta formosa x Mareca falcata
Gadwall x Falcated Duck (hybrid);Mareca strepera x falcata
Eurasian Wigeon;Mareca penelope
Baikal Teal x Eurasian Wigeon (hybrid);Sibirionetta formosa x Mareca penelope
Northern Shoveler x Eurasian Wigeon (hybrid);Spatula clypeata x Mareca penelope
Gadwall x Eurasian Wigeon (hybrid);Mareca strepera x penelope
Falcated Duck x Eurasian Wigeon (hybrid);Mareca falcata x penelope
American Wigeon;Mareca americana
Wood Duck x American Wigeon (hybrid);Aix sponsa x Mareca americana
Blue-winged Teal x American Wigeon (hybrid);Spatula discors x Mareca americana
Northern Shoveler x American Wigeon (hybrid);Spatula clypeata x Mareca americana
Gadwall x American Wigeon (hybrid);Mareca strepera x americana
Eurasian x American Wigeon (hybrid);Mareca penelope x americana
Eurasian/American Wigeon;Mareca penelope/americana
Chiloe Wigeon;Mareca sibilatrix
Eurasian x Chiloe Wigeon (hybrid);Mareca penelope x sibilatrix
Amsterdam Duck;Mareca marecula
African Black Duck;Anas sparsa
Yellow-billed Duck;Anas undulata
Meller's Duck;Anas melleri
Pacific Black Duck;Anas superciliosa
Laysan Duck;Anas laysanensis
Hawaiian Duck;Anas wyvilliana
Philippine Duck;Anas luzonica
Indian Spot-billed Duck;Anas poecilorhyncha
Eastern Spot-billed Duck;Anas zonorhyncha
Indian/Eastern Spot-billed Duck;Anas poecilorhyncha/zonorhyncha
Mallard;Anas platyrhynchos
Mallard (Domestic type);Anas platyrhynchos (Domestic type)
Egyptian Goose x Mallard (hybrid);Alopochen aegyptiaca x Anas platyrhynchos
Ruddy Shelduck x Mallard (hybrid);Tadorna ferruginea x Anas platyrhynchos
Muscovy Duck x Mallard (hybrid);Cairina moschata x Anas platyrhynchos
Wood Duck x Mallard (hybrid);Aix sponsa x Anas platyrhynchos
Northern Shoveler x Mallard (hybrid);Spatula clypeata x Anas platyrhynchos
Gadwall x Mallard (hybrid);Mareca strepera x Anas platyrhynchos
Falcated Duck x Mallard (hybrid);Mareca falcata x Anas platyrhynchos
Eurasian Wigeon x Mallard (hybrid);Mareca penelope x Anas platyrhynchos
American Wigeon x Mallard (hybrid);Mareca americana x Anas platyrhynchos
African Black Duck x Mallard (hybrid);Anas sparsa x platyrhynchos
Yellow-billed Duck x Mallard (hybrid);Anas undulata x platyrhynchos
Pacific Black Duck x Mallard (hybrid);Anas superciliosa x platyrhynchos
Hawaiian Duck x Mallard (hybrid);Anas wyvilliana x platyrhynchos
Indian Spot-billed Duck x Mallard (hybrid);Anas poecilorhyncha x platyrhynchos
Eastern Spot-billed Duck x Mallard (hybrid);Anas zonorhyncha x platyrhynchos
Pacific Black Duck/Mallard;Anas superciliosa/platyrhynchos
Hawaiian Duck/Mallard;Anas wyvilliana/platyrhynchos
Indian Spot-billed Duck/Mallard;Anas poecilorhyncha/platyrhynchos
Eastern Spot-billed Duck/Mallard;Anas zonorhyncha/platyrhynchos
Mexican Duck;Anas diazi
Mallard x Mexican Duck (hybrid);Anas platyrhynchos x diazi
Mallard/Mexican Duck;Anas platyrhynchos/diazi
American Black Duck;Anas rubripes
American Wigeon x American Black Duck (hybrid);Mareca americana x Anas rubripes
Mallard x American Black Duck (hybrid);Anas platyrhynchos x rubripes
Mallard/American Black Duck;Anas platyrhynchos/rubripes
Mottled Duck;Anas fulvigula
Mottled Duck (Florida);Anas fulvigula fulvigula
Mottled Duck (Gulf Coast);Anas fulvigula maculosa
Mallard x Mottled Duck (hybrid);Anas platyrhynchos x fulvigula
Mallard x Mexican/Mottled Duck (hybrid);Anas platyrhynchos x diazi/fulvigula
Mexican x Mottled Duck (hybrid);Anas diazi x fulvigula
Mallard/Mottled Duck;Anas platyrhynchos/fulvigula
Mexican/Mottled Duck;Anas diazi/fulvigula
American Black/Mottled Duck;Anas rubripes/fulvigula
Cape Teal;Anas capensis
White-cheeked Pintail;Anas bahamensis
White-cheeked Pintail (White-cheeked);Anas bahamensis bahamensis/rubrirostris
White-cheeked Pintail (Galapagos);Anas bahamensis galapagensis
Mallard x White-cheeked Pintail (hybrid);Anas platyrhynchos x bahamensis
Red-billed Duck;Anas erythrorhyncha
Yellow-billed x Red-billed Duck (hybrid);Anas undulata x erythrorhyncha
Cape Teal x Red-billed Duck (hybrid);Anas capensis x erythrorhyncha
Northern Pintail;Anas acuta
Baikal Teal x Northern Pintail (hybrid);Sibirionetta formosa x Anas acuta
Northern Shoveler x Northern Pintail (hybrid);Spatula clypeata x Anas acuta
Gadwall x Northern Pintail (hybrid);Mareca strepera x Anas acuta
Eurasian Wigeon x Northern Pintail (hybrid);Mareca penelope x Anas acuta
American Wigeon x Northern Pintail (hybrid);Mareca americana x Anas acuta
Pacific Black Duck x Northern Pintail (hybrid);Anas superciliosa x acuta
Mallard x Northern Pintail (hybrid);Anas platyrhynchos x acuta
American Black Duck x Northern Pintail (hybrid);Anas rubripes x acuta
Eaton's Pintail;Anas eatoni
Yellow-billed Pintail;Anas georgica
Yellow-billed Pintail (South Georgia);Anas georgica georgica
Yellow-billed Pintail (South American);Anas georgica spinicauda/niceforoi
White-cheeked x Yellow-billed Pintail (hybrid);Anas bahamensis x georgica
Green-winged Teal;Anas crecca
Green-winged Teal (Eurasian);Anas crecca crecca
Green-winged Teal (American);Anas crecca carolinensis
Green-winged Teal (Eurasian x American);Anas crecca crecca x carolinensis
Baikal x Green-winged Teal (hybrid);Sibirionetta formosa x Anas crecca
Garganey x Green-winged Teal (hybrid);Spatula querquedula x Anas crecca
Blue-winged x Green-winged Teal (hybrid);Spatula discors x Anas crecca
Cinnamon x Green-winged Teal (hybrid);Spatula cyanoptera x Anas crecca
Gadwall x Green-winged Teal (hybrid);Mareca strepera x Anas crecca
Eurasian Wigeon x Green-winged Teal (hybrid);Mareca penelope x Anas crecca
American Wigeon x Green-winged Teal (hybrid);Mareca americana x Anas crecca
Mallard x Green-winged Teal (hybrid);Anas platyrhynchos x crecca
Northern Pintail x Green-winged Teal (hybrid);Anas acuta x crecca
Garganey/Green-winged Teal;Spatula querquedula/Anas crecca
Andean Teal;Anas andium
Andean Teal (Merida);Anas andium altipetens
Andean Teal (Andean);Anas andium andium
Yellow-billed Teal;Anas flavirostris
Yellow-billed Teal (flavirostris);Anas flavirostris flavirostris
Yellow-billed Teal (oxyptera);Anas flavirostris oxyptera
Yellow-billed Pintail/Yellow-billed Teal;Anas georgica/flavirostris
Andean/Yellow-billed Teal;Anas andium/flavirostris
Mauritius Duck;Anas theodori
Andaman Teal;Anas albogularis
Sunda Teal;Anas gibberifrons
Gray Teal;Anas gracilis
Pacific Black Duck x Gray Teal (hybrid);Anas superciliosa x gracilis
Sunda/Gray Teal;Anas gibberifrons/gracilis
Chestnut Teal;Anas castanea
Pacific Black Duck x Chestnut Teal (hybrid);Anas superciliosa x castanea
Gray x Chestnut Teal (hybrid);Anas gracilis x castanea
Gray/Chestnut Teal;Anas gracilis/castanea
Bernier's Teal;Anas bernieri
Auckland Islands Teal;Anas aucklandica
Campbell Islands Teal;Anas nesiotis
Brown Teal;Anas chlorotis
Mallard x Brown Teal (hybrid);Anas platyrhynchos x chlorotis
Anas sp.;Anas sp.
teal sp.;Anatidae sp. (teal sp.)
dabbling duck sp.;Anatidae sp. (dabbling duck sp.)
Pink-eared Duck;Malacorhynchus membranaceus
Marbled Duck;Marmaronetta angustirostris
Pink-headed Duck;Rhodonessa caryophyllacea
White-winged Duck;Asarcornis scutulata
Red-crested Pochard;Netta rufina
Mallard x Red-crested Pochard (hybrid);Anas platyrhynchos x Netta rufina
Southern Pochard;Netta erythrophthalma
Rosy-billed Pochard;Netta peposaca
Canvasback;Aythya valisineria
Redhead;Aythya americana
Mallard x Redhead (hybrid);Anas platyrhynchos x Aythya americana
Canvasback x Redhead (hybrid);Aythya valisineria x americana
Common Pochard;Aythya ferina
Mallard x Common Pochard (hybrid);Anas platyrhynchos x Aythya ferina
Red-crested x Common Pochard (hybrid);Netta rufina x Aythya ferina
Ring-necked Duck;Aythya collaris
Mallard x Ring-necked Duck (hybrid);Anas platyrhynchos x Aythya collaris
Canvasback x Ring-necked Duck (hybrid);Aythya valisineria x collaris
Redhead x Ring-necked Duck (hybrid);Aythya americana x collaris
Ferruginous Duck;Aythya nyroca
Red-crested Pochard x Ferruginous Duck (hybrid);Netta rufina x Aythya nyroca
Common Pochard x Ferruginous Duck (hybrid);Aythya ferina x nyroca
Madagascar Pochard;Aythya innotata
Baer's Pochard;Aythya baeri
Common x Baer's Pochard (hybrid);Aythya ferina x baeri
Ferruginous Duck x Baer's Pochard (hybrid);Aythya nyroca x baeri
Ferruginous Duck/Baer's Pochard;Aythya nyroca/baeri
Hardhead;Aythya australis
Gray Teal x Hardhead (hybrid);Anas gracilis x Aythya australis
Tufted Duck;Aythya fuligula
Mallard x Tufted Duck (hybrid);Anas platyrhynchos x Aythya fuligula
Red-crested Pochard x Tufted Duck (hybrid);Netta rufina x Aythya fuligula
Common Pochard x Tufted Duck (hybrid);Aythya ferina x fuligula
Ring-necked x Tufted Duck (hybrid);Aythya collaris x fuligula
Ferruginous x Tufted Duck (hybrid);Aythya nyroca x fuligula
New Zealand Scaup;Aythya novaeseelandiae
Greater Scaup;Aythya marila
Redhead x Greater Scaup (hybrid);Aythya americana x marila
Ring-necked Duck x Greater Scaup (hybrid);Aythya collaris x marila
Tufted Duck x Greater Scaup (hybrid);Aythya fuligula x marila
Lesser Scaup;Aythya affinis
Redhead x Lesser Scaup (hybrid);Aythya americana x affinis
Ring-necked Duck x Lesser Scaup (hybrid);Aythya collaris x affinis
Tufted Duck x Lesser Scaup (hybrid);Aythya fuligula x affinis
Canvasback x scaup sp. (hybrid);Aythya valisineria x marila/affinis
Redhead x scaup sp. (hybrid);Aythya americana x marila/affinis
Ring-necked Duck x scaup sp. (hybrid);Aythya collaris x marila/affinis
Tufted Duck x scaup sp. (hybrid);Aythya fuligula x marila/affinis
Greater/Lesser Scaup;Aythya marila/affinis
Aythya sp.;Aythya sp.
Steller's Eider;Polysticta stelleri
Labrador Duck;Camptorhynchus labradorius
Spectacled Eider;Somateria fischeri
King Eider;Somateria spectabilis
Spectacled x King Eider (hybrid);Somateria fischeri x spectabilis
Common Eider;Somateria mollissima
Common Eider (Eurasian);Somateria mollissima mollissima
Common Eider (Faroe Is.);Somateria mollissima faeroeensis
Common Eider (Pacific);Somateria mollissima v-nigrum
Common Eider (Dresser's);Somateria mollissima dresseri
Common Eider (Northern);Somateria mollissima borealis
Common Eider (Hudson Bay);Somateria mollissima sedentaria
Common Shelduck x Common Eider (hybrid);Tadorna tadorna x Somateria mollissima
Mallard x Common Eider (hybrid);Anas platyrhynchos x Somateria mollissima
King x Common Eider (hybrid);Somateria spectabilis x mollissima
King/Common Eider;Somateria spectabilis/mollissima
eider sp.;Polysticta/Somateria sp.
Harlequin Duck;Histrionicus histrionicus
Surf Scoter;Melanitta perspicillata
Velvet Scoter;Melanitta fusca
White-winged Scoter;Melanitta deglandi
Stejneger's Scoter;Melanitta stejnegeri
Surf x White-winged Scoter (hybrid);Melanitta perspicillata x deglandi
White-winged x Stejneger's Scoter (hybrid);Melanitta deglandi x stejnegeri
Velvet/White-winged/Stejneger's Scoter;Melanitta fusca/deglandi/stejnegeri
White-winged/Stejneger's Scoter;Melanitta deglandi/stejnegeri
Common Scoter;Melanitta nigra
Black Scoter;Melanitta americana
Surf/Black Scoter;Melanitta perspicillata/americana
Common/Black Scoter;Melanitta nigra/americana
scoter sp.;Melanitta sp.
Long-tailed Duck;Clangula hyemalis
Bufflehead;Bucephala albeola
Common Goldeneye;Bucephala clangula
Bufflehead x Common Goldeneye (hybrid);Bucephala albeola x clangula
Bufflehead x goldeneye sp. (hybrid);Bucephala albeola x clangula/islandica
Barrow's Goldeneye;Bucephala islandica
Bufflehead x Barrow's Goldeneye (hybrid);Bucephala albeola x islandica
Common x Barrow's Goldeneye (hybrid);Bucephala clangula x islandica
Common/Barrow's Goldeneye;Bucephala clangula/islandica
Smew;Mergellus albellus
Common Goldeneye x Smew (hybrid);Bucephala clangula x Mergellus albellus
Hooded Merganser;Lophodytes cucullatus
Wood Duck x Hooded Merganser (hybrid);Aix sponsa x Lophodytes cucullatus
Bufflehead x Hooded Merganser (hybrid);Bucephala albeola x Lophodytes cucullatus
Common Goldeneye x Hooded Merganser (hybrid);Bucephala clangula x Lophodytes cucullatus
Barrow's Goldeneye x Hooded Merganser (hybrid);Bucephala islandica x Lophodytes cucullatus
goldeneye sp. x Hooded Merganser (hybrid);Bucephala clangula/islandica x Lophodytes cucullatus
Smew x Hooded Merganser (hybrid);Mergellus albellus x Lophodytes cucullatus
Auckland Islands Merganser;Mergus australis
Common Merganser;Mergus merganser
Common Merganser (Eurasian);Mergus merganser merganser/orientalis
Common Merganser (North American);Mergus merganser americanus
Common Eider x Common Merganser (hybrid);Somateria mollissima x Mergus merganser
Hooded x Common Merganser (hybrid);Lophodytes cucullatus x Mergus merganser
Brazilian Merganser;Mergus octosetaceus
Red-breasted Merganser;Mergus serrator
Ring-necked Duck x Red-breasted Merganser (hybrid);Aythya collaris x Mergus serrator
Common x Red-breasted Merganser (hybrid);Mergus merganser x serrator
Common/Red-breasted Merganser;Mergus merganser/serrator
Scaly-sided Merganser;Mergus squamatus
merganser sp.;Mergellus/Lophodytes/Mergus sp.
Black-headed Duck;Heteronetta atricapilla
Masked Duck;Nomonyx dominicus
Ruddy Duck;Oxyura jamaicensis
Masked/Ruddy Duck;Nomonyx dominicus/Oxyura jamaicensis
Andean Duck;Oxyura ferruginea
Andean Duck (andina);Oxyura ferruginea andina
Andean Duck (ferruginea);Oxyura ferruginea ferruginea
White-headed Duck;Oxyura leucocephala
Ruddy x White-headed Duck (hybrid);Oxyura jamaicensis x leucocephala
Maccoa Duck;Oxyura maccoa
Lake Duck;Oxyura vittata
Andean/Lake Duck;Oxyura ferruginea/vittata
Blue-billed Duck;Oxyura australis
Musk Duck;Biziura lobata
duck sp.;Anatidae (duck sp.)
waterfowl sp.;Anatidae sp.
Australian Brushturkey;Alectura lathami
Australian Brushturkey (Purple-pouched);Alectura lathami purpureicollis
Australian Brushturkey (Yellow-pouched);Alectura lathami lathami
Wattled Brushturkey;Aepypodius arfakianus
Waigeo Brushturkey;Aepypodius bruijnii
Red-billed Brushturkey;Talegalla cuvieri
Yellow-legged Brushturkey;Talegalla fuscirostris
Red-legged Brushturkey;Talegalla jobiensis
Talegalla sp.;Talegalla sp.
Malleefowl;Leipoa ocellata
Maleo;Macrocephalon maleo
Moluccan Megapode;Eulipoa wallacei
Tongan Megapode;Megapodius pritchardii
Micronesian Megapode;Megapodius laperouse
Nicobar Megapode;Megapodius nicobariensis
Philippine Megapode;Megapodius cumingii
Sula Megapode;Megapodius bernsteinii
Tanimbar Megapode;Megapodius tenimberensis
Dusky Megapode;Megapodius freycinet
Dusky Megapode (Dusky);Megapodius freycinet [freycinet Group]
Dusky Megapode (Forsten's);Megapodius freycinet forsteni/buruensis
Biak Megapode;Megapodius geelvinkianus
Melanesian Megapode;Megapodius eremita
Vanuatu Megapode;Megapodius layardi
New Guinea Megapode;Megapodius decollatus
Orange-footed Megapode;Megapodius reinwardt
Highland Guan;Penelopina nigra
Black Guan;Chamaepetes unicolor
Sickle-winged Guan;Chamaepetes goudotii
Sickle-winged Guan (Santa Marta);Chamaepetes goudotii sanctaemarthae
Sickle-winged Guan (West Andean);Chamaepetes goudotii goudotii/fagani
Sickle-winged Guan (East Andean);Chamaepetes goudotii tschudii
Sickle-winged Guan (South Andean);Chamaepetes goudotii rufiventris
Wattled Guan;Aburria aburri
Black-fronted Piping-Guan;Pipile jacutinga
Trinidad Piping-Guan;Pipile pipile
Blue-throated Piping-Guan;Pipile cumanensis
White-throated Piping-Guan;Pipile grayi
Blue-throated/White-throated Piping-Guan;Pipile cumanensis/grayi
Red-throated Piping-Guan;Pipile cujubi
Red-throated Piping-Guan (White-crested);Pipile cujubi nattereri
Red-throated Piping-Guan (Gray-crested);Pipile cujubi cujubi
White-throated x Red-throated Piping-Guan (hybrid);Pipile grayi x cujubi
White-throated/Red-throated Piping-Guan;Pipile grayi/cujubi
Band-tailed Guan;Penelope argyrotis
Band-tailed Guan (Santa Marta);Penelope argyrotis colombiana
Band-tailed Guan (Band-tailed);Penelope argyrotis argyrotis/albicauda
Yungas Guan;Penelope bridgesi
Dusky-legged Guan;Penelope obscura
White-crested Guan;Penelope pileata
Chestnut-bellied Guan;Penelope ochrogaster
White-browed Guan;Penelope jacucaca
Bearded Guan;Penelope barbata
Crested Guan;Penelope purpurascens
Rusty-margined Guan;Penelope superciliaris
Rusty-margined Guan (Blue-faced);Penelope superciliaris pseudonyma
Rusty-margined Guan (Gray-faced);Penelope superciliaris [superciliaris Group]
Dusky-legged/Rusty-margined Guan;Penelope obscura/superciliaris
Marail Guan;Penelope marail
White-winged Guan;Penelope albipennis
Baudo Guan;Penelope ortoni
Andean Guan;Penelope montagnii
Andean Guan (Northern);Penelope montagnii [montagnii Group]
Andean Guan (Southern);Penelope montagnii sclateri/plumosa
Red-faced Guan;Penelope dabbenei
Spix's Guan;Penelope jacquacu
Spix's Guan (Grant's);Penelope jacquacu granti
Spix's Guan (Spix's);Penelope jacquacu [jacquacu Group]
Marail/Spix's Guan;Penelope marail/jacquacu
Cauca Guan;Penelope perspicax
Penelope sp.;Penelope sp.
Horned Guan;Oreophasis derbianus
Nocturnal Curassow;Nothocrax urumutum
Helmeted Curassow;Pauxi pauxi
Sira Curassow;Pauxi koepckeae
Horned Curassow;Pauxi unicornis
Crestless Curassow;Mitu tomentosum
Alagoas Curassow;Mitu mitu
Salvin's Curassow;Mitu salvini
Razor-billed Curassow;Mitu tuberosum
Yellow-knobbed Curassow;Crax daubentoni
Great Curassow;Crax rubra
Blue-billed Curassow;Crax alberti
Wattled Curassow;Crax globulosa
Red-billed Curassow;Crax blumenbachii
Black Curassow;Crax alector
Bare-faced Curassow;Crax fasciolata
Bare-faced Curassow (Belem);Crax fasciolata pinima
Bare-faced Curassow (Bare-faced);Crax fasciolata fasciolata/grayi
curassow sp.;Cracidae sp. (curassow sp.)
Plain Chachalaca;Ortalis vetula
White-bellied Chachalaca;Ortalis leucogastra
West Mexican Chachalaca;Ortalis poliocephala
Rufous-bellied Chachalaca;Ortalis wagleri
West Mexican x Rufous-bellied Chachalaca (hybrid);Ortalis poliocephala x wagleri
Gray-headed Chachalaca;Ortalis cinereiceps
Rufous-headed Chachalaca;Ortalis erythroptera
Variable Chachalaca;Ortalis motmot
Chestnut-headed Chachalaca;Ortalis ruficeps
Chaco Chachalaca;Ortalis canicollis
Colombian Chachalaca;Ortalis columbiana
Speckled Chachalaca;Ortalis guttata
Speckled Chachalaca (Speckled);Ortalis guttata guttata/subaffinis
Speckled Chachalaca (Parana);Ortalis guttata remota
Buff-browed Chachalaca;Ortalis superciliaris
East Brazilian Chachalaca;Ortalis araucuan
Scaled Chachalaca;Ortalis squamata
Chestnut-winged Chachalaca;Ortalis garrula
Rufous-vented Chachalaca;Ortalis ruficauda
Rufous-vented Chachalaca (Rufous-vented);Ortalis ruficauda ruficrissa
Rufous-vented Chachalaca (Rufous-tipped);Ortalis ruficauda ruficauda
chachalaca sp.;Ortalis sp.
Cracidae sp.;Cracidae sp.
Helmeted Guineafowl;Numida meleagris
Helmeted Guineafowl (Moroccan);Numida meleagris sabyi
Helmeted Guineafowl (West African);Numida meleagris galeatus
Helmeted Guineafowl (Helmeted);Numida meleagris meleagris/somaliensis
Helmeted Guineafowl (Reichenow's);Numida meleagris reichenowi
Helmeted Guineafowl (Tufted);Numida meleagris [mitratus Group]
Helmeted Guineafowl (Domestic type);Numida meleagris (Domestic type)
White-breasted Guineafowl;Agelastes meleagrides
Black Guineafowl;Agelastes niger
Vulturine Guineafowl;Acryllium vulturinum
Plumed Guineafowl;Guttera plumifera
Eastern Crested Guineafowl;Guttera pucherani
Western Crested Guineafowl;Guttera verreauxi
Southern Crested Guineafowl;Guttera edouardi
crested guineafowl sp.;Guttera pucherani/verreauxi/edouardi
Stone Partridge;Ptilopachus petrosus
Stone Partridge (Stone);Ptilopachus petrosus petrosus
Stone Partridge (Ethiopian);Ptilopachus petrosus major
Nahan's Partridge;Ptilopachus nahani
Tawny-faced Quail;Rhynchortyx cinctus
Mountain Quail;Oreortyx pictus
Buffy-crowned Wood-Partridge;Dendrortyx leucophrys
Long-tailed Wood-Partridge;Dendrortyx macroura
Bearded Wood-Partridge;Dendrortyx barbatus
Banded Quail;Philortyx fasciatus
Northern Bobwhite;Colinus virginianus
Northern Bobwhite (Eastern);Colinus virginianus [virginianus Group]
Northern Bobwhite (graysoni/nigripectus);Colinus virginianus graysoni/nigripectus
Northern Bobwhite (pectoralis Group);Colinus virginianus [pectoralis Group]
Northern Bobwhite (Masked);Colinus virginianus [coyoleos Group]
Black-throated Bobwhite;Colinus nigrogularis
Spot-bellied Bobwhite;Colinus leucopogon
Spot-bellied Bobwhite (White-breasted);Colinus leucopogon hypoleucus/incanus
Spot-bellied Bobwhite (White-faced);Colinus leucopogon leucopogon
Spot-bellied Bobwhite (Dark-chinned);Colinus leucopogon [sclateri Group]
Crested Bobwhite;Colinus cristatus
Crested Bobwhite (Colombian);Colinus cristatus [cristatus Group]
Crested Bobwhite (Venezuelan);Colinus cristatus [parvicristatus Group]
Scaled Quail;Callipepla squamata
Northern Bobwhite x Scaled Quail (hybrid);Colinus virginianus x Callipepla squamata
Elegant Quail;Callipepla douglasii
California Quail;Callipepla californica
Northern Bobwhite x California Quail (hybrid);Colinus virginianus x Callipepla californica
Scaled x California Quail (hybrid);Callipepla squamata x californica
Gambel's Quail;Callipepla gambelii
Scaled x Gambel's Quail (hybrid);Callipepla squamata x gambelii
California x Gambel's Quail (hybrid);Callipepla californica x gambelii
California/Gambel's Quail;Callipepla californica/gambelii
Montezuma Quail;Cyrtonyx montezumae
Montezuma Quail (Montezuma);Cyrtonyx montezumae [montezumae Group]
Montezuma Quail (Salle's);Cyrtonyx montezumae sallei/rowleyi
Ocellated Quail;Cyrtonyx ocellatus
Singing Quail;Dactylortyx thoracicus
Marbled Wood-Quail;Odontophorus gujanensis
Spot-winged Wood-Quail;Odontophorus capueira
Black-eared Wood-Quail;Odontophorus melanotis
Black-fronted Wood-Quail;Odontophorus atrifrons
Rufous-fronted Wood-Quail;Odontophorus erythrops
Chestnut Wood-Quail;Odontophorus hyperythrus
Dark-backed Wood-Quail;Odontophorus melanonotus
Rufous-breasted Wood-Quail;Odontophorus speciosus
Tacarcuna Wood-Quail;Odontophorus dialeucos
Gorgeted Wood-Quail;Odontophorus strophium
Venezuelan Wood-Quail;Odontophorus columbianus
Black-breasted Wood-Quail;Odontophorus leucolaemus
Pasco Wood-Quail (undescribed form);Odontophorus [undescribed form]
Stripe-faced Wood-Quail;Odontophorus balliviani
Starred Wood-Quail;Odontophorus stellatus
Spotted Wood-Quail;Odontophorus guttatus
wood-quail sp.;Odontophorus sp.
new world quail sp.;Odontophoridae sp.
Udzungwa Partridge;Xenoperdix udzungwensis
Udzungwa Partridge (Udzungwa);Xenoperdix udzungwensis udzungwensis
Udzungwa Partridge (Rubeho);Xenoperdix udzungwensis obscuratus
Ferruginous Partridge;Caloperdix oculeus
Crested Partridge;Rollulus rouloul
Black Partridge;Melanoperdix niger
Hill Partridge;Arborophila torqueola
Sichuan Partridge;Arborophila rufipectus
Chestnut-breasted Partridge;Arborophila mandellii
White-necklaced Partridge;Arborophila gingica
Rufous-throated Partridge;Arborophila rufogularis
Red-billed Partridge;Arborophila rubrirostris
Chestnut-headed Partridge;Arborophila cambodiana
Chestnut-headed Partridge (Siamese);Arborophila cambodiana diversa
Chestnut-headed Partridge (Chestnut-headed);Arborophila cambodiana cambodiana/chandamonyi
Hainan Partridge;Arborophila ardens
Taiwan Partridge;Arborophila crudigularis
White-cheeked Partridge;Arborophila atrogularis
Bar-backed Partridge;Arborophila brunneopectus
Orange-necked Partridge;Arborophila davidi
Red-breasted Partridge;Arborophila hyperythra
Malayan Partridge;Arborophila campbelli
Roll's Partridge;Arborophila rolli
Sumatran Partridge;Arborophila sumatrana
Roll's/Sumatran Partridge;Arborophila rolli/sumatrana
Chestnut-bellied Partridge;Arborophila javanica
Gray-breasted Partridge;Arborophila orientalis
Snow Partridge;Lerwa lerwa
Blood Pheasant;Ithaginis cruentus
Western Tragopan;Tragopan melanocephalus
Satyr Tragopan;Tragopan satyra
Blyth's Tragopan;Tragopan blythii
Temminck's Tragopan;Tragopan temminckii
Cabot's Tragopan;Tragopan caboti
Chestnut-throated Monal-Partridge;Tetraophasis obscurus
Buff-throated Monal-Partridge;Tetraophasis szechenyii
Himalayan Monal;Lophophorus impejanus
Sclater's Monal;Lophophorus sclateri
Sclater's Monal (White-tailed);Lophophorus sclateri arunachalensis
Sclater's Monal (Band-tailed);Lophophorus sclateri sclateri/orientalis
Chinese Monal;Lophophorus lhuysii
Koklass Pheasant;Pucrasia macrolopha
Wild Turkey;Meleagris gallopavo
Wild Turkey (Domestic type);Meleagris gallopavo (Domestic type)
Ocellated Turkey;Meleagris ocellata
Ruffed Grouse;Bonasa umbellus
Hazel Grouse;Tetrastes bonasia
Chinese Grouse;Tetrastes sewerzowi
Greater Sage-Grouse;Centrocercus urophasianus
Gunnison Sage-Grouse;Centrocercus minimus
Greater/Gunnison Sage-Grouse;Centrocercus urophasianus/minimus
Dusky Grouse;Dendragapus obscurus
Sooty Grouse;Dendragapus fuliginosus
Dusky x Sooty Grouse (hybrid);Dendragapus obscurus x fuliginosus
Dusky/Sooty Grouse;Dendragapus obscurus/fuliginosus
Sharp-tailed Grouse;Tympanuchus phasianellus
Greater Sage-Grouse x Sharp-tailed Grouse (hybrid);Centrocercus urophasianus x Tympanuchus phasianellus
Dusky x Sharp-tailed Grouse (hybrid);Dendragapus obscurus x Tympanuchus phasianellus
Greater Prairie-Chicken;Tympanuchus cupido
Greater Prairie-Chicken (pinnatus);Tympanuchus cupido pinnatus
Greater Prairie-Chicken (Heath Hen);Tympanuchus cupido cupido
Greater Prairie-Chicken (Attwater's);Tympanuchus cupido attwateri
Sharp-tailed Grouse x Greater Prairie-Chicken (hybrid);Tympanuchus phasianellus x cupido
Lesser Prairie-Chicken;Tympanuchus pallidicinctus
Greater x Lesser Prairie-Chicken (hybrid);Tympanuchus cupido x pallidicinctus
Greater/Lesser Prairie-Chicken;Tympanuchus cupido/pallidicinctus
White-tailed Ptarmigan;Lagopus leucura
Red Grouse;Lagopus scotica
Willow Ptarmigan;Lagopus lagopus
Rock Ptarmigan;Lagopus muta
ptarmigan sp.;Lagopus sp.
Siberian Grouse;Falcipennis falcipennis
Spruce Grouse;Canachites canadensis
Spruce Grouse (Spruce);Canachites canadensis [canadensis Group]
Spruce Grouse (Franklin's);Canachites canadensis franklinii/isleibi
Spruce Grouse (Spruce x Franklin's);Canachites canadensis [canadensis Group] x franklinii/isleibi
Ruffed/Spruce Grouse;Bonasa umbellus/Canachites canadensis
Western Capercaillie;Tetrao urogallus
Black-billed Capercaillie;Tetrao urogalloides
Western x Black-billed Capercaillie (hybrid);Tetrao urogallus x urogalloides
Western/Black-billed Capercaillie;Tetrao urogallus/urogalloides
Black Grouse;Lyrurus tetrix
Western Capercaillie x Black Grouse (hybrid);Tetrao urogallus x Lyrurus tetrix
Caucasian Grouse;Lyrurus mlokosiewiczi
grouse sp.;Tetraoninae sp.
Long-billed Partridge;Rhizothera longirostris
Dulit Partridge;Rhizothera dulitensis
Tibetan Partridge;Perdix hodgsoniae
Gray Partridge;Perdix perdix
Daurian Partridge;Perdix dauurica
Copper Pheasant;Syrmaticus soemmerringii
Reeves's Pheasant;Syrmaticus reevesii
Mikado Pheasant;Syrmaticus mikado
Elliot's Pheasant;Syrmaticus ellioti
Mrs. Hume's Pheasant;Syrmaticus humiae
Golden Pheasant;Chrysolophus pictus
Golden Pheasant (Domestic type);Chrysolophus pictus (Domestic type)
Lady Amherst's Pheasant;Chrysolophus amherstiae
Golden x Lady Amherst's Pheasant (hybrid);Chrysolophus pictus x amherstiae
Ring-necked Pheasant;Phasianus colchicus
Ring-necked Pheasant (Domestic type);Phasianus colchicus (Domestic type)
Green Pheasant;Phasianus versicolor
Ring-necked x Green Pheasant (hybrid);Phasianus colchicus x versicolor
Ring-necked/Green Pheasant;Phasianus colchicus/versicolor
Cheer Pheasant;Catreus wallichii
Tibetan Eared-Pheasant;Crossoptilon harmani
White Eared-Pheasant;Crossoptilon crossoptilon
Tibetan x White Eared-Pheasant (hybrid);Crossoptilon harmani x crossoptilon
Tibetan/White Eared-Pheasant;Crossoptilon harmani/crossoptilon
Brown Eared-Pheasant;Crossoptilon mantchuricum
Blue Eared-Pheasant;Crossoptilon auritum
Edwards's Pheasant;Lophura edwardsi
Swinhoe's Pheasant;Lophura swinhoii
Bulwer's Pheasant;Lophura bulweri
Kalij Pheasant;Lophura leucomelanos
Silver Pheasant;Lophura nycthemera
Edwards's x Silver Pheasant (hybrid);Lophura edwardsi x nycthemera
Kalij x Silver Pheasant (hybrid);Lophura leucomelanos x nycthemera
Malayan Crestless Fireback;Lophura erythrophthalma
Bornean Crestless Fireback;Lophura pyronota
Siamese Fireback;Lophura diardi
Salvadori's Pheasant;Lophura inornata
Salvadori's Pheasant (Hoogerwerf's);Lophura inornata hoogerwerfi
Salvadori's Pheasant (Salvadori's);Lophura inornata inornata
Malayan Crested Fireback;Lophura rufa
Bornean Crested Fireback;Lophura ignita
Vietnamese Crested Argus;Rheinardia ocellata
Malayan Crested Argus;Rheinardia nigrescens
Great Argus;Argusianus argus
Congo Peacock;Afropavo congensis
Indian Peafowl;Pavo cristatus
Indian Peafowl (Domestic type);Pavo cristatus (Domestic type)
Green Peafowl;Pavo muticus
Indian x Green Peafowl (hybrid);Pavo cristatus x muticus
Scaly-breasted Partridge;Tropicoperdix chloropus
Scaly-breasted Partridge (Tonkin);Tropicoperdix chloropus tonkinensis
Scaly-breasted Partridge (Green-legged);Tropicoperdix chloropus [chloropus Group]
Chestnut-necklaced Partridge;Tropicoperdix charltonii
Sabah Partridge;Tropicoperdix graydoni
Arborophila/Tropicoperdix sp.;Arborophila/Tropicoperdix sp.
Crimson-headed Partridge;Haematortyx sanguiniceps
Red Spurfowl;Galloperdix spadicea
Painted Spurfowl;Galloperdix lunulata
Red/Painted Spurfowl;Galloperdix spadicea/lunulata
Sri Lanka Spurfowl;Galloperdix bicalcarata
Palawan Peacock-Pheasant;Polyplectron napoleonis
Bornean Peacock-Pheasant;Polyplectron schleiermacheri
Malayan Peacock-Pheasant;Polyplectron malacense
Germain's Peacock-Pheasant;Polyplectron germaini
Hainan Peacock-Pheasant;Polyplectron katsumatae
Gray Peacock-Pheasant;Polyplectron bicalcaratum
Mountain Peacock-Pheasant;Polyplectron inopinatum
Bronze-tailed Peacock-Pheasant;Polyplectron chalcurum
pheasant sp.;Phasianidae sp. (pheasant sp.)
Mountain Bamboo-Partridge;Bambusicola fytchii
Chinese Bamboo-Partridge;Bambusicola thoracicus
Taiwan Bamboo-Partridge;Bambusicola sonorivox
Chinese/Taiwan Bamboo-Partridge;Bambusicola thoracicus/sonorivox
Green Junglefowl;Gallus varius
Red Junglefowl;Gallus gallus
Red Junglefowl (Domestic type);Gallus gallus (Domestic type)
Gray Junglefowl;Gallus sonneratii
Sri Lanka Junglefowl;Gallus lafayettii
Latham's Francolin;Peliperdix lathami
Crested Francolin;Ortygornis sephaena
Crested Francolin (Kirk's);Ortygornis sephaena rovuma
Crested Francolin (Crested);Ortygornis sephaena [sephaena Group]
Gray Francolin;Ortygornis pondicerianus
Swamp Francolin;Ortygornis gularis
Chinese Francolin;Francolinus pintadeanus
Black Francolin;Francolinus francolinus
Black Francolin (Western);Francolinus francolinus francolinus/arabistanicus
Black Francolin (Eastern);Francolinus francolinus [henrici Group]
Painted Francolin;Francolinus pictus
Coqui Francolin;Campocolinus coqui
Coqui Francolin (Plain-breasted);Campocolinus coqui [hubbardi Group]
Coqui Francolin (Bar-breasted);Campocolinus coqui coqui
White-throated Francolin;Campocolinus albogularis
White-throated Francolin (White-throated);Campocolinus albogularis albogularis/buckleyi
White-throated Francolin (Chestnut-breasted);Campocolinus albogularis dewittei
Schlegel's Francolin;Campocolinus schlegelii
Ring-necked Francolin;Scleroptila streptophora
Red-winged Francolin;Scleroptila levaillantii
Finsch's Francolin;Scleroptila finschi
Moorland Francolin;Scleroptila psilolaema
Elgon Francolin;Scleroptila elgonensis
Gray-winged Francolin;Scleroptila afra
Orange River Francolin;Scleroptila gutturalis
Orange River Francolin (Archer's);Scleroptila gutturalis gutturalis/lorti
Orange River Francolin (Kunene);Scleroptila gutturalis jugularis
Orange River Francolin (Orange River);Scleroptila gutturalis levalliantoides
Shelley's Francolin;Scleroptila shelleyi
Whyte's Francolin;Scleroptila whytei
Shelley's/Whyte's Francolin;Scleroptila shelleyi/whytei
Tibetan Snowcock;Tetraogallus tibetanus
Altai Snowcock;Tetraogallus altaicus
Caucasian Snowcock;Tetraogallus caucasicus
Caspian Snowcock;Tetraogallus caspius
Himalayan Snowcock;Tetraogallus himalayensis
Tibetan/Himalayan Snowcock;Tetraogallus tibetanus/himalayensis
See-see Partridge;Ammoperdix griseogularis
Sand Partridge;Ammoperdix heyi
Brown Quail;Synoicus ypsilophorus
Snow Mountain Quail;Synoicus monorthonyx
Blue-breasted Quail;Synoicus chinensis
Blue-breasted Quail (Domestic type);Synoicus chinensis (Domestic type)
Blue Quail;Synoicus adansonii
Madagascar Partridge;Margaroperdix madagarensis
Common Quail;Coturnix coturnix
Japanese Quail;Coturnix japonica
Japanese Quail (Domestic type);Coturnix japonica (Domestic type)
Harlequin Quail;Coturnix delegorguei
Rain Quail;Coturnix coromandelica
Common/Rain Quail;Coturnix coturnix/coromandelica
Stubble Quail;Coturnix pectoralis
New Zealand Quail;Coturnix novaezelandiae
old world quail sp.;Synoicus/Coturnix sp.
Barbary Partridge;Alectoris barbara
Arabian Partridge;Alectoris melanocephala
Red-legged Partridge;Alectoris rufa
Chukar;Alectoris chukar
Rock Partridge;Alectoris graeca
Rock Partridge (European);Alectoris graeca [graeca Group]
Rock Partridge (Sicilian);Alectoris graeca whitakeri
Red-legged x Rock Partridge (hybrid);Alectoris rufa x graeca
Chukar x Rock Partridge (hybrid);Alectoris chukar x graeca
Red-legged/Rock Partridge;Alectoris rufa/graeca
Philby's Partridge;Alectoris philbyi
Przevalski's Partridge;Alectoris magna
Alectoris sp.;Alectoris sp.
Jungle Bush-Quail;Perdicula asiatica
Rock Bush-Quail;Perdicula argoondah
Jungle/Rock Bush-Quail;Perdicula asiatica/argoondah
Painted Bush-Quail;Perdicula erythrorhyncha
Manipur Bush-Quail;Perdicula manipurensis
Himalayan Quail;Ophrysia superciliosa
Hartlaub's Spurfowl;Pternistis hartlaubi
Mount Cameroon Spurfowl;Pternistis camerunensis
Handsome Spurfowl;Pternistis nobilis
Chestnut-naped Spurfowl;Pternistis castaneicollis
Chestnut-naped Spurfowl (Northern);Pternistis castaneicollis castaneicollis
Chestnut-naped Spurfowl (Black-fronted);Pternistis castaneicollis atrifrons
Erckel's Spurfowl;Pternistis erckelii
Djibouti Spurfowl;Pternistis ochropectus
Swierstra's Spurfowl;Pternistis swierstrai
Ahanta Spurfowl;Pternistis ahantensis
Gray-striped Spurfowl;Pternistis griseostriatus
Jackson's Spurfowl;Pternistis jacksoni
Red-billed Spurfowl;Pternistis adspersus
Cape Spurfowl;Pternistis capensis
Natal Spurfowl;Pternistis natalensis
Hildebrandt's Spurfowl;Pternistis hildebrandti
Double-spurred Spurfowl;Pternistis bicalcaratus
Scaly Spurfowl;Pternistis squamatus
Heuglin's Spurfowl;Pternistis icterorhynchus
Clapperton's Spurfowl;Pternistis clappertoni
Harwood's Spurfowl;Pternistis harwoodi
Swainson's Spurfowl;Pternistis swainsonii
Yellow-necked Spurfowl;Pternistis leucoscepus
Gray-breasted Spurfowl;Pternistis rufopictus
Red-necked Spurfowl;Pternistis afer
Red-necked Spurfowl (Cranch's);Pternistis afer cranchii/harterti
Red-necked Spurfowl (Northern);Pternistis afer [leucoparaeus Group]
Red-necked Spurfowl (Benguela);Pternistis afer afer
Red-necked Spurfowl (Southern);Pternistis afer castaneiventer
francolin/spurfowl sp.;Phasianidae sp. (francolin/spurfowl sp.)
Rock Pigeon;Columba livia
Rock Pigeon (Wild type);Columba livia (Wild type)
Rock Pigeon (Feral Pigeon);Columba livia (Feral Pigeon)
Hill Pigeon;Columba rupestris
Rock/Hill Pigeon;Columba livia/rupestris
Snow Pigeon;Columba leuconota
Speckled Pigeon;Columba guinea
White-collared Pigeon;Columba albitorques
Stock Dove;Columba oenas
Yellow-eyed Pigeon;Columba eversmanni
Somali Pigeon;Columba oliviae
Common Wood-Pigeon;Columba palumbus
Common Wood-Pigeon (White-necked);Columba palumbus [palumbus Group]
Common Wood-Pigeon (Cinnamon-necked);Columba palumbus casiotis
Trocaz Pigeon;Columba trocaz
Bolle's Pigeon;Columba bollii
Afep Pigeon;Columba unicincta
Laurel Pigeon;Columba junoniae
Rameron Pigeon;Columba arquatrix
Cameroon Pigeon;Columba sjostedti
Maroon Pigeon;Columba thomensis
Eastern Bronze-naped Pigeon;Columba delegorguei
Eastern Bronze-naped Pigeon (Northern);Columba delegorguei sharpei
Eastern Bronze-naped Pigeon (Southern);Columba delegorguei delegorguei
Western Bronze-naped Pigeon;Columba iriditorques
Sao Tome Pigeon;Columba malherbii
Mauritius Wood-Pigeon;Columba thiriouxi
Comoro Pigeon;Columba pollenii
Speckled Wood-Pigeon;Columba hodgsonii
White-naped Pigeon;Columba albinucha
Ashy Wood-Pigeon;Columba pulchricollis
Nilgiri Wood-Pigeon;Columba elphinstonii
Sri Lanka Wood-Pigeon;Columba torringtoniae
Pale-capped Pigeon;Columba punicea
Silvery Wood-Pigeon;Columba argentina
Andaman Wood-Pigeon;Columba palumboides
Black Wood-Pigeon;Columba janthina
Ryukyu Pigeon;Columba jouyi
Bonin Pigeon;Columba versicolor
Metallic Pigeon;Columba vitiensis
Metallic Pigeon (Metallic);Columba vitiensis [vitiensis Group]
Metallic Pigeon (Samoan);Columba vitiensis castaneiceps
White-headed Pigeon;Columba leucomela
Yellow-legged Pigeon;Columba pallidiceps
Columba sp.;Columba sp.
Lemon Dove;Aplopelia larvata
Lemon Dove (Western);Aplopelia larvata inornata
Lemon Dove (Principe);Aplopelia larvata principalis
Lemon Dove (Sao Tome);Aplopelia larvata simplex
Lemon Dove (Lemon);Aplopelia larvata larvata/bronzina
Pale-vented Pigeon;Patagioenas cayennensis
Scaled Pigeon;Patagioenas speciosa
Scaly-naped Pigeon;Patagioenas squamosa
Picazuro Pigeon;Patagioenas picazuro
Bare-eyed Pigeon;Patagioenas corensis
Spot-winged Pigeon;Patagioenas maculosa
Spot-winged Pigeon (albipennis);Patagioenas maculosa albipennis
Spot-winged Pigeon (maculosa);Patagioenas maculosa maculosa
White-crowned Pigeon;Patagioenas leucocephala
Red-billed Pigeon;Patagioenas flavirostris
Plain Pigeon;Patagioenas inornata
Band-tailed Pigeon;Patagioenas fasciata
Band-tailed Pigeon (Northern);Patagioenas fasciata [fasciata Group]
Band-tailed Pigeon (Viosca's);Patagioenas fasciata vioscae
Band-tailed Pigeon (White-necked);Patagioenas fasciata [albilinea Group]
Rock/Band-tailed Pigeon;Columba livia/Patagioenas fasciata
Chilean Pigeon;Patagioenas araucana
Ring-tailed Pigeon;Patagioenas caribaea
Peruvian Pigeon;Patagioenas oenops
Plumbeous Pigeon;Patagioenas plumbea
Ruddy Pigeon;Patagioenas subvinacea
Ruddy Pigeon (Berlepsch's);Patagioenas subvinacea subvinacea/berlepschi
Ruddy Pigeon (Ruddy);Patagioenas subvinacea [purpureotincta Group]
Plumbeous/Ruddy Pigeon;Patagioenas plumbea/subvinacea
Short-billed Pigeon;Patagioenas nigrirostris
Ruddy/Short-billed Pigeon;Patagioenas subvinacea/nigrirostris
Dusky Pigeon;Patagioenas goodsoni
Patagioenas sp.;Patagioenas sp.
Passenger Pigeon;Ectopistes migratorius
Malagasy Turtle-Dove;Nesoenas picturatus
Pink Pigeon;Nesoenas mayeri
Mauritius Turtle-Dove;Nesoenas cicur
Rodrigues Turtle-Dove;Nesoenas rodericanus
European Turtle-Dove;Streptopelia turtur
Dusky Turtle-Dove;Streptopelia lugens
Adamawa Turtle-Dove;Streptopelia hypopyrrha
Oriental Turtle-Dove;Streptopelia orientalis
Sunda Collared-Dove;Streptopelia bitorquata
Philippine Collared-Dove;Streptopelia dusumieri
Eurasian Collared-Dove;Streptopelia decaocto
European Turtle-Dove x Eurasian Collared-Dove (hybrid);Streptopelia turtur x decaocto
Oriental Turtle-Dove x Eurasian Collared-Dove (hybrid);Streptopelia orientalis x decaocto
Burmese Collared-Dove;Streptopelia xanthocycla
Eurasian/Burmese Collared-Dove;Streptopelia decaocto/xanthocycla
African Collared-Dove;Streptopelia roseogrisea
African Collared-Dove (Domestic type or Ringed Turtle-Dove);Streptopelia roseogrisea (Domestic type)
Eurasian x African Collared-Dove (hybrid);Streptopelia decaocto x roseogrisea
Eurasian/African Collared-Dove;Streptopelia decaocto/roseogrisea
White-winged Collared-Dove;Streptopelia reichenowi
Mourning Collared-Dove;Streptopelia decipiens
Red-eyed Dove;Streptopelia semitorquata
Ring-necked Dove;Streptopelia capicola
Vinaceous Dove;Streptopelia vinacea
Red Collared-Dove;Streptopelia tranquebarica
Eurasian/Red Collared-Dove;Streptopelia decaocto/tranquebarica
Streptopelia sp.;Streptopelia sp.
Spotted Dove;Spilopelia chinensis
Spotted Dove (Western);Spilopelia chinensis suratensis/ceylonensis
Spotted Dove (Eastern);Spilopelia chinensis chinensis/tigrina
Laughing Dove;Spilopelia senegalensis
Barred Cuckoo-Dove;Macropygia unchall
Brown Cuckoo-Dove;Macropygia phasianella
Flores Sea Cuckoo-Dove;Macropygia macassariensis
Timor Cuckoo-Dove;Macropygia magna
Tanimbar Cuckoo-Dove;Macropygia timorlaoensis
Amboyna Cuckoo-Dove;Macropygia amboinensis
Sultan's Cuckoo-Dove;Macropygia doreya
Sultan's Cuckoo-Dove (Sulawesi);Macropygia doreya [albicapilla Group]
Sultan's Cuckoo-Dove (Sultan's);Macropygia doreya [doreya Group]
Amboyna/Sultan's Cuckoo-Dove;Macropygia amboinensis/doreya
Andaman Cuckoo-Dove;Macropygia rufipennis
Philippine Cuckoo-Dove;Macropygia tenuirostris
Palawan Cuckoo-Dove (undescribed form);Macropygia [undescribed form]
Ruddy Cuckoo-Dove;Macropygia emiliana
Enggano Cuckoo-Dove;Macropygia cinnamomea
Barusan Cuckoo-Dove;Macropygia modiglianii
Black-billed Cuckoo-Dove;Macropygia nigrirostris
Spot-breasted Cuckoo-Dove;Macropygia mackinlayi
Little Cuckoo-Dove;Macropygia ruficeps
Little Cuckoo-Dove (Eucalypt);Macropygia ruficeps [undescribed form]
Macropygia sp.;Macropygia sp.
Great Cuckoo-Dove;Reinwardtoena reinwardti
Pied Cuckoo-Dove;Reinwardtoena browni
Crested Cuckoo-Dove;Reinwardtoena crassirostris
White-faced Cuckoo-Dove;Turacoena manadensis
Sula Cuckoo-Dove;Turacoena sulaensis
Slaty Cuckoo-Dove;Turacoena modesta
Emerald-spotted Wood-Dove;Turtur chalcospilos
Black-billed Wood-Dove;Turtur abyssinicus
Blue-spotted Wood-Dove;Turtur afer
Tambourine Dove;Turtur tympanistria
Blue-headed Wood-Dove;Turtur brehmeri
Turtur sp.;Turtur sp.
Namaqua Dove;Oena capensis
Asian Emerald Dove;Chalcophaps indica
Pacific Emerald Dove;Chalcophaps longirostris
Asian x Pacific Emerald Dove (hybrid);Chalcophaps indica x longirostris
Asian/Pacific Emerald Dove;Chalcophaps indica/longirostris
Stephan's Dove;Chalcophaps stephani
New Guinea Bronzewing;Henicophaps albifrons
New Britain Bronzewing;Henicophaps foersteri
Wetar Ground Dove;Pampusana hoedtii
Shy Ground Dove;Pampusana stairi
Santa Cruz Ground Dove;Pampusana sanctaecrucis
Thick-billed Ground Dove;Pampusana salamonis
Tanna Ground Dove;Pampusana ferruginea
Bronze Ground Dove;Pampusana beccarii
Bronze Ground Dove (Western);Pampusana beccarii beccarii
Bronze Ground Dove (Eastern);Pampusana beccarii [johannae Group]
Palau Ground Dove;Pampusana canifrons
White-bibbed Ground Dove;Pampusana jobiensis
Marquesan Ground Dove;Pampusana rubescens
Caroline Islands Ground Dove;Pampusana kubaryi
Polynesian Ground Dove;Pampusana erythroptera
White-throated Ground Dove;Pampusana xanthonura
Norfolk Ground Dove;Pampusana norfolkensis
Common Bronzewing;Phaps chalcoptera
Brush Bronzewing;Phaps elegans
Common/Brush Bronzewing;Phaps chalcoptera/elegans
Flock Bronzewing;Phaps histrionica
Crested Pigeon;Ocyphaps lophotes
Spinifex Pigeon;Geophaps plumifera
Spinifex Pigeon (Rufous-bellied);Geophaps plumifera ferruginea
Spinifex Pigeon (White-bellied);Geophaps plumifera plumifera/leucogaster
Squatter Pigeon;Geophaps scripta
Partridge Pigeon;Geophaps smithii
Partridge Pigeon (Yellow-faced);Geophaps smithii blaauwi
Partridge Pigeon (Red-faced);Geophaps smithii smithii
Chestnut-quilled Rock-Pigeon;Petrophassa rufipennis
White-quilled Rock-Pigeon;Petrophassa albipennis
Wonga Pigeon;Leucosarcia melanoleuca
Diamond Dove;Geopelia cuneata
Zebra Dove;Geopelia striata
Peaceful Dove;Geopelia placida
Barred Dove;Geopelia maugeus
Bar-shouldered Dove;Geopelia humeralis
Inca Dove;Columbina inca
Common Ground Dove;Columbina passerina
Inca x Common Ground Dove (hybrid);Columbina inca x passerina
Plain-breasted Ground Dove;Columbina minuta
Ruddy Ground Dove;Columbina talpacoti
Common x Ruddy Ground Dove (hybrid);Columbina passerina x talpacoti
Common/Ruddy Ground Dove;Columbina passerina/talpacoti
Ecuadorian Ground Dove;Columbina buckleyi
Scaled Dove;Columbina squammata
Ruddy Ground x Scaled Dove (hybrid);Columbina talpacoti x squammata
Picui Ground Dove;Columbina picui
Croaking Ground Dove;Columbina cruziana
Blue-eyed Ground Dove;Columbina cyanopis
ground dove/Inca Dove;Columbina sp.
Blue Ground Dove;Claravis pretiosa
Maroon-chested Ground Dove;Paraclaravis mondetoura
Purple-winged Ground Dove;Paraclaravis geoffroyi
Bare-faced Ground Dove;Metriopelia ceciliae
Bare-eyed Ground Dove;Metriopelia morenoi
Black-winged Ground Dove;Metriopelia melanoptera
Golden-spotted Ground Dove;Metriopelia aymara
Metriopelia sp.;Metriopelia sp.
Long-tailed Ground Dove;Uropelia campestris
Blue-headed Quail-Dove;Starnoenas cyanocephala
Purple Quail-Dove;Geotrygon purpurata
Sapphire Quail-Dove;Geotrygon saphirina
Crested Quail-Dove;Geotrygon versicolor
Ruddy Quail-Dove;Geotrygon montana
Ruddy Quail-Dove (Ruddy);Geotrygon montana montana
Ruddy Quail-Dove (Martinique);Geotrygon montana martinica
Violaceous Quail-Dove;Geotrygon violacea
Gray-fronted Quail-Dove;Geotrygon caniceps
White-fronted Quail-Dove;Geotrygon leucometopia
Key West Quail-Dove;Geotrygon chrysia
Bridled Quail-Dove;Geotrygon mystacea
Olive-backed Quail-Dove;Leptotrygon veraguensis
White-tipped Dove;Leptotila verreauxi
White-tipped Dove (White-tipped);Leptotila verreauxi [verreauxi Group]
White-tipped Dove (decolor);Leptotila verreauxi decolor
White-tipped Dove (brasiliensis Group);Leptotila verreauxi [brasiliensis Group]
Caribbean Dove;Leptotila jamaicensis
Gray-chested Dove;Leptotila cassinii
Gray-chested Dove (cerviniventris);Leptotila cassinii cerviniventris
Gray-chested Dove (rufinucha);Leptotila cassinii rufinucha
Gray-chested Dove (cassinii);Leptotila cassinii cassinii
Tolima Dove;Leptotila conoveri
Ochre-bellied Dove;Leptotila ochraceiventris
Gray-headed Dove;Leptotila plumbeiceps
Gray-headed Dove (Gray-headed);Leptotila plumbeiceps plumbeiceps/notia
Gray-headed Dove (Brown-backed);Leptotila plumbeiceps battyi/malae
Gray-fronted Dove;Leptotila rufaxilla
Grenada Dove;Leptotila wellsi
Pallid Dove;Leptotila pallida
Large-tailed Dove;Leptotila megalura
Leptotila sp.;Leptotila sp.
Tuxtla Quail-Dove;Zentrygon carrikeri
Buff-fronted Quail-Dove;Zentrygon costaricensis
Purplish-backed Quail-Dove;Zentrygon lawrencii
White-faced Quail-Dove;Zentrygon albifacies
White-throated Quail-Dove;Zentrygon frenata
Lined Quail-Dove;Zentrygon linearis
Lined Quail-Dove (linearis);Zentrygon linearis linearis
Lined Quail-Dove (trinitatis);Zentrygon linearis trinitatis
Chiriqui Quail-Dove;Zentrygon chiriquensis
Russet-crowned Quail-Dove;Zentrygon goldmani
quail-dove sp.;Geotrygon/Leptotrygon/Zentrygon sp.
West Peruvian Dove;Zenaida meloda
White-winged Dove;Zenaida asiatica
Zenaida Dove;Zenaida aurita
Galapagos Dove;Zenaida galapagoensis
Eared Dove;Zenaida auriculata
Mourning Dove;Zenaida macroura
Eurasian Collared-Dove x Mourning Dove (hybrid);Streptopelia decaocto x Zenaida macroura
White-winged x Mourning Dove (hybrid);Zenaida asiatica x macroura
Zenaida/Mourning Dove;Zenaida aurita/macroura
Eared/Mourning Dove;Zenaida auriculata/macroura
Socorro Dove;Zenaida graysoni
Nicobar Pigeon;Caloenas nicobarica
Spotted Green Pigeon;Caloenas maculata
Dodo;Raphus cucullatus
Rodrigues Solitaire;Pezophaps solitaria
Sulawesi Ground Dove;Gallicolumba tristigmata
Cinnamon Ground Dove;Gallicolumba rufigula
Mindoro Bleeding-heart;Gallicolumba platenae
Negros Bleeding-heart;Gallicolumba keayi
Sulu Bleeding-heart;Gallicolumba menagei
Luzon Bleeding-heart;Gallicolumba luzonica
Mindanao Bleeding-heart;Gallicolumba crinigera
Choiseul Pigeon;Microgoura meeki
Thick-billed Ground-Pigeon;Trugon terrestris
Pheasant Pigeon;Otidiphaps nobilis
Pheasant Pigeon (Green-naped);Otidiphaps nobilis nobilis
Pheasant Pigeon (White-naped);Otidiphaps nobilis aruensis
Pheasant Pigeon (Gray-naped);Otidiphaps nobilis cervicalis
Pheasant Pigeon (Black-naped);Otidiphaps nobilis insularis
Western Crowned-Pigeon;Goura cristata
Sclater's Crowned-Pigeon;Goura sclaterii
Scheepmaker's Crowned-Pigeon;Goura scheepmakeri
Victoria Crowned-Pigeon;Goura victoria
crowned-pigeon sp.;Goura sp.
Tooth-billed Pigeon;Didunculus strigirostris
White-eared Brown-Dove;Phapitreron leucotis
White-eared Brown-Dove (White-eared);Phapitreron leucotis leucotis
White-eared Brown-Dove (Buff-eared);Phapitreron leucotis nigrorum
White-eared Brown-Dove (Short-billed);Phapitreron leucotis brevirostris/occipitalis
Amethyst Brown-Dove;Phapitreron amethystinus
Amethyst Brown-Dove (Amethyst);Phapitreron amethystinus amethystinus/imeldae
Amethyst Brown-Dove (Gray-breasted);Phapitreron amethystinus maculipectus
Amethyst Brown-Dove (Cebu);Phapitreron amethystinus frontalis
Mindanao Brown-Dove;Phapitreron brunneiceps
Tawitawi Brown-Dove;Phapitreron cinereiceps
brown-dove sp.;Phapitreron sp.
Little Green-Pigeon;Treron olax
Pink-necked Green-Pigeon;Treron vernans
Cinnamon-headed Green-Pigeon;Treron fulvicollis
Orange-breasted Green-Pigeon;Treron bicinctus
Sri Lanka Green-Pigeon;Treron pompadora
Gray-fronted Green-Pigeon;Treron affinis
Andaman Green-Pigeon;Treron chloropterus
Ashy-headed Green-Pigeon;Treron phayrei
Philippine Green-Pigeon;Treron axillaris
Buru Green-Pigeon;Treron aromaticus
Thick-billed Green-Pigeon;Treron curvirostra
Thick-billed Green-Pigeon (Thick-billed);Treron curvirostra [curvirostra Group]
Thick-billed Green-Pigeon (Barusan);Treron curvirostra hypothapsinus/smicrus
Gray-cheeked Green-Pigeon;Treron griseicauda
Sumba Green-Pigeon;Treron teysmannii
Flores Green-Pigeon;Treron floris
Timor Green-Pigeon;Treron psittaceus
Large Green-Pigeon;Treron capellei
Yellow-footed Green-Pigeon;Treron phoenicopterus
Yellow-footed Green-Pigeon (Yellow-bellied);Treron phoenicopterus chlorigaster/phillipsi
Yellow-footed Green-Pigeon (Gray-bellied);Treron phoenicopterus [phoenicopterus Group]
Bruce's Green-Pigeon;Treron waalia
Comoro Green-Pigeon;Treron griveaudi
Madagascar Green-Pigeon;Treron australis
Pemba Green-Pigeon;Treron pembaensis
Sao Tome Green-Pigeon;Treron sanctithomae
Yellow-vented Green-Pigeon;Treron seimundi
Pin-tailed Green-Pigeon;Treron apicauda
African Green-Pigeon;Treron calvus
African Green-Pigeon (African);Treron calvus [calvus Group]
African Green-Pigeon (Gray-breasted);Treron calvus delalandii/granti
Sumatran Green-Pigeon;Treron oxyurus
Wedge-tailed Green-Pigeon;Treron sphenurus
White-bellied Green-Pigeon;Treron sieboldii
Whistling Green-Pigeon;Treron formosae
Whistling Green-Pigeon (Ryukyu);Treron formosae permagnus/medioximus
Whistling Green-Pigeon (Taiwan);Treron formosae formosae/filipinus
green-pigeon sp.;Treron sp.
Scarlet-breasted Fruit-Dove;Megaloprepia formosa
Wompoo Fruit-Dove;Megaloprepia magnifica
Flame-breasted Fruit-Dove;Ramphiculus marchei
Cream-breasted Fruit-Dove;Ramphiculus merrilli
Yellow-breasted Fruit-Dove;Ramphiculus occipitalis
Red-eared Fruit-Dove;Ramphiculus fischeri
Red-eared Fruit-Dove (Red-eared);Ramphiculus fischeri fischeri/centralis
Red-eared Fruit-Dove (Lompobattang);Ramphiculus fischeri meridionalis
Jambu Fruit-Dove;Ramphiculus jambu
Black-chinned Fruit-Dove;Ramphiculus leclancheri
Sula Fruit-Dove;Ramphiculus mangoliensis
Maroon-chinned Fruit-Dove;Ramphiculus gularis
Banggai Fruit-Dove;Ramphiculus subgularis
Seychelles Blue-Pigeon;Alectroenas pulcherrimus
Rodrigues Blue-Pigeon;Alectroenas payandeei
Comoro Blue-Pigeon;Alectroenas sganzini
Madagascar Blue-Pigeon;Alectroenas madagascariensis
Mauritius Blue-Pigeon;Alectroenas nitidissimus
Golden Dove;Ptilinopus luteovirens
Whistling Dove;Ptilinopus layardi
Orange Dove;Ptilinopus victor
Negros Fruit-Dove;Ptilinopus arcanus
Black-naped Fruit-Dove;Ptilinopus melanospilus
Cloven-feathered Dove;Ptilinopus holosericea
Dwarf Fruit-Dove;Ptilinopus nainus
Pink-headed Fruit-Dove;Ptilinopus porphyreus
Black-banded Fruit-Dove;Ptilinopus alligator
Black-backed Fruit-Dove;Ptilinopus cinctus
Red-naped Fruit-Dove;Ptilinopus dohertyi
Superb Fruit-Dove;Ptilinopus superbus
Superb Fruit-Dove (Western);Ptilinopus superbus temminckii
Superb Fruit-Dove (Eastern);Ptilinopus superbus superbus
White-breasted Fruit-Dove;Ptilinopus rivoli
White-breasted Fruit-Dove (Moluccan);Ptilinopus rivoli prasinorrhous
White-breasted Fruit-Dove (Mountain);Ptilinopus rivoli bellus
White-breasted Fruit-Dove (White-bibbed);Ptilinopus rivoli [rivoli Group]
Geelvink Fruit-Dove;Ptilinopus speciosus
Yellow-bibbed Fruit-Dove;Ptilinopus solomonensis
Tanna Fruit-Dove;Ptilinopus tannensis
Orange-bellied Fruit-Dove;Ptilinopus iozonus
White-headed Fruit-Dove;Ptilinopus eugeniae
Claret-breasted Fruit-Dove;Ptilinopus viridis
Claret-breasted Fruit-Dove (Moluccan);Ptilinopus viridis viridis
Claret-breasted Fruit-Dove (Northern);Ptilinopus viridis pectoralis/salvadorii
Claret-breasted Fruit-Dove (Geelvink);Ptilinopus viridis geelvinkianus
Claret-breasted Fruit-Dove (D'Entrecasteaux);Ptilinopus viridis vicinus
Claret-breasted Fruit-Dove (Solomons);Ptilinopus viridis lewisii
Gray-headed Fruit-Dove;Ptilinopus hyogastrus
Carunculated Fruit-Dove;Ptilinopus granulifrons
Pink-spotted Fruit-Dove;Ptilinopus perlatus
Wallace's Fruit-Dove;Ptilinopus wallacii
Orange-fronted Fruit-Dove;Ptilinopus aurantiifrons
Ornate Fruit-Dove;Ptilinopus ornatus
Ornate Fruit-Dove (Western);Ptilinopus ornatus ornatus
Ornate Fruit-Dove (Eastern);Ptilinopus ornatus gestroi
Knob-billed Fruit-Dove;Ptilinopus insolitus
Beautiful Fruit-Dove;Ptilinopus pulchellus
Blue-capped Fruit-Dove;Ptilinopus monacha
Coroneted Fruit-Dove;Ptilinopus coronulatus
Rose-crowned Fruit-Dove;Ptilinopus regina
Rose-crowned Fruit-Dove (Gray-crowned);Ptilinopus regina xanthogaster/roseipileum
Rose-crowned Fruit-Dove (Rosy-crowned);Ptilinopus regina [regina Group]
Red-moustached Fruit-Dove;Ptilinopus mercierii
White-capped Fruit-Dove;Ptilinopus dupetithouarsii
Red-bellied Fruit-Dove;Ptilinopus greyi
Crimson-crowned Fruit-Dove;Ptilinopus porphyraceus
Crimson-crowned Fruit-Dove (Tongan);Ptilinopus porphyraceus porphyraceus
Crimson-crowned Fruit-Dove (Samoan);Ptilinopus porphyraceus fasciatus
Palau Fruit-Dove;Ptilinopus pelewensis
Mariana Fruit-Dove;Ptilinopus roseicapilla
Silver-capped Fruit-Dove;Ptilinopus richardsii
Many-colored Fruit-Dove;Ptilinopus perousii
Purple-capped Fruit-Dove;Ptilinopus ponapensis
Rapa Fruit-Dove;Ptilinopus huttoni
Henderson Island Fruit-Dove;Ptilinopus insularis
Atoll Fruit-Dove;Ptilinopus coralensis
Makatea Fruit-Dove;Ptilinopus chalcurus
Cook Islands Fruit-Dove;Ptilinopus rarotongensis
Raiatea Fruit-Dove;Ptilinopus chrysogaster
Kosrae Fruit-Dove;Ptilinopus hernsheimi
Gray-green Fruit-Dove;Ptilinopus purpuratus
Manui Fruit-Dove (undescribed form);Ptilinopus [undescribed form]
fruit-dove sp.;Ptilinopus sp.
Pink-bellied Imperial-Pigeon;Ducula poliocephala
White-bellied Imperial-Pigeon;Ducula forsteni
Mindoro Imperial-Pigeon;Ducula mindorensis
Gray-headed Imperial-Pigeon;Ducula radiata
Spotted Imperial-Pigeon;Ducula carola
Green Imperial-Pigeon;Ducula aenea
Green Imperial-Pigeon (Green);Ducula aenea [aenea Group]
Green Imperial-Pigeon (Maroon-naped);Ducula aenea nuchalis
Green Imperial-Pigeon (Rufous-naped);Ducula aenea paulina
Enggano Imperial-Pigeon;Ducula oenothorax
Nicobar Imperial-Pigeon;Ducula nicobarica
Spectacled Imperial-Pigeon;Ducula perspicillata
Seram Imperial-Pigeon;Ducula neglecta
Elegant Imperial-Pigeon;Ducula concinna
Pacific Imperial-Pigeon;Ducula pacifica
Red-knobbed Imperial-Pigeon;Ducula rubricera
Red-knobbed Imperial-Pigeon (Pink-necked);Ducula rubricera rubricera
Red-knobbed Imperial-Pigeon (Gray-necked);Ducula rubricera rufigula
Micronesian Imperial-Pigeon;Ducula oceanica
Polynesian Imperial-Pigeon;Ducula aurorae
Nuku Hiva Imperial-Pigeon;Ducula galeata
Spice Imperial-Pigeon;Ducula myristicivora
Geelvink Imperial-Pigeon;Ducula geelvinkiana
Purple-tailed Imperial-Pigeon;Ducula rufigaster
Cinnamon-bellied Imperial-Pigeon;Ducula basilica
Cinnamon-bellied Imperial-Pigeon (Gray-naped);Ducula basilica basilica
Cinnamon-bellied Imperial-Pigeon (Golden-naped);Ducula basilica obiensis
Finsch's Imperial-Pigeon;Ducula finschii
Rufescent Imperial-Pigeon;Ducula chalconota
Rufescent Imperial-Pigeon (Purple-rumped);Ducula chalconota chalconota
Rufescent Imperial-Pigeon (Green-rumped);Ducula chalconota smaragdina
Island Imperial-Pigeon;Ducula pistrinaria
Pink-headed Imperial-Pigeon;Ducula rosacea
Christmas Island Imperial-Pigeon;Ducula whartoni
Gray Imperial-Pigeon;Ducula pickeringii
Barking Imperial-Pigeon;Ducula latrans
Metallic Pigeon/Barking Imperial-Pigeon;Columba vitiensis/Ducula latrans
Chestnut-bellied Imperial-Pigeon;Ducula brenchleyi
Baker's Imperial-Pigeon;Ducula bakeri
New Caledonian Imperial-Pigeon;Ducula goliath
Pinon's Imperial-Pigeon;Ducula pinon
Pinon's Imperial-Pigeon (Gray-headed);Ducula pinon pinon/jobiensis
Pinon's Imperial-Pigeon (Pink-headed);Ducula pinon salvadorii
Bismarck Imperial-Pigeon;Ducula melanochroa
Collared Imperial-Pigeon;Ducula mullerii
Zoe's Imperial-Pigeon;Ducula zoeae
Malabar Imperial-Pigeon;Ducula cuprea
Mountain Imperial-Pigeon;Ducula badia
Dark-backed Imperial-Pigeon;Ducula lacernulata
Dark-backed Imperial-Pigeon (Gray-headed);Ducula lacernulata lacernulata
Dark-backed Imperial-Pigeon (Pink-headed);Ducula lacernulata williami
Dark-backed Imperial-Pigeon (Gray-crowned);Ducula lacernulata sasakensis
Timor Imperial-Pigeon;Ducula cineracea
Pied Imperial-Pigeon;Ducula bicolor
Yellowish Imperial-Pigeon;Ducula subflavescens
Torresian Imperial-Pigeon;Ducula spilorrhoa
Silver-tipped Imperial-Pigeon;Ducula luctuosa
imperial-pigeon sp.;Ducula sp.
Topknot Pigeon;Lopholaimus antarcticus
New Zealand Pigeon;Hemiphaga novaeseelandiae
New Zealand Pigeon (Norfolk I.);Hemiphaga novaeseelandiae spadicea
New Zealand Pigeon (New Zealand);Hemiphaga novaeseelandiae novaeseelandiae
Chatham Islands Pigeon;Hemiphaga chathamensis
Sombre Pigeon;Cryptophaps poecilorrhoa
Papuan Mountain-Pigeon;Gymnophaps albertisii
Buru Mountain-Pigeon;Gymnophaps mada
Seram Mountain-Pigeon;Gymnophaps stalkeri
Pale Mountain-Pigeon;Gymnophaps solomonensis
pigeon/dove sp.;Columbidae sp.
White-breasted Mesite;Mesitornis variegatus
Brown Mesite;Mesitornis unicolor
Subdesert Mesite;Monias benschi
Tibetan Sandgrouse;Syrrhaptes tibetanus
Pallas's Sandgrouse;Syrrhaptes paradoxus
Pin-tailed Sandgrouse;Pterocles alchata
Pin-tailed Sandgrouse (Iberian);Pterocles alchata alchata
Pin-tailed Sandgrouse (Pin-tailed);Pterocles alchata caudacutus
Namaqua Sandgrouse;Pterocles namaqua
Chestnut-bellied Sandgrouse;Pterocles exustus
Chestnut-bellied Sandgrouse (African);Pterocles exustus [exustus Group]
Chestnut-bellied Sandgrouse (Arabian);Pterocles exustus erlangeri
Chestnut-bellied Sandgrouse (Asian);Pterocles exustus hindustan
Spotted Sandgrouse;Pterocles senegallus
Black-bellied Sandgrouse;Pterocles orientalis
Yellow-throated Sandgrouse;Pterocles gutturalis
Crowned Sandgrouse;Pterocles coronatus
Black-faced Sandgrouse;Pterocles decoratus
Madagascar Sandgrouse;Pterocles personatus
Lichtenstein's Sandgrouse;Pterocles lichtensteinii
Lichtenstein's Sandgrouse (Lichtenstein's);Pterocles lichtensteinii [lichtensteinii Group]
Lichtenstein's Sandgrouse (Close-barred);Pterocles lichtensteinii arabicus
Double-banded Sandgrouse;Pterocles bicinctus
Four-banded Sandgrouse;Pterocles quadricinctus
Painted Sandgrouse;Pterocles indicus
Burchell's Sandgrouse;Pterocles burchelli
sandgrouse sp.;Pterocles sp.
Great Bustard;Otis tarda
Arabian Bustard;Ardeotis arabs
Kori Bustard;Ardeotis kori
Great Indian Bustard;Ardeotis nigriceps
Australian Bustard;Ardeotis australis
African Houbara;Chlamydotis undulata
African Houbara (Canary Is.);Chlamydotis undulata fuertaventurae
African Houbara (North African);Chlamydotis undulata undulata
Asian Houbara;Chlamydotis macqueenii
Ludwig's Bustard;Neotis ludwigii
Denham's Bustard;Neotis denhami
Denham's Bustard (Denham's);Neotis denhami denhami
Denham's Bustard (Jackson's);Neotis denhami jacksoni
Denham's Bustard (Stanley's);Neotis denhami stanleyi
Heuglin's Bustard;Neotis heuglinii
Nubian Bustard;Neotis nuba
White-bellied Bustard;Eupodotis senegalensis
White-bellied Bustard (White-bellied);Eupodotis senegalensis [senegalensis Group]
White-bellied Bustard (Barrow's);Eupodotis senegalensis barrowii/mackenziei
Blue Bustard;Eupodotis caerulescens
Karoo Bustard;Heterotetrax vigorsii
Rüppell's Bustard;Heterotetrax rueppelii
Little Brown Bustard;Heterotetrax humilis
Savile's Bustard;Lophotis savilei
Buff-crested Bustard;Lophotis gindiana
Red-crested Bustard;Lophotis ruficrista
Black Bustard;Afrotis afra
White-quilled Bustard;Afrotis afraoides
Black-bellied Bustard;Lissotis melanogaster
Hartlaub's Bustard;Lissotis hartlaubii
Bengal Florican;Houbaropsis bengalensis
Lesser Florican;Sypheotides indicus
Little Bustard;Tetrax tetrax
bustard sp.;Otididae sp.
Great Blue Turaco;Corythaeola cristata
Gray Go-away-bird;Crinifer concolor
Bare-faced Go-away-bird;Crinifer personatus
Bare-faced Go-away-bird (Brown-faced);Crinifer personatus personatus
Bare-faced Go-away-bird (Black-faced);Crinifer personatus leopoldi
White-bellied Go-away-bird;Crinifer leucogaster
Western Plantain-eater;Crinifer piscator
Eastern Plantain-eater;Crinifer zonurus
Rwenzori Turaco;Gallirex johnstoni
Rwenzori Turaco (Rwenzori);Gallirex johnstoni johnstoni
Rwenzori Turaco (Mt. Kabobo);Gallirex johnstoni bredoi
Rwenzori Turaco (Kivu);Gallirex johnstoni kivuensis
Purple-crested Turaco;Gallirex porphyreolophus
White-cheeked Turaco;Menelikornis leucotis
White-cheeked Turaco (White-cheeked);Menelikornis leucotis leucotis
White-cheeked Turaco (Donaldson's);Menelikornis leucotis donaldsoni
Prince Ruspoli's Turaco;Menelikornis ruspolii
White-cheeked x Prince Ruspoli's Turaco (hybrid);Menelikornis leucotis x ruspolii
Violet Turaco;Tauraco violaceus
Ross's Turaco;Tauraco rossae
Yellow-billed Turaco;Tauraco macrorhynchus
Yellow-billed Turaco (Yellow-billed);Tauraco macrorhynchus macrorhynchus
Yellow-billed Turaco (Verreaux's);Tauraco macrorhynchus verreauxii
Bannerman's Turaco;Tauraco bannermani
White-crested Turaco;Tauraco leucolophus
Black-billed Turaco;Tauraco schuettii
Black-billed Turaco (Green-rumped);Tauraco schuettii emini
Black-billed Turaco (Black-rumped);Tauraco schuettii schuettii
Schalow's Turaco;Tauraco schalowi
Red-crested Turaco;Tauraco erythrolophus
Guinea Turaco;Tauraco persa
Guinea Turaco (Buffon's);Tauraco persa buffoni
Guinea Turaco (Guinea);Tauraco persa persa/zenkeri
Hartlaub's Turaco;Tauraco hartlaubi
Fischer's Turaco;Tauraco fischeri
Fischer's Turaco (Fischer's);Tauraco fischeri fischeri
Fischer's Turaco (Zanzibar);Tauraco fischeri zanzibaricus
Livingstone's Turaco;Tauraco livingstonii
Knysna Turaco;Tauraco corythaix
Knysna Turaco (Northern);Tauraco corythaix phoebus
Knysna Turaco (Southern);Tauraco corythaix corythaix
Tauraco sp.;Tauraco sp.
turaco sp.;Musophagidae sp.
Guira Cuckoo;Guira guira
Greater Ani;Crotophaga major
Smooth-billed Ani;Crotophaga ani
Groove-billed Ani;Crotophaga sulcirostris
Smooth-billed/Groove-billed Ani;Crotophaga ani/sulcirostris
Striped Cuckoo;Tapera naevia
Pheasant Cuckoo;Dromococcyx phasianellus
Pavonine Cuckoo;Dromococcyx pavoninus
Lesser Ground-Cuckoo;Morococcyx erythropygus
Lesser Roadrunner;Geococcyx velox
Greater Roadrunner;Geococcyx californianus
Lesser/Greater Roadrunner;Geococcyx velox/californianus
Rufous-vented Ground-Cuckoo;Neomorphus geoffroyi
Rufous-vented Ground-Cuckoo (Western);Neomorphus geoffroyi [salvini Group]
Rufous-vented Ground-Cuckoo (Amazonian);Neomorphus geoffroyi geoffroyi/amazonicus
Rufous-vented Ground-Cuckoo (Atlantic);Neomorphus geoffroyi dulcis
Scaled Ground-Cuckoo;Neomorphus squamiger
Banded Ground-Cuckoo;Neomorphus radiolosus
Rufous-winged Ground-Cuckoo;Neomorphus rufipennis
Red-billed Ground-Cuckoo;Neomorphus pucheranii
Sumatran Ground-Cuckoo;Carpococcyx viridis
Bornean Ground-Cuckoo;Carpococcyx radiceus
Coral-billed Ground-Cuckoo;Carpococcyx renauldi
Crested Coua;Coua cristata
Crested Coua (Crested);Coua cristata cristata/dumonti
Crested Coua (Chestnut-vented);Coua cristata pyropyga/maxima
Verreaux's Coua;Coua verreauxi
Blue Coua;Coua caerulea
Red-capped Coua;Coua ruficeps
Olive-capped Coua;Coua olivaceiceps
Red-fronted Coua;Coua reynaudii
Coquerel's Coua;Coua coquereli
Running Coua;Coua cursor
Giant Coua;Coua gigas
Snail-eating Coua;Coua delalandei
Red-breasted Coua;Coua serriana
coua sp.;Coua sp.
Buff-headed Coucal;Centropus milo
Pied Coucal;Centropus ateralbus
Biak Coucal;Centropus chalybeus
Greater Black Coucal;Centropus menbeki
Rufous Coucal;Centropus unirufus
Green-billed Coucal;Centropus chlororhynchos
Black-faced Coucal;Centropus melanops
Short-toed Coucal;Centropus rectunguis
Black-hooded Coucal;Centropus steerii
Bay Coucal;Centropus celebensis
Gabon Coucal;Centropus anselli
Black-throated Coucal;Centropus leucogaster
Senegal Coucal;Centropus senegalensis
Blue-headed Coucal;Centropus monachus
Coppery-tailed Coucal;Centropus cupreicaudus
White-browed Coucal;Centropus superciliosus
Burchell's Coucal;Centropus burchellii
White-browed x Burchell's Coucal (hybrid);Centropus superciliosus x burchellii
White-browed/Burchell's Coucal;Centropus superciliosus/burchellii
Sunda Coucal;Centropus nigrorufus
Andaman Coucal;Centropus andamanensis
Greater Coucal;Centropus sinensis
Greater Coucal (Greater);Centropus sinensis [sinensis Group]
Greater Coucal (Southern);Centropus sinensis parroti
Goliath Coucal;Centropus goliath
Malagasy Coucal;Centropus toulou
Black Coucal;Centropus grillii
Philippine Coucal;Centropus viridis
Lesser Coucal;Centropus bengalensis
Greater/Lesser Coucal;Centropus sinensis/bengalensis
Violaceous Coucal;Centropus violaceus
Lesser Black Coucal;Centropus bernsteini
Pheasant Coucal;Centropus phasianinus
Pheasant Coucal (Timor);Centropus phasianinus mui
Pheasant Coucal (Kai);Centropus phasianinus spilopterus
Pheasant Coucal (Pheasant);Centropus phasianinus [phasianinus Group]
coucal sp.;Centropus sp.
Raffles's Malkoha;Rhinortha chlorophaea
Blue Malkoha;Ceuthmochares aereus
Green Malkoha;Ceuthmochares australis
Sirkeer Malkoha;Taccocua leschenaultii
Red-billed Malkoha;Zanclostomus javanicus
Chestnut-breasted Malkoha;Phaenicophaeus curvirostris
Mentawai Malkoha;Phaenicophaeus oeneicaudus
Chestnut-bellied Malkoha;Phaenicophaeus sumatranus
Red-faced Malkoha;Phaenicophaeus pyrrhocephalus
Blue-faced Malkoha;Phaenicophaeus viridirostris
Black-bellied Malkoha;Phaenicophaeus diardi
Green-billed Malkoha;Phaenicophaeus tristis
Yellow-billed Malkoha;Rhamphococcyx calyorhynchus
Red-crested Malkoha;Dasylophus superciliosus
Scale-feathered Malkoha;Dasylophus cumingi
malkoha sp.;Cuculidae sp. (malkoha sp.)
Chestnut-winged Cuckoo;Clamator coromandus
Great Spotted Cuckoo;Clamator glandarius
Levaillant's Cuckoo;Clamator levaillantii
Pied Cuckoo;Clamator jacobinus
Little Cuckoo;Coccycua minuta
Dwarf Cuckoo;Coccycua pumila
Ash-colored Cuckoo;Coccycua cinerea
Mexican Squirrel-Cuckoo;Piaya mexicana
Common Squirrel-Cuckoo;Piaya cayana
Common Squirrel-Cuckoo (Middle American);Piaya cayana thermophila
Common Squirrel-Cuckoo (nigricrissa);Piaya cayana nigricrissa
Common Squirrel-Cuckoo (Amazonian);Piaya cayana [cayana Group]
Mexican x Common Squirrel-Cuckoo (hybrid);Piaya mexicana x cayana
Mexican/Common Squirrel-Cuckoo;Piaya mexicana/cayana
Black-bellied Cuckoo;Piaya melanogaster
Common Squirrel-Cuckoo/Black-bellied Cuckoo;Piaya cayana/melanogaster
Dark-billed Cuckoo;Coccyzus melacoryphus
Yellow-billed Cuckoo;Coccyzus americanus
Pearly-breasted Cuckoo;Coccyzus euleri
Yellow-billed/Pearly-breasted Cuckoo;Coccyzus americanus/euleri
Mangrove Cuckoo;Coccyzus minor
Cocos Cuckoo;Coccyzus ferrugineus
Black-billed Cuckoo;Coccyzus erythropthalmus
Yellow-billed/Black-billed Cuckoo;Coccyzus americanus/erythropthalmus
Gray-capped Cuckoo;Coccyzus lansbergi
Chestnut-bellied Cuckoo;Coccyzus pluvialis
Bay-breasted Cuckoo;Coccyzus rufigularis
Jamaican Lizard-Cuckoo;Coccyzus vetula
Puerto Rican Lizard-Cuckoo;Coccyzus vieilloti
Great Lizard-Cuckoo;Coccyzus merlini
Great Lizard-Cuckoo (Bahamas);Coccyzus merlini bahamensis
Great Lizard-Cuckoo (Cuban);Coccyzus merlini [merlini Group]
Hispaniolan Lizard-Cuckoo;Coccyzus longirostris
Coccyzus sp.;Coccyzus sp.
St. Helena Cuckoo;Nannococcyx psix
Thick-billed Cuckoo;Pachycoccyx audeberti
Thick-billed Cuckoo (African);Pachycoccyx audeberti validus/brazzae
Thick-billed Cuckoo (Madagascar);Pachycoccyx audeberti audeberti
Dwarf Koel;Microdynamis parva
Asian Koel;Eudynamys scolopaceus
Black-billed Koel;Eudynamys melanorhynchus
Pacific Koel;Eudynamys orientalis
Pacific Koel (Oriental);Eudynamys orientalis [orientalis Group]
Pacific Koel (Australian);Eudynamys orientalis cyanocephalus/subcyanocephalus
Asian/Pacific Koel;Eudynamys scolopaceus/orientalis
Black-billed/Pacific Koel;Eudynamys melanorhynchus/orientalis
Eudynamys sp.;Eudynamys sp.
Long-tailed Koel;Urodynamis taitensis
Channel-billed Cuckoo;Scythrops novaehollandiae
Asian Emerald Cuckoo;Chrysococcyx maculatus
Violet Cuckoo;Chrysococcyx xanthorhynchus
Asian Emerald/Violet Cuckoo;Chrysococcyx maculatus/xanthorhynchus
Dideric Cuckoo;Chrysococcyx caprius
Klaas's Cuckoo;Chrysococcyx klaas
Dideric/Klaas's Cuckoo;Chrysococcyx caprius/klaas
Yellow-throated Cuckoo;Chrysococcyx flavigularis
African Emerald Cuckoo;Chrysococcyx cupreus
African Emerald Cuckoo (African);Chrysococcyx cupreus cupreus
African Emerald Cuckoo (Bioko);Chrysococcyx cupreus intermedius
African Emerald Cuckoo (Insular);Chrysococcyx cupreus insularum
Chrysococcyx sp.;Chrysococcyx sp.
Long-billed Cuckoo;Chalcites megarhynchus
Horsfield's Bronze-Cuckoo;Chalcites basalis
Black-eared Cuckoo;Chalcites osculans
Rufous-throated Bronze-Cuckoo;Chalcites ruficollis
Shining Bronze-Cuckoo;Chalcites lucidus
Shining Bronze-Cuckoo (Solomons);Chalcites lucidus harterti
Shining Bronze-Cuckoo (New Caledonian);Chalcites lucidus layardi
Shining Bronze-Cuckoo (Shining);Chalcites lucidus lucidus
Shining Bronze-Cuckoo (Golden);Chalcites lucidus plagosus
White-eared Bronze-Cuckoo;Chalcites meyerii
Little Bronze-Cuckoo;Chalcites minutillus
Little Bronze-Cuckoo (Little);Chalcites minutillus [minutillus Group]
Little Bronze-Cuckoo (Gould's);Chalcites minutillus [poecilurus Group]
Little Bronze-Cuckoo (Banda);Chalcites minutillus rufomerus/salvadorii
Shining/Little Bronze-Cuckoo;Chalcites lucidus/minutillus
Pied Bronze-Cuckoo;Chalcites crassirostris
bronze-cuckoo sp.;Chalcites sp. (bronze-cuckoo sp.)
Chalcites sp.;Chalcites sp.
Chrysococcyx/Chalcites sp.;Chrysococcyx/Chalcites sp.
Pallid Cuckoo;Heteroscenes pallidus
White-crowned Cuckoo;Caliechthrus leucolophus
Chestnut-breasted Cuckoo;Cacomantis castaneiventris
Fan-tailed Cuckoo;Cacomantis flabelliformis
Fan-tailed Cuckoo (Sahul);Cacomantis flabelliformis [flabelliformis Group]
Fan-tailed Cuckoo (New Caledonian);Cacomantis flabelliformis pyrrophanus
Fan-tailed Cuckoo (Vanuatu);Cacomantis flabelliformis schistaceigularis
Fan-tailed Cuckoo (Fiji);Cacomantis flabelliformis simus
Chestnut-breasted/Fan-tailed Cuckoo;Cacomantis castaneiventris/flabelliformis
Banded Bay Cuckoo;Cacomantis sonneratii
Plaintive Cuckoo;Cacomantis merulinus
Gray-bellied Cuckoo;Cacomantis passerinus
Plaintive/Gray-bellied Cuckoo;Cacomantis merulinus/passerinus
Sunda Brush Cuckoo;Cacomantis sepulcralis
Sulawesi Brush Cuckoo;Cacomantis virescens
Moluccan Brush Cuckoo;Cacomantis aeruginosus
Sahul Brush Cuckoo;Cacomantis variolosus
Sunda/Sahul Brush Cuckoo;Cacomantis sepulcralis/variolosus
Moluccan/Sahul Brush Cuckoo;Cacomantis aeruginosus/variolosus
Tanimbar Brush Cuckoo (undescribed form);Cacomantis [undescribed form]
Solomons Brush Cuckoo;Cacomantis addendus
Manus Brush Cuckoo;Cacomantis blandus
Cacomantis sp.;Cacomantis sp.
Dusky Long-tailed Cuckoo;Cercococcyx mechowi
Olive Long-tailed Cuckoo;Cercococcyx olivinus
Barred Long-tailed Cuckoo;Cercococcyx montanus
Barred Long-tailed Cuckoo (Njombo's);Cercococcyx montanus montanus
Barred Long-tailed Cuckoo (Eastern);Cercococcyx montanus patulus
Cercococcyx sp.;Cercococcyx sp.
Fork-tailed Drongo-Cuckoo;Surniculus dicruroides
Philippine Drongo-Cuckoo;Surniculus velutinus
Square-tailed Drongo-Cuckoo;Surniculus lugubris
Fork-tailed/Square-tailed Drongo-Cuckoo;Surniculus dicruroides/lugubris
Moluccan Drongo-Cuckoo;Surniculus musschenbroeki
Moustached Hawk-Cuckoo;Hierococcyx vagans
Large Hawk-Cuckoo;Hierococcyx sparverioides
Dark Hawk-Cuckoo;Hierococcyx bocki
Large/Dark Hawk-Cuckoo;Hierococcyx sparverioides/bocki
Common Hawk-Cuckoo;Hierococcyx varius
Large/Common Hawk-Cuckoo;Hierococcyx sparverioides/varius
Northern Hawk-Cuckoo;Hierococcyx hyperythrus
Philippine Hawk-Cuckoo;Hierococcyx pectoralis
Hodgson's Hawk-Cuckoo;Hierococcyx nisicolor
Malaysian Hawk-Cuckoo;Hierococcyx fugax
hawk-cuckoo sp.;Hierococcyx sp.
Black Cuckoo;Cuculus clamosus
Black Cuckoo (Rufous-throated);Cuculus clamosus gabonensis
Black Cuckoo (Black);Cuculus clamosus clamosus
Red-chested Cuckoo;Cuculus solitarius
Lesser Cuckoo;Cuculus poliocephalus
Sulawesi Cuckoo;Cuculus crassirostris
Indian Cuckoo;Cuculus micropterus
Lesser/Indian Cuckoo;Cuculus poliocephalus/micropterus
African Cuckoo;Cuculus gularis
Madagascar Cuckoo;Cuculus rochii
Himalayan Cuckoo;Cuculus saturatus
Sunda Cuckoo;Cuculus lepidus
Common Cuckoo;Cuculus canorus
African/Common Cuckoo;Cuculus gularis/canorus
Oriental Cuckoo;Cuculus optatus
Lesser/Oriental Cuckoo;Cuculus poliocephalus/optatus
Himalayan/Oriental Cuckoo;Cuculus saturatus/optatus
Common/Oriental Cuckoo;Cuculus canorus/optatus
Cuculus sp.;Cuculus sp.
cuckoo sp. (Cuculidae sp.);Cuculidae sp.
Spotted Nightjar;Eurostopodus argus
Solomons Nightjar;Eurostopodus nigripennis
New Caledonian Nightjar;Eurostopodus exul
White-throated Nightjar;Eurostopodus mystacalis
Diabolical Nightjar;Eurostopodus diabolicus
Papuan Nightjar;Eurostopodus papuensis
Archbold's Nightjar;Eurostopodus archboldi
Malaysian Eared-Nightjar;Lyncornis temminckii
Great Eared-Nightjar;Lyncornis macrotis
Great Eared-Nightjar (Great);Lyncornis macrotis cerviniceps/bourdilloni
Great Eared-Nightjar (Simeulue);Lyncornis macrotis jacobsoni
Great Eared-Nightjar (Philippine);Lyncornis macrotis macrotis
Great Eared-Nightjar (Sulawesi);Lyncornis macrotis macropterus
Collared Nightjar;Gactornis enarratus
Nacunda Nighthawk;Chordeiles nacunda
Least Nighthawk;Chordeiles pusillus
Sand-colored Nighthawk;Chordeiles rupestris
Lesser Nighthawk;Chordeiles acutipennis
Common Nighthawk;Chordeiles minor
Antillean Nighthawk;Chordeiles gundlachii
Common/Antillean Nighthawk;Chordeiles minor/gundlachii
nighthawk sp.;Chordeiles sp.
Short-tailed Nighthawk;Lurocalis semitorquatus
Short-tailed Nighthawk (Short-tailed);Lurocalis semitorquatus [semitorquatus Group]
Short-tailed Nighthawk (nattereri);Lurocalis semitorquatus nattereri
Rufous-bellied Nighthawk;Lurocalis rufiventris
Band-tailed Nighthawk;Nyctiprogne leucopyga
Band-tailed Nighthawk (Band-tailed);Nyctiprogne leucopyga [leucopyga Group]
Band-tailed Nighthawk (latifascia);Nyctiprogne leucopyga latifascia
Bahian Nighthawk;Nyctiprogne vielliardi
Blackish Nightjar;Nyctipolus nigrescens
Pygmy Nightjar;Nyctipolus hirundinaceus
Common Pauraque;Nyctidromus albicollis
Scrub Nightjar;Nyctidromus anthonyi
Roraiman Nightjar;Tepuiornis whitelyi
Swallow-tailed Nightjar;Uropsalis segmentata
Lyre-tailed Nightjar;Uropsalis lyra
Tschudi's Nightjar;Quechuavis decussata
Todd's Nightjar;Setopagis heterura
Little Nightjar;Setopagis parvula
Cayenne Nightjar;Setopagis maculosa
Spot-tailed Nightjar;Antiurus maculicaudus
Band-winged Nightjar;Systellura longirostris
Band-winged Nightjar (Tepui);Systellura longirostris roraimae
Band-winged Nightjar (Rufous-naped);Systellura longirostris ruficervix
Band-winged Nightjar (atripunctata);Systellura longirostris atripunctata
Band-winged Nightjar (Austral);Systellura longirostris bifasciata/patagonica
Band-winged Nightjar (longirostris);Systellura longirostris longirostris
Band-winged Nightjar (Mocha);Systellura longirostris mochaensis
White-winged Nightjar;Eleothreptus candicans
Sickle-winged Nightjar;Eleothreptus anomalus
White-tailed Nightjar;Hydropsalis cayennensis
Ladder-tailed Nightjar;Hydropsalis climacocerca
Scissor-tailed Nightjar;Hydropsalis torquata
Long-trained Nightjar;Hydropsalis forcipata
Hydropsalis sp.;Hydropsalis sp.
Jamaican Pauraque;Siphonorhis americana
Least Pauraque;Siphonorhis brewsteri
Eared Poorwill;Nyctiphrynus mcleodii
Yucatan Poorwill;Nyctiphrynus yucatanicus
Ocellated Poorwill;Nyctiphrynus ocellatus
Choco Poorwill;Nyctiphrynus rosenbergi
Common Poorwill;Phalaenoptilus nuttallii
Chuck-will's-widow;Antrostomus carolinensis
Rufous Nightjar;Antrostomus rufus
Rufous Nightjar (South American);Antrostomus rufus [rufus Group]
Rufous Nightjar (St. Lucia);Antrostomus rufus otiosus
Rufous Nightjar (Northern);Antrostomus rufus minimus
Cuban Nightjar;Antrostomus cubanensis
Hispaniolan Nightjar;Antrostomus ekmani
Tawny-collared Nightjar;Antrostomus salvini
Yucatan Nightjar;Antrostomus badius
Silky-tailed Nightjar;Antrostomus sericocaudatus
Buff-collared Nightjar;Antrostomus ridgwayi
Eastern Whip-poor-will;Antrostomus vociferus
Dusky Nightjar;Antrostomus saturatus
Mexican Whip-poor-will;Antrostomus arizonae
Eastern/Mexican Whip-poor-will;Antrostomus vociferus/arizonae
Puerto Rican Nightjar;Antrostomus noctitherus
Antrostomus sp.;Antrostomus sp.
Brown Nightjar;Veles binotatus
Pennant-winged Nightjar;Caprimulgus vexillarius
Standard-winged Nightjar;Caprimulgus longipennis
Red-necked Nightjar;Caprimulgus ruficollis
Jungle Nightjar;Caprimulgus indicus
Gray Nightjar;Caprimulgus jotaka
Jungle/Gray Nightjar;Caprimulgus indicus/jotaka
Palau Nightjar;Caprimulgus phalaena
Eurasian Nightjar;Caprimulgus europaeus
Red-necked/Eurasian Nightjar;Caprimulgus ruficollis/europaeus
Sombre Nightjar;Caprimulgus fraenatus
Rufous-cheeked Nightjar;Caprimulgus rufigena
Egyptian Nightjar;Caprimulgus aegyptius
Nubian Nightjar;Caprimulgus nubicus
Nubian Nightjar (Nubian);Caprimulgus nubicus nubicus/tamaricis
Nubian Nightjar (Torrid);Caprimulgus nubicus torridus
Nubian Nightjar (Socotra);Caprimulgus nubicus jonesi
Sykes's Nightjar;Caprimulgus mahrattensis
Golden Nightjar;Caprimulgus eximius
Large-tailed Nightjar;Caprimulgus macrurus
Timor Nightjar;Caprimulgus ritae
Andaman Nightjar;Caprimulgus andamanicus
Mees's Nightjar;Caprimulgus meesi
Jerdon's Nightjar;Caprimulgus atripennis
Philippine Nightjar;Caprimulgus manillensis
Sulawesi Nightjar;Caprimulgus celebensis
Donaldson Smith's Nightjar;Caprimulgus donaldsoni
Fiery-necked Nightjar;Caprimulgus pectoralis
Fiery-necked Nightjar (Black-shouldered);Caprimulgus pectoralis nigriscapularis
Fiery-necked Nightjar (Fiery-necked);Caprimulgus pectoralis [pectoralis Group]
Montane Nightjar;Caprimulgus poliocephalus
Montane Nightjar (Abyssinian);Caprimulgus poliocephalus poliocephalus
Montane Nightjar (Rwenzori);Caprimulgus poliocephalus [ruwenzorii Group]
Indian Nightjar;Caprimulgus asiaticus
Madagascar Nightjar;Caprimulgus madagascariensis
Swamp Nightjar;Caprimulgus natalensis
Plain Nightjar;Caprimulgus inornatus
Star-spotted Nightjar;Caprimulgus stellatus
Nechisar Nightjar;Caprimulgus solala
Savanna Nightjar;Caprimulgus affinis
Savanna Nightjar (Northern);Caprimulgus affinis [monticolus Group]
Savanna Nightjar (Sunda);Caprimulgus affinis [affinis Group]
Chirruping Nightjar;Caprimulgus griseatus
Freckled Nightjar;Caprimulgus tristigma
Bonaparte's Nightjar;Caprimulgus concretus
Salvadori's Nightjar;Caprimulgus pulchellus
Itombwe Nightjar;Caprimulgus prigoginei
Bates's Nightjar;Caprimulgus batesi
Long-tailed Nightjar;Caprimulgus climacurus
Slender-tailed Nightjar;Caprimulgus clarus
Square-tailed Nightjar;Caprimulgus fossii
Caprimulgus sp.;Caprimulgus sp.
nightjar sp.;Caprimulgidae sp.
Rufous Potoo;Phyllaemulor bracteatus
Great Potoo;Nyctibius grandis
Long-tailed Potoo;Nyctibius aethereus
Common Potoo;Nyctibius griseus
Northern Potoo;Nyctibius jamaicensis
Northern Potoo (Middle American);Nyctibius jamaicensis [mexicanus Group]
Northern Potoo (Caribbean);Nyctibius jamaicensis jamaicensis/abbotti
Andean Potoo;Nyctibius maculosus
White-winged Potoo;Nyctibius leucopterus
potoo sp.;Nyctibiidae sp.
Oilbird;Steatornis caripensis
Tawny Frogmouth;Podargus strigoides
Marbled Frogmouth;Podargus ocellatus
Marbled Frogmouth (Marbled);Podargus ocellatus [ocellatus Group]
Marbled Frogmouth (Plumed);Podargus ocellatus plumiferus
Papuan Frogmouth;Podargus papuensis
Solomons Frogmouth;Rigidipenna inexpectata
Large Frogmouth;Batrachostomus auritus
Dulit Frogmouth;Batrachostomus harterti
Philippine Frogmouth;Batrachostomus septimus
Gould's Frogmouth;Batrachostomus stellatus
Sri Lanka Frogmouth;Batrachostomus moniliger
Hodgson's Frogmouth;Batrachostomus hodgsoni
Sumatran Frogmouth;Batrachostomus poliolophus
Bornean Frogmouth;Batrachostomus mixtus
Javan Frogmouth;Batrachostomus javensis
Blyth's Frogmouth;Batrachostomus affinis
Blyth's Frogmouth (Indochinese);Batrachostomus affinis continentalis
Blyth's Frogmouth (Blyth's);Batrachostomus affinis affinis
Palawan Frogmouth;Batrachostomus chaseni
Sunda Frogmouth;Batrachostomus cornutus
Batrachostomus sp.;Batrachostomus sp.
frogmouth sp.;Podargidae sp.
New Caledonian Owlet-nightjar;Aegotheles savesi
Feline Owlet-nightjar;Aegotheles insignis
Starry Owlet-nightjar;Aegotheles tatei
Wallace's Owlet-nightjar;Aegotheles wallacii
Mountain Owlet-nightjar;Aegotheles albertisi
Moluccan Owlet-nightjar;Aegotheles crinifrons
Australian Owlet-nightjar;Aegotheles cristatus
Vogelkop Owlet-nightjar;Aegotheles affinis
Barred Owlet-nightjar;Aegotheles bennettii
Barred Owlet-nightjar (Barred);Aegotheles bennettii bennettii/wiedenfeldi
Barred Owlet-nightjar (Dwarf);Aegotheles bennettii plumifer
Karimui Owlet-nightjar;Aegotheles terborghi
owlet-nightjar sp.;Aegotheles sp.
Black Swift;Cypseloides niger
Black Swift (borealis);Cypseloides niger borealis
Black Swift (costaricensis);Cypseloides niger costaricensis
Black Swift (niger);Cypseloides niger niger
White-chested Swift;Cypseloides lemosi
Rothschild's Swift;Cypseloides rothschildi
Sooty Swift;Cypseloides fumigatus
White-fronted Swift;Cypseloides storeri
White-chinned Swift;Cypseloides cryptus
Spot-fronted Swift;Cypseloides cherriei
Great Dusky Swift;Cypseloides senex
Cypseloides sp.;Cypseloides sp.
Chestnut-collared Swift;Streptoprocne rutila
Tepui Swift;Streptoprocne phelpsi
White-collared Swift;Streptoprocne zonaris
White-naped Swift;Streptoprocne semicollaris
Biscutate Swift;Streptoprocne biscutata
Streptoprocne sp.;Streptoprocne sp.
Philippine Spinetail;Mearnsia picina
Papuan Spinetail;Mearnsia novaeguineae
Madagascar Spinetail;Zoonavena grandidieri
Sao Tome Spinetail;Zoonavena thomensis
White-rumped Spinetail;Zoonavena sylvatica
Mottled Spinetail;Telacanthura ussheri
Black Spinetail;Telacanthura melanopygia
Silver-rumped Spinetail;Rhaphidura leucopygialis
Sabine's Spinetail;Rhaphidura sabini
Cassin's Spinetail;Neafrapus cassini
Sabine's/Cassin's Spinetail;Rhaphidura sabini/Neafrapus cassini
Bat-like Spinetail;Neafrapus boehmi
Gray-rumped Swift;Chaetura cinereiventris
Gray-rumped Swift (phaeopygos);Chaetura cinereiventris phaeopygos
Gray-rumped Swift (occidentalis);Chaetura cinereiventris occidentalis
Gray-rumped Swift (Ash-rumped);Chaetura cinereiventris [sclateri Group]
Gray-rumped Swift (Gray-rumped);Chaetura cinereiventris cinereiventris
Band-rumped Swift;Chaetura spinicaudus
Band-rumped Swift (aetherodroma);Chaetura spinicaudus aetherodroma
Band-rumped Swift (spinicaudus);Chaetura spinicaudus spinicaudus
Band-rumped Swift (aethalea);Chaetura spinicaudus aethalea
Costa Rican Swift;Chaetura fumosa
Lesser Antillean Swift;Chaetura martinica
Pale-rumped Swift;Chaetura egregia
Chimney Swift;Chaetura pelagica
Vaux's Swift;Chaetura vauxi
Vaux's Swift (Vaux's);Chaetura vauxi vauxi
Vaux's Swift (Yucatan);Chaetura vauxi gaumeri
Vaux's Swift (Richmond's);Chaetura vauxi [richmondi Group]
Vaux's Swift (aphanes);Chaetura vauxi aphanes
Chimney/Vaux's Swift;Chaetura pelagica/vauxi
Chapman's Swift;Chaetura chapmani
Ashy-tailed Swift;Chaetura andrei
Sick's Swift;Chaetura meridionalis
Short-tailed Swift;Chaetura brachyura
Short-tailed Swift (Short-tailed);Chaetura brachyura [brachyura Group]
Short-tailed Swift (Tumbes);Chaetura brachyura ocypetes
Chaetura sp.;Chaetura sp.
White-throated Needletail;Hirundapus caudacutus
White-throated Needletail (White-lored);Hirundapus caudacutus caudacutus
White-throated Needletail (Himalayan);Hirundapus caudacutus nudipes
Silver-backed Needletail;Hirundapus cochinchinensis
Brown-backed Needletail;Hirundapus giganteus
Purple Needletail;Hirundapus celebensis
needletail sp.;Hirundapus sp.
Waterfall Swift;Hydrochous gigas
Pygmy Swiftlet;Collocalia troglodytes
Bornean Swiftlet;Collocalia dodgei
Christmas Island Swiftlet;Collocalia natalis
Cave Swiftlet;Collocalia linchi
Plume-toed Swiftlet;Collocalia affinis
Bornean/Plume-toed Swiftlet;Collocalia dodgei/affinis
Gray-rumped Swiftlet;Collocalia marginata
Ridgetop Swiftlet;Collocalia isonota
Gray-rumped/Ridgetop Swiftlet;Collocalia marginata/isonota
Tenggara Swiftlet;Collocalia sumbawae
Drab Swiftlet;Collocalia neglecta
Glossy Swiftlet;Collocalia esculenta
Drab/Glossy Swiftlet;Collocalia neglecta/esculenta
Satin Swiftlet;Collocalia uropygialis
white-bellied swiftlet sp.;Collocalia sp.
Seychelles Swiftlet;Aerodramus elaphrus
Mascarene Swiftlet;Aerodramus francicus
Indian Swiftlet;Aerodramus unicolor
Moluccan Swiftlet;Aerodramus infuscatus
Philippine Swiftlet;Aerodramus mearnsi
Mountain Swiftlet;Aerodramus hirundinaceus
White-rumped Swiftlet;Aerodramus spodiopygius
Australian Swiftlet;Aerodramus terraereginae
Himalayan Swiftlet;Aerodramus brevirostris
Himalayan Swiftlet (Himalayan);Aerodramus brevirostris brevirostris/innominatus
Himalayan Swiftlet (Indochinese);Aerodramus brevirostris rogersi
Volcano Swiftlet;Aerodramus vulcanorum
Whitehead's Swiftlet;Aerodramus whiteheadi
Bare-legged Swiftlet;Aerodramus nuditarsus
Mayr's Swiftlet;Aerodramus orientalis
Ameline Swiftlet;Aerodramus amelis
Uniform Swiftlet;Aerodramus vanikorensis
Mossy-nest Swiftlet;Aerodramus salangana
Palau Swiftlet;Aerodramus pelewensis
Mariana Swiftlet;Aerodramus bartschi
Caroline Islands Swiftlet;Aerodramus inquietus
Atiu Swiftlet;Aerodramus sawtelli
Tahiti Swiftlet;Aerodramus leucophaeus
Marquesan Swiftlet;Aerodramus ocistus
Black-nest Swiftlet;Aerodramus maximus
White-nest Swiftlet;Aerodramus fuciphagus
White-nest Swiftlet (Germain's);Aerodramus fuciphagus germani/amechanus
White-nest Swiftlet (White-nest);Aerodramus fuciphagus [fuciphagus Group]
Three-toed Swiftlet;Aerodramus papuensis
dark swiftlet sp.;Aerodramus sp.
swiftlet sp.;Collocalia/Aerodramus sp.
Scarce Swift;Schoutedenapus myoptilus
Alpine Swift;Tachymarptis melba
Mottled Swift;Tachymarptis aequatorialis
Cape Verde Swift;Apus alexandri
Common Swift;Apus apus
Cape Verde/Common Swift;Apus alexandri/apus
Plain Swift;Apus unicolor
Nyanza Swift;Apus niansae
Pallid Swift;Apus pallidus
Common/Pallid Swift;Apus apus/pallidus
Plain/Pallid Swift;Apus unicolor/pallidus
African Swift;Apus barbatus
African Swift (Bioko);Apus barbatus sladeniae
African Swift (African);Apus barbatus [barbatus Group]
Common/African Swift;Apus apus/barbatus
Forbes-Watson's Swift;Apus berliozi
Bradfield's Swift;Apus bradfieldi
Malagasy Swift;Apus balstoni
Pacific Swift;Apus pacificus
Salim Ali's Swift;Apus salimalii
Blyth's Swift;Apus leuconyx
Cook's Swift;Apus cooki
Pacific/Cook's Swift;Apus pacificus/cooki
fork-tailed swift sp.;Apus pacificus/salimalii/leuconyx/cooki
Dark-rumped Swift;Apus acuticauda
Little Swift;Apus affinis
Little Swift (Little);Apus affinis [affinis Group]
Little Swift (Bannerman's);Apus affinis bannermani
Little Swift (Indian);Apus affinis singalensis
House Swift;Apus nipalensis
Little/House Swift;Apus affinis/nipalensis
Horus Swift;Apus horus
Horus Swift (White-rumped);Apus horus (White-rumped)
Horus Swift (Brown-rumped);Apus horus (Brown-rumped)
White-rumped Swift;Apus caffer
Little x White-rumped Swift (hybrid);Apus affinis x caffer
Bates's Swift;Apus batesi
Apus sp.;Apus sp.
Apus/Tachymarptis sp.;Apus/Tachymarptis sp.
White-throated Swift;Aeronautes saxatalis
White-tipped Swift;Aeronautes montivagus
Andean Swift;Aeronautes andecolus
White-tipped/Andean Swift;Aeronautes montivagus/andecolus
Lesser Swallow-tailed Swift;Panyptila cayennensis
Great Swallow-tailed Swift;Panyptila sanctihieronymi
Asian Palm Swift;Cypsiurus balasiensis
African Palm Swift;Cypsiurus parvus
Malagasy Palm Swift;Cypsiurus gracilis
Malagasy Palm Swift (Comoro);Cypsiurus gracilis griveaudi
Malagasy Palm Swift (Madagascar);Cypsiurus gracilis gracilis
Antillean Palm Swift;Tachornis phoenicobia
Pygmy Palm Swift;Tachornis furcata
Fork-tailed Palm Swift;Tachornis squamata
large swift sp.;Apodidae sp. (large swift sp.)
small swift sp.;Apodidae sp. (small swift sp.)
swift sp.;Apodidae sp.
Crested Treeswift;Hemiprocne coronata
Gray-rumped Treeswift;Hemiprocne longipennis
Whiskered Treeswift;Hemiprocne comata
Moustached Treeswift;Hemiprocne mystacea
treeswift sp.;Hemiprocne sp.
Crimson Topaz;Topaza pella
Fiery Topaz;Topaza pyra
Crimson/Fiery Topaz;Topaza pella/pyra
White-necked Jacobin;Florisuga mellivora
Black Jacobin;Florisuga fusca
White-tipped Sicklebill;Eutoxeres aquila
Buff-tailed Sicklebill;Eutoxeres condamini
White-tipped/Buff-tailed Sicklebill;Eutoxeres aquila/condamini
Saw-billed Hermit;Ramphodon naevius
Hook-billed Hermit;Glaucis dohrnii
Bronzy Hermit;Glaucis aeneus
Rufous-breasted Hermit;Glaucis hirsutus
Band-tailed Barbthroat;Threnetes ruckeri
Pale-tailed Barbthroat;Threnetes leucurus
Sooty Barbthroat;Threnetes niger
Sooty Barbthroat (Amapa);Threnetes niger loehkeni
Sooty Barbthroat (French Guiana);Threnetes niger niger
Broad-tipped Hermit;Anopetia gounellei
White-bearded Hermit;Phaethornis hispidus
White-whiskered Hermit;Phaethornis yaruqui
Green Hermit;Phaethornis guy
Tawny-bellied Hermit;Phaethornis syrmatophorus
Koepcke's Hermit;Phaethornis koepckeae
Needle-billed Hermit;Phaethornis philippii
Straight-billed Hermit;Phaethornis bourcieri
Straight-billed Hermit (bourcieri);Phaethornis bourcieri bourcieri
Straight-billed Hermit (major);Phaethornis bourcieri major
Long-billed Hermit;Phaethornis longirostris
Long-billed Hermit (Central American);Phaethornis longirostris [longirostris Group]
Long-billed Hermit (Baron's);Phaethornis longirostris baroni
Mexican Hermit;Phaethornis mexicanus
Mexican Hermit (Jalisco);Phaethornis mexicanus griseoventer
Mexican Hermit (Mexican);Phaethornis mexicanus mexicanus
Long-tailed Hermit;Phaethornis superciliosus
Long-billed/Long-tailed Hermit;Phaethornis longirostris/superciliosus
Great-billed Hermit;Phaethornis malaris
Great-billed Hermit (Great-billed);Phaethornis malaris malaris/insolitus
Great-billed Hermit (Amazonian);Phaethornis malaris [moorei Group]
Great-billed Hermit (Margaretta's);Phaethornis malaris margarettae
Pale-bellied Hermit;Phaethornis anthophilus
Dusky-throated Hermit;Phaethornis squalidus
Maranhao Hermit (unrecognized species);Phaethornis maranhaoensis [unrecognized species]
Streak-throated Hermit;Phaethornis rupurumii
Little Hermit;Phaethornis longuemareus
Tapajos Hermit;Phaethornis aethopygus
Minute Hermit;Phaethornis idaliae
Cinnamon-throated Hermit;Phaethornis nattereri
Black-throated Hermit;Phaethornis atrimentalis
Stripe-throated Hermit;Phaethornis striigularis
Gray-chinned Hermit;Phaethornis griseogularis
Gray-chinned Hermit (Porculla);Phaethornis griseogularis porcullae
Gray-chinned Hermit (Gray-chinned);Phaethornis griseogularis griseogularis/zonura
Reddish Hermit;Phaethornis ruber
White-browed Hermit;Phaethornis stuarti
Reddish/White-browed Hermit;Phaethornis ruber/stuarti
Buff-bellied Hermit;Phaethornis subochraceus
Sooty-capped Hermit;Phaethornis augusti
Planalto Hermit;Phaethornis pretrei
Scale-throated Hermit;Phaethornis eurynome
hermit sp.;Phaethornis sp.
Green-fronted Lancebill;Doryfera ludovicae
Blue-fronted Lancebill;Doryfera johannae
White-throated Daggerbill;Schistes albogularis
Geoffroy's Daggerbill;Schistes geoffroyi
White-throated/Geoffroy's Daggerbill;Schistes albogularis/geoffroyi
Hyacinth Visorbearer;Augastes scutatus
Hooded Visorbearer;Augastes lumachella
White-vented Violetear;Colibri serrirostris
Sparkling Violetear;Colibri coruscans
Brown Violetear;Colibri delphinae
Mexican Violetear;Colibri thalassinus
Lesser Violetear;Colibri cyanotus
Lesser Violetear (Costa Rican);Colibri cyanotus cabanidis
Lesser Violetear (Andean);Colibri cyanotus cyanotus/crissalis
Sparkling/Lesser Violetear;Colibri coruscans/cyanotus
violetear sp.;Colibri sp.
Horned Sungem;Heliactin bilophus
Tooth-billed Hummingbird;Androdon aequatorialis
Purple-crowned Fairy;Heliothryx barroti
Black-eared Fairy;Heliothryx auritus
White-tailed Goldenthroat;Polytmus guainumbi
Tepui Goldenthroat;Polytmus milleri
Green-tailed Goldenthroat;Polytmus theresiae
Fiery-tailed Awlbill;Avocettula recurvirostris
Ruby-topaz Hummingbird;Chrysolampis mosquitus
Jamaican Mango;Anthracothorax mango
Black-throated Mango;Anthracothorax nigricollis
Black-throated Mango (Black-throated);Anthracothorax nigricollis nigricollis
Black-throated Mango (Ecuadorian);Anthracothorax nigricollis iridescens
Green-throated Mango;Anthracothorax viridigula
Green-breasted Mango;Anthracothorax prevostii
Veraguan Mango;Anthracothorax veraguensis
Hispaniolan Mango;Anthracothorax dominicus
Puerto Rican Mango;Anthracothorax aurulentus
Green Mango;Anthracothorax viridis
mango sp.;Anthracothorax sp.
Purple-throated Carib;Eulampis jugularis
Green-throated Carib;Eulampis holosericeus
Purple-throated/Green-throated Carib;Eulampis jugularis/holosericeus
Orange-throated Sunangel;Heliangelus mavors
Longuemare's Sunangel;Heliangelus clarisse
Merida Sunangel;Heliangelus spencei
Amethyst-throated Sunangel;Heliangelus amethysticollis
Gorgeted Sunangel;Heliangelus strophianus
Tourmaline Sunangel;Heliangelus exortis
Little Sunangel;Heliangelus micraster
Purple-throated Sunangel;Heliangelus viola
Purple-throated Sunangel (Purple-throated);Heliangelus viola viola
Purple-throated Sunangel (Brilliant);Heliangelus viola splendidus/pyropus
Amethyst-throated x Purple-throated Sunangel (hybrid);Heliangelus amethysticollis x viola
Royal Sunangel;Heliangelus regalis
Heliangelus sp.;Heliangelus sp.
Green-backed Firecrown;Sephanoides sephaniodes
Juan Fernandez Firecrown;Sephanoides fernandensis
Green-backed/Juan Fernandez Firecrown;Sephanoides sephaniodes/fernandensis
Wire-crested Thorntail;Discosura popelairii
Black-bellied Thorntail;Discosura langsdorffi
Coppery Thorntail;Discosura letitiae
Green Thorntail;Discosura conversii
Racket-tipped Thorntail;Discosura longicaudus
Tufted Coquette;Lophornis ornatus
Dot-eared Coquette;Lophornis gouldii
Frilled Coquette;Lophornis magnificus
Short-crested Coquette;Lophornis brachylophus
Rufous-crested Coquette;Lophornis delattrei
Spangled Coquette;Lophornis stictolophus
Butterfly Coquette;Lophornis verreauxii
Festive Coquette;Lophornis chalybeus
Peacock Coquette;Lophornis pavoninus
Black-crested Coquette;Lophornis helenae
White-crested Coquette;Lophornis adorabilis
thorntail/coquette sp.;Discosura/Lophornis sp.
Ecuadorian Piedtail;Phlogophilus hemileucurus
Peruvian Piedtail;Phlogophilus harterti
Speckled Hummingbird;Adelomyia melanogenys
Speckled Hummingbird (melanogenys Group);Adelomyia melanogenys [melanogenys Group]
Speckled Hummingbird (maculata);Adelomyia melanogenys maculata
Speckled Hummingbird (inornata);Adelomyia melanogenys inornata
Long-tailed Sylph;Aglaiocercus kingii
Violet-tailed Sylph;Aglaiocercus coelestis
Venezuelan Sylph;Aglaiocercus berlepschi
Red-tailed Comet;Sappho sparganurus
Bronze-tailed Comet;Polyonymus caroli
Gray-bellied Comet;Taphrolesbia griseiventris
Ecuadorian Hillstar;Oreotrochilus chimborazo
Blue-throated Hillstar;Oreotrochilus cyanolaemus
Green-headed Hillstar;Oreotrochilus stolzmanni
Black-breasted Hillstar;Oreotrochilus melanogaster
Green-headed/Black-breasted Hillstar;Oreotrochilus stolzmanni/melanogaster
Andean Hillstar;Oreotrochilus estella
White-sided Hillstar;Oreotrochilus leucopleurus
Andean/White-sided Hillstar;Oreotrochilus estella/leucopleurus
Wedge-tailed Hillstar;Oreotrochilus adela
Oreotrochilus sp.;Oreotrochilus sp.
Mountain Avocetbill;Opisthoprora euryptera
Black-tailed Trainbearer;Lesbia victoriae
Green-tailed Trainbearer;Lesbia nuna
Black-tailed/Green-tailed Trainbearer;Lesbia victoriae/nuna
Black-backed Thornbill;Ramphomicron dorsale
Purple-backed Thornbill;Ramphomicron microrhynchum
Rufous-capped Thornbill;Chalcostigma ruficeps
Olivaceous Thornbill;Chalcostigma olivaceum
Blue-mantled Thornbill;Chalcostigma stanleyi
Bronze-tailed Thornbill;Chalcostigma heteropogon
Rainbow-bearded Thornbill;Chalcostigma herrani
Buffy Helmetcrest;Oxypogon stuebelii
Blue-bearded Helmetcrest;Oxypogon cyanolaemus
White-bearded Helmetcrest;Oxypogon lindenii
Green-bearded Helmetcrest;Oxypogon guerinii
helmetcrest sp.;Oxypogon sp.
Bearded Mountaineer;Oreonympha nobilis
Bearded Mountaineer (Western);Oreonympha nobilis albolimbata
Bearded Mountaineer (Eastern);Oreonympha nobilis nobilis
Perija Metaltail;Metallura iracunda
Tyrian Metaltail;Metallura tyrianthina
Tyrian Metaltail (Santa Marta);Metallura tyrianthina districta
Tyrian Metaltail (Costa);Metallura tyrianthina chloropogon
Tyrian Metaltail (Merida);Metallura tyrianthina oreopola
Tyrian Metaltail (Tyrian);Metallura tyrianthina tyrianthina/quitensis
Tyrian Metaltail (septentrionalis);Metallura tyrianthina septentrionalis
Tyrian Metaltail (smaragdinicollis);Metallura tyrianthina smaragdinicollis
Long-tailed Sylph x Tyrian Metaltail (hybrid);Aglaiocercus kingii x Metallura tyrianthina
Viridian Metaltail;Metallura williami
Viridian Metaltail (recisa);Metallura williami recisa
Viridian Metaltail (Viridian);Metallura williami williami
Viridian Metaltail (Ecuadorian);Metallura williami primolina
Viridian Metaltail (Black-throated);Metallura williami atrigularis
Violet-throated Metaltail;Metallura baroni
Neblina Metaltail;Metallura odomae
Coppery Metaltail;Metallura theresiae
Fire-throated Metaltail;Metallura eupogon
Scaled Metaltail;Metallura aeneocauda
Black Metaltail;Metallura phoebe
metaltail sp.;Metallura sp.
Greenish Puffleg;Haplophaedia aureliae
Buff-thighed Puffleg;Haplophaedia assimilis
Hoary Puffleg;Haplophaedia lugens
Black-breasted Puffleg;Eriocnemis nigrivestis
Gorgeted Puffleg;Eriocnemis isabellae
Glowing Puffleg;Eriocnemis vestita
Black-thighed Puffleg;Eriocnemis derbyi
Turquoise-throated Puffleg;Eriocnemis godini
Coppery-bellied Puffleg;Eriocnemis cupreoventris
Sapphire-vented Puffleg;Eriocnemis luciani
Sapphire-vented Puffleg (Sapphire-vented);Eriocnemis luciani [luciani Group]
Sapphire-vented Puffleg (Coppery-naped);Eriocnemis luciani sapphiropygia/catharina
Golden-breasted Puffleg;Eriocnemis mosquera
Blue-capped Puffleg;Eriocnemis glaucopoides
Colorful Puffleg;Eriocnemis mirabilis
Emerald-bellied Puffleg;Eriocnemis aline
Marvelous Spatuletail;Loddigesia mirabilis
Shining Sunbeam;Aglaeactis cupripennis
White-tufted Sunbeam;Aglaeactis castelnaudii
Shining x White-tufted Sunbeam (hybrid);Aglaeactis cupripennis x castelnaudii
Shining/White-tufted Sunbeam;Aglaeactis cupripennis/castelnaudii
Purple-backed Sunbeam;Aglaeactis aliciae
Black-hooded Sunbeam;Aglaeactis pamela
Bronzy Inca;Coeligena coeligena
Brown Inca;Coeligena wilsoni
Black Inca;Coeligena prunellei
Collared Inca;Coeligena torquata
Collared Inca (Collared);Coeligena torquata [torquata Group]
Collared Inca (Vilcabamba);Coeligena torquata eisenmanni
Green Inca;Coeligena conradii
Gould's Inca;Coeligena inca
Violet-throated Starfrontlet;Coeligena violifer
Violet-throated Starfrontlet (Huanuco);Coeligena violifer dichroura
Violet-throated Starfrontlet (Apurimac);Coeligena violifer albicaudata
Violet-throated Starfrontlet (Cuzco);Coeligena violifer osculans
Violet-throated Starfrontlet (Bolivian);Coeligena violifer violifer
Rainbow Starfrontlet;Coeligena iris
White-tailed Starfrontlet;Coeligena phalerata
Dusky Starfrontlet;Coeligena orina
Buff-winged Starfrontlet;Coeligena lutetiae
Perija Starfrontlet;Coeligena consita
Golden-bellied Starfrontlet;Coeligena bonapartei
Merida Starfrontlet;Coeligena eos
Blue-throated Starfrontlet;Coeligena helianthea
Golden-bellied x Blue-throated Starfrontlet (hybrid);Coeligena bonapartei x helianthea
Coeligena sp.;Coeligena sp.
Mountain Velvetbreast;Lafresnaya lafresnayi
Sword-billed Hummingbird;Ensifera ensifera
Great Sapphirewing;Pterophanes cyanopterus
Buff-tailed Coronet;Boissonneaua flavescens
Chestnut-breasted Coronet;Boissonneaua matthewsii
Velvet-purple Coronet;Boissonneaua jardini
Buff-tailed x Velvet-purple Coronet (hybrid);Boissonneaua flavescens x jardini
White-booted Racket-tail;Ocreatus underwoodii
Peruvian Racket-tail;Ocreatus peruanus
Rufous-booted Racket-tail;Ocreatus addae
Rufous-booted Racket-tail (Anna's);Ocreatus addae annae
Rufous-booted Racket-tail (Adda's);Ocreatus addae addae
Peruvian/Rufous-booted Racket-tail;Ocreatus peruanus/addae
Rufous-gaped Hillstar;Urochroa bougueri
Green-backed Hillstar;Urochroa leucura
Purple-bibbed Whitetip;Urosticte benjamini
Rufous-vented Whitetip;Urosticte ruficrissa
Velvet-browed Brilliant;Heliodoxa xanthogonys
Pink-throated Brilliant;Heliodoxa gularis
Rufous-webbed Brilliant;Heliodoxa branickii
Black-throated Brilliant;Heliodoxa schreibersii
Black-throated Brilliant (Black-throated);Heliodoxa schreibersii schreibersii
Black-throated Brilliant (Black-breasted);Heliodoxa schreibersii whitelyana
Gould's Jewelfront;Heliodoxa aurescens
Fawn-breasted Brilliant;Heliodoxa rubinoides
Green-crowned Brilliant;Heliodoxa jacula
Empress Brilliant;Heliodoxa imperatrix
Buff-tailed Coronet x Empress Brilliant (hybrid);Boissonneaua flavescens x Heliodoxa imperatrix
Violet-fronted Brilliant;Heliodoxa leadbeateri
Brazilian Ruby;Heliodoxa rubricauda
Giant Hummingbird;Patagona gigas
Giant Hummingbird (Northern);Patagona gigas peruviana
Giant Hummingbird (Southern);Patagona gigas gigas
Violet-chested Hummingbird;Sternoclyta cyanopectus
Scissor-tailed Hummingbird;Hylonympha macrocerca
Rivoli's Hummingbird;Eugenes fulgens
Talamanca Hummingbird;Eugenes spectabilis
Long-billed Starthroat;Heliomaster longirostris
Plain-capped Starthroat;Heliomaster constantii
Long-billed/Plain-capped Starthroat;Heliomaster longirostris/constantii
Stripe-breasted Starthroat;Heliomaster squamosus
Blue-tufted Starthroat;Heliomaster furcifer
Fiery-throated Hummingbird;Panterpe insignis
Green-throated Mountain-gem;Lampornis viridipallens
Green-breasted Mountain-gem;Lampornis sybillae
Amethyst-throated Mountain-gem;Lampornis amethystinus
Amethyst-throated Mountain-gem (Amethyst-throated);Lampornis amethystinus [amethystinus Group]
Amethyst-throated Mountain-gem (Violet-throated);Lampornis amethystinus margaritae
Blue-throated Mountain-gem;Lampornis clemenciae
White-bellied Mountain-gem;Lampornis hemileucus
Purple-throated Mountain-gem;Lampornis calolaemus
Azuero Mountain-gem (undescribed form);Lampornis [undescribed form]
White-throated Mountain-gem;Lampornis castaneoventris
White-throated Mountain-gem (Gray-tailed);Lampornis castaneoventris cinereicauda
White-throated Mountain-gem (Blue-tailed);Lampornis castaneoventris castaneoventris
Purple-throated x White-throated Mountain-gem (hybrid);Lampornis calolaemus x castaneoventris
Purple-throated/White-throated Mountain-gem;Lampornis calolaemus/castaneoventris
Garnet-throated Hummingbird;Lamprolaima rhami
Sparkling-tailed Hummingbird;Tilmatura dupontii
Amethyst Woodstar;Calliphlox amethystina
Peruvian Sheartail;Thaumastura cora
Short-tailed Woodstar;Myrmia micrura
Purple-collared Woodstar;Myrtis fanny
Oasis Hummingbird;Rhodopis vesper
Chilean Woodstar;Eulidia yarrellii
Peruvian Sheartail x Chilean Woodstar (hybrid);Thaumastura cora x Eulidia yarrellii
Slender-tailed Woodstar;Microstilbon burmeisteri
White-bellied Woodstar;Chaetocercus mulsant
Little Woodstar;Chaetocercus bombus
Gorgeted Woodstar;Chaetocercus heliodor
Santa Marta Woodstar;Chaetocercus astreans
Esmeraldas Woodstar;Chaetocercus berlepschi
Rufous-shafted Woodstar;Chaetocercus jourdanii
Chaetocercus sp.;Chaetocercus sp.
Magenta-throated Woodstar;Philodice bryantae
Purple-throated Woodstar;Philodice mitchellii
woodstar sp.;Trochilidae sp. (woodstar sp.)
Slender Sheartail;Doricha enicura
Mexican Sheartail;Doricha eliza
Lucifer Hummingbird;Calothorax lucifer
Beautiful Hummingbird;Calothorax pulcher
Lucifer/Beautiful Hummingbird;Calothorax lucifer/pulcher
Ruby-throated Hummingbird;Archilochus colubris
Black-chinned Hummingbird;Archilochus alexandri
Rivoli's x Black-chinned Hummingbird (hybrid);Eugenes fulgens x Archilochus alexandri
Lucifer x Black-chinned Hummingbird (hybrid);Calothorax lucifer x Archilochus alexandri
Ruby-throated x Black-chinned Hummingbird (hybrid);Archilochus colubris x alexandri
Ruby-throated/Black-chinned Hummingbird;Archilochus colubris/alexandri
Bahama Woodstar;Nesophlox evelynae
Inagua Woodstar;Nesophlox lyrura
Vervain Hummingbird;Mellisuga minima
Bee Hummingbird;Mellisuga helenae
Anna's Hummingbird;Calypte anna
Rivoli's x Anna's Hummingbird (hybrid);Eugenes fulgens x Calypte anna
Lucifer x Anna's Hummingbird (hybrid);Calothorax lucifer x Calypte anna
Black-chinned x Anna's Hummingbird (hybrid);Archilochus alexandri x Calypte anna
Costa's Hummingbird;Calypte costae
Lucifer x Costa's Hummingbird (hybrid);Calothorax lucifer x Calypte costae
Black-chinned x Costa's Hummingbird (hybrid);Archilochus alexandri x Calypte costae
Anna's x Costa's Hummingbird (hybrid);Calypte anna x costae
Anna's/Costa's Hummingbird;Calypte anna/costae
Calliope Hummingbird;Selasphorus calliope
Black-chinned x Calliope Hummingbird (hybrid);Archilochus alexandri x Selasphorus calliope
Anna's x Calliope Hummingbird (hybrid);Calypte anna x Selasphorus calliope
Rufous Hummingbird;Selasphorus rufus
Ruby-throated x Rufous Hummingbird (hybrid);Archilochus colubris x Selasphorus rufus
Black-chinned x Rufous Hummingbird (hybrid);Archilochus alexandri x Selasphorus rufus
Anna's x Rufous Hummingbird (hybrid);Calypte anna x Selasphorus rufus
Calliope x Rufous Hummingbird (hybrid);Selasphorus calliope x rufus
Allen's Hummingbird;Selasphorus sasin
Black-chinned x Allen's Hummingbird (hybrid);Archilochus alexandri x Selasphorus sasin
Anna's x Allen's Hummingbird (hybrid);Calypte anna x Selasphorus sasin
Costa's x Allen's Hummingbird (hybrid);Calypte costae x Selasphorus sasin
Rufous x Allen's Hummingbird (hybrid);Selasphorus rufus x sasin
Rufous/Allen's Hummingbird;Selasphorus rufus/sasin
Broad-tailed Hummingbird;Selasphorus platycercus
Lucifer x Broad-tailed Hummingbird (hybrid);Calothorax lucifer x Selasphorus platycercus
Ruby-throated x Broad-tailed Hummingbird (hybrid);Archilochus colubris x Selasphorus platycercus
Black-chinned x Broad-tailed Hummingbird (hybrid);Archilochus alexandri x Selasphorus platycercus
Anna's x Broad-tailed Hummingbird (hybrid);Calypte anna x Selasphorus platycercus
Calliope x Broad-tailed Hummingbird (hybrid);Selasphorus calliope x platycercus
Rufous x Broad-tailed Hummingbird (hybrid);Selasphorus rufus x platycercus
Bumblebee Hummingbird;Selasphorus heloisa
Wine-throated Hummingbird;Selasphorus ellioti
Volcano Hummingbird;Selasphorus flammula
Volcano Hummingbird (Purple-throated);Selasphorus flammula flammula
Volcano Hummingbird (Heliotrope-throated);Selasphorus flammula torridus
Volcano Hummingbird (Rose-throated);Selasphorus flammula simoni
Scintillant Hummingbird;Selasphorus scintilla
Glow-throated Hummingbird;Selasphorus ardens
Anna's Hummingbird x Selasphorus sp. (hybrid);Calypte anna x Selasphorus sp.
Selasphorus sp.;Selasphorus sp.
Dusky Hummingbird;Phaeoptila sordida
Cuban Emerald;Riccordia ricordii
Brace's Emerald;Riccordia bracei
Elegant Emerald (unrecognized species);Riccordia elegans [unrecognized species]
Hispaniolan Emerald;Riccordia swainsonii
Puerto Rican Emerald;Riccordia maugaeus
Blue-headed Hummingbird;Riccordia bicolor
Broad-billed Hummingbird;Cynanthus latirostris
Black-chinned x Broad-billed Hummingbird (hybrid);Archilochus alexandri x Cynanthus latirostris
Anna's x Broad-billed Hummingbird (hybrid);Calypte anna x Cynanthus latirostris
Costa's x Broad-billed Hummingbird (hybrid);Calypte costae x Cynanthus latirostris
Dusky/Broad-billed Hummingbird;Phaeoptila sordida/Cynanthus latirostris
Tres Marias Hummingbird;Cynanthus lawrencei
Broad-billed/Tres Marias Hummingbird;Cynanthus latirostris/lawrencei
Turquoise-crowned Hummingbird;Cynanthus doubledayi
Broad-billed x Turquoise-crowned Hummingbird (hybrid);Cynanthus latirostris x doubledayi
Dusky/Turquoise-crowned Hummingbird;Phaeoptila sordida/Cynanthus doubledayi
Broad-billed/Turquoise-crowned Hummingbird;Cynanthus latirostris/doubledayi
Golden-crowned Emerald;Cynanthus auriceps
Cozumel Emerald;Cynanthus forficatus
Canivet's Emerald;Cynanthus canivetii
Canivet's Emerald (Canivet's);Cynanthus canivetii canivetii
Canivet's Emerald (Salvin's);Cynanthus canivetii salvini/osberti
Blue-tailed Emerald;Chlorostilbon mellisugus
Chiribiquete Emerald;Chlorostilbon olivaresi
Red-billed Emerald;Chlorostilbon gibsoni
Glittering-bellied Emerald;Chlorostilbon lucidus
Short-tailed Emerald;Chlorostilbon poortmani
Narrow-tailed Emerald;Chlorostilbon stenurus
Green-tailed Emerald;Chlorostilbon alice
Coppery Emerald;Chlorostilbon russatus
Garden Emerald;Chlorostilbon assimilis
Western Emerald;Chlorostilbon melanorhynchus
Riccordia/Cynanthus/Chlorostilbon sp.;Riccordia/Cynanthus/Chlorostilbon sp.
White-eared Hummingbird;Basilinna leucotis
Rivoli's x White-eared Hummingbird (hybrid);Eugenes fulgens x Basilinna leucotis
Broad-tailed x White-eared Hummingbird (hybrid);Selasphorus platycercus x Basilinna leucotis
Broad-billed x White-eared Hummingbird (hybrid);Cynanthus latirostris x Basilinna leucotis
Xantus's Hummingbird;Basilinna xantusii
Wedge-tailed Sabrewing;Pampa curvipennis
Wedge-tailed Sabrewing (Curve-winged);Pampa curvipennis curvipennis
Wedge-tailed Sabrewing (Wedge-tailed);Pampa curvipennis pampa
Wedge-tailed Sabrewing (Long-tailed);Pampa curvipennis excellens
Rufous Sabrewing;Pampa rufa
Violet-headed Hummingbird;Klais guimeti
Emerald-chinned Hummingbird;Abeillia abeillei
Antillean Crested Hummingbird;Orthorhyncus cristatus
Antillean Crested Hummingbird (Lesser Antilles);Orthorhyncus cristatus exilis
Antillean Crested Hummingbird (St. Vincent);Orthorhyncus cristatus ornatus
Antillean Crested Hummingbird (Barbados);Orthorhyncus cristatus cristatus
Antillean Crested Hummingbird (Grenadines and Grenada);Orthorhyncus cristatus emigrans
Green-crowned Plovercrest;Stephanoxis lalandi
Purple-crowned Plovercrest;Stephanoxis loddigesii
Santa Marta Blossomcrown;Anthocephala floriceps
Tolima Blossomcrown;Anthocephala berlepschi
Gray-breasted Sabrewing;Campylopterus largipennis
Gray-breasted Sabrewing (largipennis);Campylopterus largipennis largipennis
Gray-breasted Sabrewing (obscurus);Campylopterus largipennis obscurus
Outcrop Sabrewing;Campylopterus calcirupicola
Diamantina Sabrewing;Campylopterus diamantinensis
Violet Sabrewing;Campylopterus hemileucurus
Rufous-breasted Sabrewing;Campylopterus hyperythrus
Buff-breasted Sabrewing;Campylopterus duidae
Napo Sabrewing;Campylopterus villaviscensio
Lazuline Sabrewing;Campylopterus falcatus
Santa Marta Sabrewing;Campylopterus phainopeplus
White-tailed Sabrewing;Campylopterus ensipennis
Bronze-tailed Plumeleteer;Chalybura urochrysia
White-vented Plumeleteer;Chalybura buffonii
White-vented Plumeleteer (White-vented);Chalybura buffonii [buffonii Group]
White-vented Plumeleteer (Blue-bellied);Chalybura buffonii caeruleogaster
White-vented Plumeleteer (Ecuadorian);Chalybura buffonii intermedia
Violet-capped Woodnymph;Thalurania glaucopis
Long-tailed Woodnymph;Thalurania watertonii
Crowned Woodnymph;Thalurania colombica
Crowned Woodnymph (Northern/Colombian Violet-crowned);Thalurania colombica (Violet-crowned Woodnymph)
Crowned Woodnymph (Northern Violet-crowned);Thalurania colombica venusta/townsendi
Crowned Woodnymph (Colombian Violet-crowned);Thalurania colombica colombica/rostrifera
Crowned Woodnymph (Green-crowned/Emerald-bellied);Thalurania colombica (Green-crowned Woodnymph)
Crowned Woodnymph (Green-crowned);Thalurania colombica [fannyae Group]
Crowned Woodnymph (Emerald-bellied);Thalurania colombica hypochlora
Fork-tailed Woodnymph;Thalurania furcata
Violet-capped/Fork-tailed Woodnymph;Thalurania glaucopis/furcata
Snowcap;Microchera albocoronata
Coppery-headed Emerald;Microchera cupreiceps
White-tailed Emerald;Microchera chionura
Violet-capped Hummingbird;Goldmania violiceps
Pirre Hummingbird;Goldmania bella
Mexican Woodnymph;Eupherusa ridgwayi
White-tailed Hummingbird;Eupherusa poliocerca
Blue-capped Hummingbird;Eupherusa cyanophrys
Stripe-tailed Hummingbird;Eupherusa eximia
Black-bellied Hummingbird;Eupherusa nigriventris
Scaly-breasted Hummingbird;Phaeochroa cuvierii
Scaly-breasted Hummingbird (Robert's);Phaeochroa cuvierii roberti
Scaly-breasted Hummingbird (Cuvier's);Phaeochroa cuvierii [cuvierii Group]
Buffy Hummingbird;Leucippus fallax
Tumbes Hummingbird;Thaumasius baeri
Spot-throated Hummingbird;Thaumasius taczanowskii
Many-spotted Hummingbird;Taphrospilus hypostictus
Swallow-tailed Hummingbird;Eupetomena macroura
Sombre Hummingbird;Eupetomena cirrochloris
Olive-spotted Hummingbird;Talaphorus chlorocercus
Red-billed Streamertail;Trochilus polytmus
Black-billed Streamertail;Trochilus scitulus
Red-billed x Black-billed Streamertail (hybrid);Trochilus polytmus x scitulus
Red-billed/Black-billed Streamertail;Trochilus polytmus/scitulus
Violet-crowned Hummingbird;Ramosomyia violiceps
Broad-billed x Violet-crowned Hummingbird (hybrid);Cynanthus latirostris x Ramosomyia violiceps
Green-fronted Hummingbird;Ramosomyia viridifrons
Green-fronted Hummingbird (Green-fronted);Ramosomyia viridifrons viridifrons
Green-fronted Hummingbird (Cinnamon-sided);Ramosomyia viridifrons wagneri
Green-fronted Hummingbird (villadai);Ramosomyia viridifrons villadai
Violet-crowned/Green-fronted Hummingbird;Ramosomyia violiceps/viridifrons
Azure-crowned Hummingbird;Saucerottia cyanocephala
Azure-crowned Hummingbird (Azure-crowned);Saucerottia cyanocephala cyanocephala
Azure-crowned Hummingbird (Mosquitia);Saucerottia cyanocephala chlorostephana
Blue-vented Hummingbird;Saucerottia hoffmanni
Berylline Hummingbird;Saucerottia beryllina
Berylline Hummingbird (Northern);Saucerottia beryllina beryllina/viola
Berylline Hummingbird (Sumichrast's);Saucerottia beryllina [devillei Group]
Broad-billed x Berylline Hummingbird (hybrid);Cynanthus latirostris x Saucerottia beryllina
Rivoli's x Berylline Hummingbird (hybrid);Eugenes fulgens x Saucerottia beryllina
Blue-tailed Hummingbird;Saucerottia cyanura
Snowy-bellied Hummingbird;Saucerottia edward
Steely-vented Hummingbird;Saucerottia saucerottei
Guanacaste Hummingbird (unrecognized species);Saucerottia alfaroana [unrecognized species]
Indigo-capped Hummingbird;Saucerottia cyanifrons
Chestnut-bellied Hummingbird;Saucerottia castaneiventris
Green-bellied Hummingbird;Saucerottia viridigaster
Copper-tailed Hummingbird;Saucerottia cupreicauda
Copper-rumped Hummingbird;Saucerottia tobaci
Saucerottia sp.;Saucerottia sp.
Cinnamon Hummingbird;Amazilia rutila
Cinnamon Hummingbird (Tres Marias Is.);Amazilia rutila graysoni
Cinnamon Hummingbird (Mainland);Amazilia rutila [rutila Group]
Buff-bellied Hummingbird;Amazilia yucatanensis
Buff-bellied Hummingbird (Yucatan);Amazilia yucatanensis yucatanensis
Buff-bellied Hummingbird (Northern);Amazilia yucatanensis cerviniventris/chalconota
Rufous-tailed Hummingbird;Amazilia tzacatl
Rufous-tailed Hummingbird (Rufous-tailed);Amazilia tzacatl [tzacatl Group]
Rufous-tailed Hummingbird (Escudo);Amazilia tzacatl handleyi
Cinnamon x Rufous-tailed Hummingbird (hybrid);Amazilia rutila x tzacatl
Buff-bellied/Rufous-tailed Hummingbird;Amazilia yucatanensis/tzacatl
Honduran Emerald;Amazilia luciae
Azure-crowned Hummingbird x Honduran Emerald (hybrid);Saucerottia cyanocephala x Amazilia luciae
Rufous-tailed Hummingbird x Honduran Emerald (hybrid);Amazilia tzacatl x luciae
Amazilia Hummingbird;Amazilis amazilia
Amazilia Hummingbird (Green-tailed);Amazilis amazilia dumerilii
Amazilia Hummingbird (Azuay);Amazilis amazilia azuay
Amazilia Hummingbird (Montane);Amazilis amazilia alticola
Amazilia Hummingbird (North Peruvian);Amazilis amazilia leucophoea
Amazilia Hummingbird (Amazilia);Amazilis amazilia amazilia
Amazilia Hummingbird (Blue-throated);Amazilis amazilia caeruleigularis
Andean Emerald;Uranomitra franciae
Versicolored Emerald;Chrysuronia versicolor
Versicolored Emerald (Versicolored);Chrysuronia versicolor [versicolor Group]
Versicolored Emerald (Rondonia);Chrysuronia versicolor rondoniae
Shining-green Hummingbird;Chrysuronia goudoti
Golden-tailed Sapphire;Chrysuronia oenone
Mangrove Hummingbird;Chrysuronia boucardi
Sapphire-throated Hummingbird;Chrysuronia coeruleogularis
Sapphire-bellied Hummingbird;Chrysuronia lilliae
Shining-green/Sapphire-throated/Sapphire-bellied Hummingbird;Chrysuronia goudoti/coeruleogularis/lilliae
Humboldt's Sapphire;Chrysuronia humboldtii
Blue-headed Sapphire;Chrysuronia grayi
White-chested Emerald;Chrysuronia brevirostris
Plain-bellied Emerald;Chrysuronia leucogaster
White-throated Hummingbird;Leucochloris albicollis
Glittering-throated Emerald;Chionomesa fimbriata
Sapphire-spangled Emerald;Chionomesa lactea
Sapphire-spangled Emerald (Sapphire-spangled);Chionomesa lactea lactea/zimmeri
Sapphire-spangled Emerald (Spot-vented);Chionomesa lactea bartletti
Glittering-throated/Sapphire-spangled Emerald;Chionomesa fimbriata/lactea
Rufous-throated Sapphire;Hylocharis sapphirina
Gilded Hummingbird;Hylocharis chrysura
White-bellied Hummingbird;Elliotomyia chionogaster
White-bellied Hummingbird (chionogaster);Elliotomyia chionogaster chionogaster
White-bellied Hummingbird (hypoleuca);Elliotomyia chionogaster hypoleuca
Green-and-white Hummingbird;Elliotomyia viridicauda
White-bellied/Green-and-white Hummingbird;Elliotomyia chionogaster/viridicauda
Purple-chested Hummingbird;Polyerata rosenbergi
Blue-chested Hummingbird;Polyerata amabilis
Charming Hummingbird;Polyerata decora
White-bellied Emerald;Chlorestes candida
Blue-throated Goldentail;Chlorestes eliciae
White-chinned Sapphire;Chlorestes cyanus
Violet-bellied Hummingbird;Chlorestes julie
Blue-chinned Sapphire;Chlorestes notata
Bogota Sunangel (hybrid);Aglaiocercus kingii x Trochilidae sp. (Bogota Sunangel)
hummingbird sp.;Trochilidae sp.
Madagascar Forest Rail;Mentocrex kioloides
Tsingy Forest Rail;Mentocrex beankaensis
White-spotted Flufftail;Sarothrura pulchra
White-spotted Flufftail (Northern);Sarothrura pulchra [pulchra Group]
White-spotted Flufftail (Southern);Sarothrura pulchra centralis
Buff-spotted Flufftail;Sarothrura elegans
Red-chested Flufftail;Sarothrura rufa
Chestnut-headed Flufftail;Sarothrura lugens
Streaky-breasted Flufftail;Sarothrura boehmi
Striped Flufftail;Sarothrura affinis
Madagascar Flufftail;Sarothrura insularis
White-winged Flufftail;Sarothrura ayresi
Slender-billed Flufftail;Sarothrura watersi
flufftail sp.;Sarothrura sp.
Chestnut Forest Rail;Rallicula rubra
White-striped Forest Rail;Rallicula leucospila
Forbes's Forest Rail;Rallicula forbesi
Mayr's Forest Rail;Rallicula mayri
Ridgway's Rail;Rallus obsoletus
Ridgway's Rail (San Francisco Bay);Rallus obsoletus obsoletus
Ridgway's Rail (Light-footed);Rallus obsoletus levipes
Ridgway's Rail (South Baja);Rallus obsoletus beldingi
Ridgway's Rail (Yuma);Rallus obsoletus yumanensis
Aztec Rail;Rallus tenuirostris
Mangrove Rail;Rallus longirostris
Mangrove Rail (Fonseca);Rallus longirostris berryorum
Mangrove Rail (Ecuadorian);Rallus longirostris cypereti
Mangrove Rail (Atlantic);Rallus longirostris [longirostris Group]
King Rail;Rallus elegans
King Rail (Northern);Rallus elegans elegans
King Rail (Cuban);Rallus elegans ramsdeni
Aztec/King Rail;Rallus tenuirostris/elegans
Clapper Rail;Rallus crepitans
Clapper Rail (Atlantic Coast);Rallus crepitans crepitans/waynei
Clapper Rail (Gulf Coast);Rallus crepitans saturatus/scottii
Clapper Rail (Caribbean);Rallus crepitans [caribaeus Group]
Clapper Rail (Yucatan);Rallus crepitans [pallidus Group]
King x Clapper Rail (hybrid);Rallus elegans x crepitans
King/Clapper Rail;Rallus elegans/crepitans
Ridgway's/Mangrove/Clapper Rail;Rallus obsoletus/longirostris/crepitans
large rail sp.;Rallus sp. (large Rallus sp.)
Plain-flanked Rail;Rallus wetmorei
Virginia Rail;Rallus limicola
Ecuadorian Rail;Rallus aequatorialis
King/Virginia Rail;Rallus elegans/limicola
Bogota Rail;Rallus semiplumbeus
Austral Rail;Rallus antarcticus
Water Rail;Rallus aquaticus
Brown-cheeked Rail;Rallus indicus
Water/Brown-cheeked Rail;Rallus aquaticus/indicus
African Rail;Rallus caerulescens
Madagascar Rail;Rallus madagascariensis
Rallus sp.;Rallus sp.
White-throated Rail;Dryolimnas cuvieri
Reunion Rail;Dryolimnas augusti
Red Rail;Aphanapteryx bonasia
Rodrigues Rail;Erythromachus leguati
Corn Crake;Crex crex
African Crake;Crecopsis egregia
Rouget's Rail;Rougetius rougetii
St. Helena Rail;Aphanocrex podarces
Ascension Crake;Mundia elpenor
Snoring Rail;Aramidopsis plateni
Slaty-breasted Rail;Lewinia striata
Luzon Rail;Lewinia mirifica
Lewin's Rail;Lewinia pectoralis
Auckland Islands Rail;Lewinia muelleri
Blue-faced Rail;Gymnocrex rosenbergii
Bare-eyed Rail;Gymnocrex plumbeiventris
Talaud Rail;Gymnocrex talaudensis
Hawkins's Rail;Diaphorapteryx hawkinsi
Calayan Rail;Gallirallus calayanensis
Invisible Rail;Gallirallus wallacii
Chestnut Rail;Gallirallus castaneoventris
Weka;Gallirallus australis
New Caledonian Rail;Gallirallus lafresnayanus
Lord Howe Rail;Gallirallus sylvestris
Okinawa Rail;Gallirallus okinawae
Tahiti Rail;Gallirallus pacificus
Buff-banded Rail;Gallirallus philippensis
Chatham Islands Rail;Gallirallus modestus
Dieffenbach's Rail;Gallirallus dieffenbachii
New Britain Rail;Gallirallus insignis
Woodford's Rail;Gallirallus woodfordi
Woodford's Rail (Bougainville);Gallirallus woodfordi tertius
Woodford's Rail (Santa Isabel);Gallirallus woodfordi immaculatus
Woodford's Rail (Guadalcanal);Gallirallus woodfordi woodfordi
Bar-winged Rail;Gallirallus poecilopterus
Guam Rail;Gallirallus owstoni
Wake Island Rail;Gallirallus wakensis
Barred Rail;Gallirallus torquatus
Roviana Rail;Gallirallus rovianae
Gray-throated Rail;Canirallus oculeus
Spotted Rail;Pardirallus maculatus
Blackish Rail;Pardirallus nigricans
Plumbeous Rail;Pardirallus sanguinolentus
Ash-throated Crake;Mustelirallus albicollis
Zapata Rail;Mustelirallus cerverai
Colombian Crake;Mustelirallus colombianus
Paint-billed Crake;Mustelirallus erythrops
Uniform Crake;Amaurolimnas concolor
Giant Wood-Rail;Aramides ypecaha
Brown Wood-Rail;Aramides wolfi
Little Wood-Rail;Aramides mangle
Rufous-necked Wood-Rail;Aramides axillaris
Russet-naped Wood-Rail;Aramides albiventris
Gray-cowled Wood-Rail;Aramides cajaneus
Gray-cowled Wood-Rail (Gray-cowled);Aramides cajaneus cajaneus
Gray-cowled Wood-Rail (Gray-backed);Aramides cajaneus avicenniae
Russet-naped/Gray-cowled Wood-Rail;Aramides albiventris/cajaneus
Red-winged Wood-Rail;Aramides calopterus
Slaty-breasted Wood-Rail;Aramides saracura
wood-rail sp.;Aramides sp.
Black-tailed Nativehen;Tribonyx ventralis
Hodgen's Waterhen;Tribonyx hodgenorum
Tasmanian Nativehen;Tribonyx mortierii
Spot-flanked Gallinule;Porphyriops melanops
Sora;Porzana carolina
Spotted Crake;Porzana porzana
Australian Crake;Porzana fluminea
Lesser Moorhen;Paragallinula angulata
Makira Moorhen;Gallinula silvestris
Tristan Moorhen;Gallinula nesiotis
Gough Moorhen;Gallinula comeri
Eurasian Moorhen;Gallinula chloropus
Common Gallinule;Gallinula galeata
Common Gallinule (American);Gallinula galeata [galeata Group]
Common Gallinule (Altiplano);Gallinula galeata garmani
Common Gallinule (Hawaiian);Gallinula galeata sandvicensis
Eurasian Moorhen/Common Gallinule;Gallinula chloropus/galeata
Dusky Moorhen;Gallinula tenebrosa
Samoan Moorhen;Gallinula pacifica
Red-fronted Coot;Fulica rufifrons
Horned Coot;Fulica cornuta
Giant Coot;Fulica gigantea
Red-gartered Coot;Fulica armillata
Eurasian Coot;Fulica atra
Eurasian Moorhen x Eurasian Coot (hybrid);Gallinula chloropus x Fulica atra
Mascarene Coot;Fulica newtonii
Red-knobbed Coot;Fulica cristata
Eurasian x Red-knobbed Coot (hybrid);Fulica atra x cristata
Eurasian/Red-knobbed Coot;Fulica atra/cristata
Hawaiian Coot;Fulica alai
Hawaiian Coot (Red-shielded);Fulica alai (Red-shielded)
Hawaiian Coot (White-shielded);Fulica alai (White-shielded)
American Coot;Fulica americana
American Coot (Red-shielded);Fulica americana (Red-shielded)
American Coot (White-shielded);Fulica americana (White-shielded)
Common Gallinule x American Coot (hybrid);Gallinula galeata x Fulica americana
Slate-colored Coot;Fulica ardesiaca
Slate-colored Coot (White-billed);Fulica ardesiaca (White-billed)
Slate-colored Coot (Yellow-billed);Fulica ardesiaca (Yellow-billed)
Red-gartered x Slate-colored Coot (hybrid);Fulica armillata x ardesiaca
White-winged Coot;Fulica leucoptera
coot sp.;Fulica sp.
Allen's Gallinule;Porphyrio alleni
Purple Gallinule;Porphyrio martinica
Azure Gallinule;Porphyrio flavirostris
Marquesan Swamphen;Porphyrio paepae
New Caledonian Gallinule;Porphyrio kukwiedei
Reunion Gallinule;Porphyrio caerulescens
Western Swamphen;Porphyrio porphyrio
Black-backed Swamphen;Porphyrio indicus
African Swamphen;Porphyrio madagascariensis
South Island Takahe;Porphyrio hochstetteri
North Island Takahe;Porphyrio mantelli
Australasian Swamphen;Porphyrio melanotus
Philippine Swamphen;Porphyrio pulverulentus
Lord Howe Swamphen;Porphyrio albus
Gray-headed Swamphen;Porphyrio poliocephalus
Black-backed x Gray-headed Swamphen (hybrid);Porphyrio indicus x poliocephalus
African x Gray-headed Swamphen (hybrid);Porphyrio madagascariensis x poliocephalus
Black-backed/Gray-headed Swamphen;Porphyrio indicus/poliocephalus
African/Gray-headed Swamphen;Porphyrio madagascariensis/poliocephalus
swamphen sp.;Porphyrio sp. (swamphen sp.)
moorhen/coot/gallinule sp.;Gallinula/Fulica/Porphyrio sp.
Nkulengu Rail;Himantornis haematopus
White-browed Crake;Poliolimnas cinereus
New Guinea Flightless Rail;Megacrex inepta
Watercock;Gallicrex cinerea
Isabelline Bush-hen;Amaurornis isabellina
Plain Bush-hen;Amaurornis olivacea
White-breasted Waterhen;Amaurornis phoenicurus
Talaud Bush-hen;Amaurornis magnirostris
Pale-vented Bush-hen;Amaurornis moluccana
Striped Crake;Aenigmatolimnas marginalis
Red-necked Crake;Rallina tricolor
Andaman Crake;Rallina canningi
Great Nicobar Crake (undescribed form);Rallina [undescribed form]
Red-legged Crake;Rallina fasciata
Slaty-legged Crake;Rallina eurizonoides
Rallina sp.;Rallina sp.
Ruddy-breasted Crake;Zapornia fusca
Band-bellied Crake;Zapornia paykullii
Brown Crake;Zapornia akool
Black Crake;Zapornia flavirostra
Little Crake;Zapornia parva
Baillon's Crake;Zapornia pusilla
Baillon's Crake (Western);Zapornia pusilla intermedia
Baillon's Crake (Eastern);Zapornia pusilla pusilla
Baillon's Crake (Australasian);Zapornia pusilla [palustris Group]
Little/Baillon's Crake;Zapornia parva/pusilla
Spotted/Little/Baillon's Crake;Porzana porzana/Zapornia parva/pusilla
St. Helena Crake;Zapornia astrictocarpus
Laysan Rail;Zapornia palmeri
Sakalava Rail;Zapornia olivieri
Black-tailed Crake;Zapornia bicolor
Hawaiian Rail;Zapornia sandwichensis
Miller's Rail;Zapornia nigra
Henderson Island Crake;Zapornia atra
Spotless Crake;Zapornia tabuensis
Kosrae Crake;Zapornia monasa
Zapornia sp.;Zapornia sp.
Ocellated Crake;Rufirallus schomburgkii
Russet-crowned Crake;Rufirallus viridis
Black-banded Crake;Rufirallus fasciatus
Red-and-white Crake;Rufirallus leucopyrrhus
Rufous-faced Crake;Rufirallus xenopterus
Chestnut-headed Crake;Anurolimnas castaneiceps
Swinhoe's Rail;Coturnicops exquisitus
Yellow Rail;Coturnicops noveboracensis
Yellow Rail (Northern);Coturnicops noveboracensis noveboracensis
Yellow Rail (Goldman's);Coturnicops noveboracensis goldmani
Inaccessible Island Rail;Laterallus rogersi
Speckled Rail;Laterallus notatus
Yellow-breasted Crake;Laterallus flaviventer
Rusty-flanked Crake;Laterallus levraudi
Rufous-sided Crake;Laterallus melanophaius
Red-and-white/Rufous-sided Crake;Rufirallus leucopyrrhus/Laterallus melanophaius
Ruddy Crake;Laterallus ruber
White-throated Crake;Laterallus albigularis
White-throated Crake (Rufous-faced);Laterallus albigularis albigularis/cerdaleus
White-throated Crake (Gray-faced);Laterallus albigularis cinereiceps
Ruddy/White-throated Crake;Laterallus ruber/albigularis
Gray-breasted Crake;Laterallus exilis
Galapagos Rail;Laterallus spilonota
Black Rail;Laterallus jamaicensis
Black Rail (Northern);Laterallus jamaicensis jamaicensis/coturniculus
Black Rail (Southern South America);Laterallus jamaicensis salinasi/murivagans
Black Rail (Junin);Laterallus jamaicensis tuerosi
Dot-winged Crake;Laterallus spiloptera
Porzana/Zapornia sp.;Porzana/Zapornia sp.
rail/crake sp.;Rallidae sp. (rail/crake sp.)
African Finfoot;Podica senegalensis
Masked Finfoot;Heliopais personatus
Sungrebe;Heliornis fulica
Limpkin;Aramus guarauna
Limpkin (Speckled);Aramus guarauna [pictus Group]
Limpkin (Brown-backed);Aramus guarauna guarauna
Gray-winged Trumpeter;Psophia crepitans
Gray-winged Trumpeter (Napo);Psophia crepitans napensis
Gray-winged Trumpeter (Ochre-winged);Psophia crepitans ochroptera
Gray-winged Trumpeter (Gray-winged);Psophia crepitans crepitans
Pale-winged Trumpeter;Psophia leucoptera
Dark-winged Trumpeter;Psophia viridis
Dark-winged Trumpeter (Green-backed);Psophia viridis viridis
Dark-winged Trumpeter (Dusky-backed);Psophia viridis dextralis
Dark-winged Trumpeter (Xingu);Psophia viridis interjecta
Dark-winged Trumpeter (Black-backed);Psophia viridis obscura
trumpeter sp.;Psophia sp.
Gray Crowned-Crane;Balearica regulorum
Black Crowned-Crane;Balearica pavonina
Siberian Crane;Leucogeranus leucogeranus
Sandhill Crane;Antigone canadensis
Sandhill Crane (Lesser);Antigone canadensis canadensis
Sandhill Crane (Greater);Antigone canadensis tabida/rowani
Sandhill Crane (Mississippi);Antigone canadensis pulla
Sandhill Crane (Florida);Antigone canadensis pratensis
Sandhill Crane (Cuban);Antigone canadensis nesiotes
White-naped Crane;Antigone vipio
Brolga;Antigone rubicunda
Sarus Crane;Antigone antigone
Brolga x Sarus Crane (hybrid);Antigone rubicunda x antigone
Wattled Crane;Grus carunculatus
Demoiselle Crane;Grus virgo
Blue Crane;Grus paradiseus
Red-crowned Crane;Grus japonensis
Whooping Crane;Grus americana
Sandhill x Whooping Crane (hybrid);Antigone canadensis x Grus americana
Common Crane;Grus grus
Sandhill x Common Crane (hybrid);Antigone canadensis x Grus grus
Black-necked Crane;Grus nigricollis
Hooded Crane;Grus monacha
Common x Hooded Crane (hybrid);Grus grus x monacha
crane sp.;Gruidae sp.
Magellanic Plover;Pluvianellus socialis
Black-faced Sheathbill;Chionis minor
Snowy Sheathbill;Chionis albus
Double-striped Thick-knee;Hesperoburhinus bistriatus
Peruvian Thick-knee;Hesperoburhinus superciliaris
Great Thick-knee;Esacus recurvirostris
Beach Thick-knee;Esacus magnirostris
Spotted Thick-knee;Burhinus capensis
Water Thick-knee;Burhinus vermiculatus
Bush Thick-knee;Burhinus grallarius
Eurasian Thick-knee;Burhinus oedicnemus
Indian Thick-knee;Burhinus indicus
Senegal Thick-knee;Burhinus senegalensis
Burhinus sp.;Burhinus sp.
Egyptian Plover;Pluvianus aegyptius
Black-winged Stilt;Himantopus himantopus
Pied Stilt;Himantopus leucocephalus
Black-winged x Pied Stilt (hybrid);Himantopus himantopus x leucocephalus
Black-winged/Pied Stilt;Himantopus himantopus/leucocephalus
Black Stilt;Himantopus novaezelandiae
Pied x Black Stilt (hybrid);Himantopus leucocephalus x novaezelandiae
Pied/Black Stilt;Himantopus leucocephalus/novaezelandiae
Black-necked Stilt;Himantopus mexicanus
Black-necked Stilt (Black-necked);Himantopus mexicanus mexicanus
Black-necked Stilt (Hawaiian);Himantopus mexicanus knudseni
Black-necked Stilt (White-backed);Himantopus mexicanus melanurus
Black-necked Stilt (Black-necked x White-backed);Himantopus mexicanus mexicanus x melanurus
Black-winged x Black-necked Stilt (hybrid);Himantopus himantopus x mexicanus
Banded Stilt;Cladorhynchus leucocephalus
Pied Avocet;Recurvirostra avosetta
Red-necked Avocet;Recurvirostra novaehollandiae
Andean Avocet;Recurvirostra andina
American Avocet;Recurvirostra americana
Black-necked Stilt x American Avocet (hybrid);Himantopus mexicanus x Recurvirostra americana
stilt/avocet sp.;Recurvirostridae sp.
Ibisbill;Ibidorhyncha struthersii
Eurasian Oystercatcher;Haematopus ostralegus
Eurasian Oystercatcher (Western);Haematopus ostralegus ostralegus/longipes
Eurasian Oystercatcher (Far Eastern);Haematopus ostralegus osculans
Pied Oystercatcher;Haematopus longirostris
South Island Oystercatcher;Haematopus finschi
Chatham Islands Oystercatcher;Haematopus chathamensis
Variable Oystercatcher;Haematopus unicolor
South Island x Variable Oystercatcher (hybrid);Haematopus finschi x unicolor
Sooty Oystercatcher;Haematopus fuliginosus
Sooty Oystercatcher (Yellow-spectacled);Haematopus fuliginosus opthalmicus
Sooty Oystercatcher (Orange-spectacled);Haematopus fuliginosus fuliginosus
American Oystercatcher;Haematopus palliatus
African Oystercatcher;Haematopus moquini
Canarian Oystercatcher;Haematopus meadewaldoi
Blackish Oystercatcher;Haematopus ater
Magellanic Oystercatcher;Haematopus leucopodus
Black Oystercatcher;Haematopus bachmani
American x Black Oystercatcher (hybrid);Haematopus palliatus x bachmani
American/Black Oystercatcher;Haematopus palliatus/bachmani
oystercatcher sp.;Haematopus sp.
Black-bellied Plover;Pluvialis squatarola
European Golden-Plover;Pluvialis apricaria
American Golden-Plover;Pluvialis dominica
Pacific Golden-Plover;Pluvialis fulva
American/Pacific Golden-Plover (Lesser Golden-Plover);Pluvialis dominica/fulva
golden-plover sp.;Pluvialis dominica/apricaria/fulva
Black-bellied Plover/golden-plover sp.;Pluvialis sp.
Tawny-throated Dotterel;Oreopholus ruficollis
Pied Plover;Hoploxypterus cayanus
Diademed Sandpiper-Plover;Phegornis mitchellii
Rufous-chested Dotterel;Zonibyx modestus
Eurasian Dotterel;Eudromias morinellus
Killdeer;Charadrius vociferus
Common Ringed Plover;Charadrius hiaticula
Semipalmated Plover;Charadrius semipalmatus
Common Ringed/Semipalmated Plover;Charadrius hiaticula/semipalmatus
Piping Plover;Charadrius melodus
Hooded Plover;Thinornis cucullatus
Black-fronted Dotterel;Thinornis melanops
Shore Plover;Thinornis novaeseelandiae
Forbes's Plover;Thinornis forbesi
Three-banded Plover;Thinornis tricollaris
Three-banded Plover (African);Thinornis tricollaris tricollaris
Three-banded Plover (Madagascar);Thinornis tricollaris bifrontatus
Little Ringed Plover;Thinornis dubius
Little Ringed Plover (curonicus);Thinornis dubius curonicus
Little Ringed Plover (dubius/jerdoni);Thinornis dubius dubius/jerdoni
Common/Little Ringed Plover;Charadrius hiaticula/Thinornis dubius
Long-billed Plover;Thinornis placidus
Charadrius/Thinornis sp.;Charadrius/Thinornis sp.
Northern Lapwing;Vanellus vanellus
Long-toed Lapwing;Vanellus crassirostris
Blacksmith Lapwing;Vanellus armatus
Spur-winged Lapwing;Vanellus spinosus
River Lapwing;Vanellus duvaucelii
Yellow-wattled Lapwing;Vanellus malabaricus
Black-headed Lapwing;Vanellus tectus
White-crowned Lapwing;Vanellus albiceps
Blacksmith x White-crowned Lapwing (hybrid);Vanellus armatus x albiceps
Senegal Lapwing;Vanellus lugubris
Black-winged Lapwing;Vanellus melanopterus
Crowned Lapwing;Vanellus coronatus
Wattled Lapwing;Vanellus senegallus
Spot-breasted Lapwing;Vanellus melanocephalus
Brown-chested Lapwing;Vanellus superciliosus
Gray-headed Lapwing;Vanellus cinereus
Red-wattled Lapwing;Vanellus indicus
Red-wattled Lapwing (White-necked);Vanellus indicus [indicus Group]
Red-wattled Lapwing (Black-necked);Vanellus indicus atronuchalis
Javan Lapwing;Vanellus macropterus
Banded Lapwing;Vanellus tricolor
Masked Lapwing;Vanellus miles
Masked Lapwing (Masked);Vanellus miles miles
Masked Lapwing (Black-shouldered);Vanellus miles novaehollandiae
Sociable Lapwing;Vanellus gregarius
White-tailed Lapwing;Vanellus leucurus
Southern Lapwing;Vanellus chilensis
Southern Lapwing (cayennensis);Vanellus chilensis cayennensis
Southern Lapwing (lampronotus);Vanellus chilensis lampronotus
Southern Lapwing (chilensis/fretensis);Vanellus chilensis chilensis/fretensis
Andean Lapwing;Vanellus resplendens
lapwing sp.;Vanellus sp.
Red-kneed Dotterel;Erythrogonys cinctus
Inland Dotterel;Peltohyas australis
Caspian Plover;Anarhynchus asiaticus
Oriental Plover;Anarhynchus veredus
Siberian Sand-Plover;Anarhynchus mongolus
Tibetan Sand-Plover;Anarhynchus atrifrons
Siberian/Tibetan Sand-Plover;Anarhynchus mongolus/atrifrons
Greater Sand-Plover;Anarhynchus leschenaultii
sand-plover sp.;Anarhynchus mongolus/atrifrons/leschenaultii
Double-banded Plover;Anarhynchus bicinctus
Wrybill;Anarhynchus frontalis
Red-breasted Dotterel;Anarhynchus obscurus
Red-breasted Dotterel (Northern);Anarhynchus obscurus aquilonius
Red-breasted Dotterel (Southern);Anarhynchus obscurus obscurus
Wilson's Plover;Anarhynchus wilsonia
Collared Plover;Anarhynchus collaris
Mountain Plover;Anarhynchus montanus
Puna Plover;Anarhynchus alticola
Two-banded Plover;Anarhynchus falklandicus
Madagascar Plover;Anarhynchus thoracicus
Kittlitz's Plover;Anarhynchus pecuarius
St. Helena Plover;Anarhynchus sanctaehelenae
Red-capped Plover;Anarhynchus ruficapillus
Snowy Plover;Anarhynchus nivosus
Snowy Plover (Northern);Anarhynchus nivosus nivosus
Snowy Plover (Humboldt);Anarhynchus nivosus occidentalis
Chestnut-banded Plover;Anarhynchus pallidus
Malaysian Plover;Anarhynchus peronii
White-fronted Plover;Anarhynchus marginatus
Javan Plover;Anarhynchus javanicus
Kentish Plover;Anarhynchus alexandrinus
Kentish Plover (Kentish);Anarhynchus alexandrinus alexandrinus/nihonensis
Kentish Plover (Hanuman);Anarhynchus alexandrinus seebohmi
Snowy/Kentish Plover;Anarhynchus nivosus/alexandrinus
White-faced Plover;Anarhynchus dealbatus
Kentish/White-faced Plover;Anarhynchus alexandrinus/dealbatus
Anarhynchus sp.;Anarhynchus sp.
small plover sp.;Charadrius/Thinornis/Anarhynchus sp.
plover sp.;Charadriidae sp.
Plains-wanderer;Pedionomus torquatus
Rufous-bellied Seedsnipe;Attagis gayi
White-bellied Seedsnipe;Attagis malouinus
Gray-breasted Seedsnipe;Thinocorus orbignyianus
Least Seedsnipe;Thinocorus rumicivorus
Gray-breasted/Least Seedsnipe;Thinocorus orbignyianus/rumicivorus
seedsnipe sp.;Thinocoridae sp.
Greater Painted-Snipe;Rostratula benghalensis
Australian Painted-Snipe;Rostratula australis
South American Painted-Snipe;Nycticryphes semicollaris
Pheasant-tailed Jacana;Hydrophasianus chirurgus
Northern Jacana;Jacana spinosa
Wattled Jacana;Jacana jacana
Wattled Jacana (Black-backed);Jacana jacana hypomelaena
Wattled Jacana (Chestnut-backed);Jacana jacana [jacana Group]
Northern x Wattled Jacana (hybrid);Jacana spinosa x jacana
Northern/Wattled Jacana;Jacana spinosa/jacana
Lesser Jacana;Microparra capensis
Comb-crested Jacana;Irediparra gallinacea
Bronze-winged Jacana;Metopidius indicus
African Jacana;Actophilornis africanus
Madagascar Jacana;Actophilornis albinucha
jacana sp.;Jacanidae sp.
Upland Sandpiper;Bartramia longicauda
Bristle-thighed Curlew;Numenius tahitiensis
Hudsonian Whimbrel;Numenius hudsonicus
Eurasian Whimbrel;Numenius phaeopus
Eurasian Whimbrel (European);Numenius phaeopus phaeopus
Eurasian Whimbrel (Steppe);Numenius phaeopus alboaxillaris
Eurasian Whimbrel (Siberian);Numenius phaeopus variegatus/rogachevae
Hudsonian/Eurasian Whimbrel;Numenius hudsonicus/phaeopus
Little Curlew;Numenius minutus
Eskimo Curlew;Numenius borealis
Long-billed Curlew;Numenius americanus
Far Eastern Curlew;Numenius madagascariensis
Slender-billed Curlew;Numenius tenuirostris
Eurasian Curlew;Numenius arquata
Eurasian Whimbrel/Eurasian Curlew;Numenius phaeopus/arquata
Far Eastern/Eurasian Curlew;Numenius madagascariensis/arquata
curlew sp.;Numenius sp.
Bar-tailed Godwit;Limosa lapponica
Bar-tailed Godwit (European);Limosa lapponica [lapponica Group]
Bar-tailed Godwit (Siberian);Limosa lapponica [baueri Group]
Black-tailed Godwit;Limosa limosa
Black-tailed Godwit (Icelandic);Limosa limosa islandica
Black-tailed Godwit (European);Limosa limosa limosa
Black-tailed Godwit (melanuroides);Limosa limosa melanuroides
Black-tailed Godwit (bohaii);Limosa limosa bohaii
Bar-tailed/Black-tailed Godwit;Limosa lapponica/limosa
Hudsonian Godwit;Limosa haemastica
Bar-tailed x Hudsonian Godwit (hybrid);Limosa lapponica x haemastica
Black-tailed x Hudsonian Godwit (hybrid);Limosa limosa x haemastica
Marbled Godwit;Limosa fedoa
Hudsonian/Marbled Godwit;Limosa haemastica/fedoa
godwit sp.;Limosa sp.
Asian Dowitcher;Limnodromus semipalmatus
Short-billed Dowitcher;Limnodromus griseus
Short-billed Dowitcher (griseus);Limnodromus griseus griseus
Short-billed Dowitcher (hendersoni);Limnodromus griseus hendersoni
Short-billed Dowitcher (caurinus);Limnodromus griseus caurinus
Long-billed Dowitcher;Limnodromus scolopaceus
Short-billed/Long-billed Dowitcher;Limnodromus griseus/scolopaceus
Jack Snipe;Lymnocryptes minimus
American Woodcock;Scolopax minor
Eurasian Woodcock;Scolopax rusticola
Amami Woodcock;Scolopax mira
Eurasian/Amami Woodcock;Scolopax rusticola/mira
Bukidnon Woodcock;Scolopax bukidnonensis
Javan Woodcock;Scolopax saturata
New Guinea Woodcock;Scolopax rosenbergii
Sulawesi Woodcock;Scolopax celebensis
Moluccan Woodcock;Scolopax rochussenii
North Island Snipe;Coenocorypha barrierensis
South Island Snipe;Coenocorypha iredalei
Chatham Islands Snipe;Coenocorypha pusilla
Snares Snipe;Coenocorypha huegeli
Subantarctic Snipe;Coenocorypha aucklandica
Imperial Snipe;Gallinago imperialis
Jameson's Snipe;Gallinago jamesoni
Fuegian Snipe;Gallinago stricklandii
Solitary Snipe;Gallinago solitaria
Wood Snipe;Gallinago nemoricola
Great Snipe;Gallinago media
Swinhoe's Snipe;Gallinago megala
Pin-tailed Snipe;Gallinago stenura
Swinhoe's/Pin-tailed Snipe;Gallinago megala/stenura
Latham's Snipe;Gallinago hardwickii
African Snipe;Gallinago nigripennis
Common Snipe;Gallinago gallinago
Great x Common Snipe (hybrid);Gallinago media x gallinago
Pin-tailed/Common Snipe;Gallinago stenura/gallinago
Wilson's Snipe;Gallinago delicata
Common/Wilson's Snipe;Gallinago gallinago/delicata
Giant Snipe;Gallinago undulata
Noble Snipe;Gallinago nobilis
Puna Snipe;Gallinago andina
Madagascar Snipe;Gallinago macrodactyla
Pantanal Snipe;Gallinago paraguaiae
Wilson's/Pantanal Snipe;Gallinago delicata/paraguaiae
Magellanic Snipe;Gallinago magellanica
Pantanal/Magellanic Snipe;Gallinago paraguaiae/magellanica
snipe sp.;Gallinago sp.
Wilson's Phalarope;Phalaropus tricolor
Red Phalarope;Phalaropus fulicarius
Red-necked Phalarope;Phalaropus lobatus
Red/Red-necked Phalarope;Phalaropus fulicarius/lobatus
phalarope sp.;Phalaropus sp.
Terek Sandpiper;Xenus cinereus
Common Sandpiper;Actitis hypoleucos
Spotted Sandpiper;Actitis macularius
Common/Spotted Sandpiper;Actitis hypoleucos/macularius
Green Sandpiper;Tringa ochropus
Solitary Sandpiper;Tringa solitaria
Solitary Sandpiper (solitaria);Tringa solitaria solitaria
Solitary Sandpiper (cinnamomea);Tringa solitaria cinnamomea
Spotted/Solitary Sandpiper;Actitis macularius/Tringa solitaria
Gray-tailed Tattler;Tringa brevipes
Wandering Tattler;Tringa incana
Gray-tailed/Wandering Tattler;Tringa brevipes/incana
Marsh Sandpiper;Tringa stagnatilis
Wood Sandpiper;Tringa glareola
Common Redshank;Tringa totanus
Lesser Yellowlegs;Tringa flavipes
Nordmann's Greenshank;Tringa guttifer
Willet;Tringa semipalmata
Willet (Eastern);Tringa semipalmata semipalmata
Willet (Western);Tringa semipalmata inornata
Spotted Redshank;Tringa erythropus
Common/Spotted Redshank;Tringa totanus/erythropus
Common Greenshank;Tringa nebularia
Nordmann's/Common Greenshank;Tringa guttifer/nebularia
Greater Yellowlegs;Tringa melanoleuca
Lesser/Greater Yellowlegs;Tringa flavipes/melanoleuca
Tringa sp.;Tringa sp.
Kiritimati Sandpiper;Prosobonia cancellata
White-winged Sandpiper;Prosobonia leucoptera
Moorea Sandpiper;Prosobonia ellisi
Tuamotu Sandpiper;Prosobonia parvirostris
Ruddy Turnstone;Arenaria interpres
Black Turnstone;Arenaria melanocephala
Great Knot;Calidris tenuirostris
Red Knot;Calidris canutus
Great/Red Knot;Calidris tenuirostris/canutus
Surfbird;Calidris virgata
Great Knot x Surfbird (hybrid);Calidris tenuirostris x virgata
Red Knot x Surfbird (hybrid);Calidris canutus x virgata
Ruff;Calidris pugnax
Broad-billed Sandpiper;Calidris falcinellus
Sharp-tailed Sandpiper;Calidris acuminata
Curlew Sandpiper;Calidris ferruginea
Stilt Sandpiper;Calidris himantopus
Temminck's Stint;Calidris temminckii
Long-toed Stint;Calidris subminuta
Red-necked Stint;Calidris ruficollis
Spoon-billed Sandpiper;Calidris pygmaea
Buff-breasted Sandpiper;Calidris subruficollis
Sanderling;Calidris alba
Dunlin;Calidris alpina
Dunlin (pacifica/arcticola);Calidris alpina pacifica/arcticola
Dunlin (hudsonia);Calidris alpina hudsonia
Dunlin (arctica);Calidris alpina arctica
Dunlin (schinzii);Calidris alpina schinzii
Dunlin (alpina/centralis);Calidris alpina alpina/centralis
Dunlin (sakhalina Group);Calidris alpina [sakhalina Group]
Curlew Sandpiper/Dunlin;Calidris ferruginea/alpina
Purple Sandpiper;Calidris maritima
Dunlin x Purple Sandpiper (hybrid);Calidris alpina x maritima
Rock Sandpiper;Calidris ptilocnemis
Rock Sandpiper (Pribilof Is.);Calidris ptilocnemis ptilocnemis
Rock Sandpiper (quarta/tschuktschorum/couesi);Calidris ptilocnemis quarta/tschuktschorum/couesi
Rock Sandpiper (Kuril Is.);Calidris ptilocnemis quarta
Rock Sandpiper (Bering Strait);Calidris ptilocnemis tschuktschorum
Rock Sandpiper (Aleutian);Calidris ptilocnemis couesi
Dunlin x Rock Sandpiper (hybrid);Calidris alpina x ptilocnemis
Purple/Rock Sandpiper;Calidris maritima/ptilocnemis
Baird's Sandpiper;Calidris bairdii
Buff-breasted x Baird's Sandpiper (hybrid);Calidris subruficollis x bairdii
Little Stint;Calidris minuta
Red-necked/Little Stint;Calidris ruficollis/minuta
White-rumped Sandpiper;Calidris fuscicollis
Ruddy Turnstone x White-rumped Sandpiper (hybrid);Arenaria interpres x Calidris fuscicollis
Red Knot x White-rumped Sandpiper (hybrid);Calidris canutus x fuscicollis
Buff-breasted x White-rumped Sandpiper (hybrid);Calidris subruficollis x fuscicollis
Dunlin x White-rumped Sandpiper (hybrid);Calidris alpina x fuscicollis
Least Sandpiper;Calidris minutilla
Pectoral Sandpiper;Calidris melanotos
Curlew x Pectoral Sandpiper (hybrid);Calidris ferruginea x melanotos
White-rumped x Pectoral Sandpiper (hybrid);Calidris fuscicollis x melanotos
Sharp-tailed/Pectoral Sandpiper;Calidris acuminata/melanotos
Western Sandpiper;Calidris mauri
Semipalmated Sandpiper;Calidris pusilla
White-rumped x Semipalmated Sandpiper (hybrid);Calidris fuscicollis x pusilla
Western/Semipalmated Sandpiper;Calidris mauri/pusilla
peep sp.;Calidris sp. (peep sp.)
Calidris sp.;Calidris sp.
Scolopacidae sp.;Scolopacidae sp.
large shorebird sp.;Charadriiformes sp. (large shorebird sp.)
Yellow-legged Buttonquail;Turnix tanki
Red-backed Buttonquail;Turnix maculosus
Barred Buttonquail;Turnix suscitator
Spotted Buttonquail;Turnix ocellatus
Small Buttonquail;Turnix sylvaticus
Little Buttonquail;Turnix velox
Red-chested Buttonquail;Turnix pyrrhothorax
Luzon Buttonquail;Turnix worcesteri
Sumba Buttonquail;Turnix everetti
Black-rumped Buttonquail;Turnix nanus
Fynbos Buttonquail;Turnix hottentottus
Chestnut-backed Buttonquail;Turnix castanotus
Buff-breasted Buttonquail;Turnix olivii
Painted Buttonquail;Turnix varius
New Caledonian Buttonquail;Turnix novaecaledoniae
Black-breasted Buttonquail;Turnix melanogaster
Madagascar Buttonquail;Turnix nigricollis
buttonquail sp.;Turnix sp.
Quail-plover;Ortyxelos meiffrenii
Crab-Plover;Dromas ardeola
Double-banded Courser;Smutsornis africanus
Bronze-winged Courser;Rhinoptilus chalcopterus
Jerdon's Courser;Rhinoptilus bitorquatus
Three-banded Courser;Rhinoptilus cinctus
Temminck's Courser;Cursorius temminckii
Indian Courser;Cursorius coromandelicus
Cream-colored Courser;Cursorius cursor
Somali Courser;Cursorius somalensis
Burchell's Courser;Cursorius rufus
Temminck's/Burchell's Courser;Cursorius temminckii/rufus
courser sp.;Glareolidae sp. (courser sp.)
Rock Pratincole;Glareola nuchalis
Rock Pratincole (Rufous-naped);Glareola nuchalis liberiae
Rock Pratincole (White-naped);Glareola nuchalis nuchalis
Australian Pratincole;Glareola isabella
Gray Pratincole;Glareola cinerea
Small Pratincole;Glareola lactea
Madagascar Pratincole;Glareola ocularis
Collared Pratincole;Glareola pratincola
Black-winged Pratincole;Glareola nordmanni
Collared/Black-winged Pratincole;Glareola pratincola/nordmanni
Oriental Pratincole;Glareola maldivarum
Collared/Oriental Pratincole;Glareola pratincola/maldivarum
pratincole sp.;Glareola sp.
shorebird sp.;Charadriiformes sp. (shorebird sp.)
Long-tailed Jaeger;Stercorarius longicaudus
Parasitic Jaeger;Stercorarius parasiticus
Long-tailed/Parasitic Jaeger;Stercorarius longicaudus/parasiticus
Pomarine Jaeger;Stercorarius pomarinus
Long-tailed/Pomarine Jaeger;Stercorarius longicaudus/pomarinus
Parasitic/Pomarine Jaeger;Stercorarius parasiticus/pomarinus
Great Skua;Stercorarius skua
Chilean Skua;Stercorarius chilensis
Brown Skua;Stercorarius antarcticus
Brown Skua (Subantarctic);Stercorarius antarcticus lonnbergi
Brown Skua (Falkland);Stercorarius antarcticus antarcticus
Brown Skua (Tristan);Stercorarius antarcticus hamiltoni
South Polar Skua;Stercorarius maccormicki
jaeger sp.;Stercorarius sp. (jaeger sp.)
skua sp.;Stercorarius sp. (skua sp.)
jaeger/skua sp.;Stercorarius sp.
Rhinoceros Auklet;Cerorhinca monocerata
Tufted Puffin;Fratercula cirrhata
Atlantic Puffin;Fratercula arctica
Horned Puffin;Fratercula corniculata
puffin sp.;Fratercula sp.
Cassin's Auklet;Ptychoramphus aleuticus
Least Auklet;Aethia pusilla
Whiskered Auklet;Aethia pygmaea
Crested Auklet;Aethia cristatella
Parakeet Auklet;Aethia psittacula
auklet sp.;Ptychoramphus/Aethia sp.
Long-billed Murrelet;Brachyramphus perdix
Kittlitz's Murrelet;Brachyramphus brevirostris
Marbled Murrelet;Brachyramphus marmoratus
Black Guillemot;Cepphus grylle
Black Guillemot (mandtii);Cepphus grylle mandtii
Black Guillemot (grylle Group);Cepphus grylle [grylle Group]
Spectacled Guillemot;Cepphus carbo
Pigeon Guillemot;Cepphus columba
Pigeon Guillemot (snowi);Cepphus columba snowi
Pigeon Guillemot (columba Group);Cepphus columba [columba Group]
Black/Pigeon Guillemot;Cepphus grylle/columba
Razorbill;Alca torda
Great Auk;Pinguinus impennis
Dovekie;Alle alle
Thick-billed Murre;Uria lomvia
Common Murre;Uria aalge
Thick-billed x Common Murre (hybrid);Uria lomvia x aalge
Thick-billed/Common Murre;Uria lomvia/aalge
large alcid sp.;Alca/Uria sp.
Ancient Murrelet;Synthliboramphus antiquus
Japanese Murrelet;Synthliboramphus wumizusume
Scripps's Murrelet;Synthliboramphus scrippsi
Guadalupe Murrelet;Synthliboramphus hypoleucus
Scripps's/Guadalupe Murrelet (Xantus's Murrelet);Synthliboramphus scrippsi/hypoleucus
Craveri's Murrelet;Synthliboramphus craveri
Scripps's/Craveri's Murrelet;Synthliboramphus scrippsi/craveri
Scripps's/Guadalupe/Craveri's Murrelet;Synthliboramphus scrippsi/hypoleucus/craveri
murrelet sp.;Brachyramphus/Synthliboramphus sp.
alcid sp.;Alcidae sp.
Swallow-tailed Gull;Creagrus furcatus
Little Gull;Hydrocoloeus minutus
Ross's Gull;Rhodostethia rosea
Black-legged Kittiwake;Rissa tridactyla
Black-legged Kittiwake (Atlantic);Rissa tridactyla tridactyla
Black-legged Kittiwake (Pacific);Rissa tridactyla pollicaris
Red-legged Kittiwake;Rissa brevirostris
Black-legged/Red-legged Kittiwake;Rissa tridactyla/brevirostris
Ivory Gull;Pagophila eburnea
Sabine's Gull;Xema sabini
Saunders's Gull;Saundersilarus saundersi
Slender-billed Gull;Chroicocephalus genei
Bonaparte's Gull;Chroicocephalus philadelphia
Silver Gull;Chroicocephalus novaehollandiae
Silver Gull (Silver);Chroicocephalus novaehollandiae novaehollandiae/forsteri
Silver Gull (Red-billed);Chroicocephalus novaehollandiae scopulinus
Black-billed Gull;Chroicocephalus bulleri
Silver/Black-billed Gull;Chroicocephalus novaehollandiae/bulleri
Andean Gull;Chroicocephalus serranus
Brown-hooded Gull;Chroicocephalus maculipennis
Brown-hooded Gull (White-winged);Chroicocephalus maculipennis (White-winged)
Brown-hooded Gull (Dark-winged);Chroicocephalus maculipennis (Dark-winged)
Black-headed Gull;Chroicocephalus ridibundus
Slender-billed x Black-headed Gull (hybrid);Chroicocephalus genei x ridibundus
Slender-billed/Black-headed Gull;Chroicocephalus genei/ridibundus
Brown-headed Gull;Chroicocephalus brunnicephalus
Slender-billed x Brown-headed Gull (hybrid);Chroicocephalus genei x brunnicephalus
Black-headed/Brown-headed Gull;Chroicocephalus ridibundus/brunnicephalus
Gray-hooded Gull;Chroicocephalus cirrocephalus
Brown-hooded/Gray-hooded Gull;Chroicocephalus maculipennis/cirrocephalus
Hartlaub's Gull;Chroicocephalus hartlaubii
Gray-hooded x Hartlaub's Gull (hybrid);Chroicocephalus cirrocephalus x hartlaubii
Gray-hooded/Hartlaub's Gull;Chroicocephalus cirrocephalus/hartlaubii
Chroicocephalus sp.;Chroicocephalus sp.
Gray Gull;Leucophaeus modestus
Dolphin Gull;Leucophaeus scoresbii
Laughing Gull;Leucophaeus atricilla
Gray-hooded x Laughing Gull (hybrid);Chroicocephalus cirrocephalus x Leucophaeus atricilla
Franklin's Gull;Leucophaeus pipixcan
Bonaparte's x Franklin's Gull (hybrid);Chroicocephalus philadelphia x Leucophaeus pipixcan
Laughing/Franklin's Gull;Leucophaeus atricilla/pipixcan
Lava Gull;Leucophaeus fuliginosus
Pallas's Gull;Ichthyaetus ichthyaetus
Relict Gull;Ichthyaetus relictus
Audouin's Gull;Ichthyaetus audouinii
Mediterranean Gull;Ichthyaetus melanocephalus
Black-headed x Mediterranean Gull (hybrid);Chroicocephalus ridibundus x Ichthyaetus melanocephalus
Black-headed/Mediterranean Gull;Chroicocephalus ridibundus/Ichthyaetus melanocephalus
Sooty Gull;Ichthyaetus hemprichii
White-eyed Gull;Ichthyaetus leucophthalmus
Pacific Gull;Larus pacificus
Belcher's Gull;Larus belcheri
Black-tailed Gull;Larus crassirostris
Olrog's Gull;Larus atlanticus
Heermann's Gull;Larus heermanni
Common Gull;Larus canus
Common Gull (European);Larus canus canus
Common Gull (Russian);Larus canus heinei
Common Gull (Kamchatka);Larus canus kamtschatschensis
Black-headed x Common Gull (hybrid);Chroicocephalus ridibundus x Larus canus
Mediterranean x Common Gull (hybrid);Ichthyaetus melanocephalus x Larus canus
Short-billed Gull;Larus brachyrhynchus
Common/Short-billed Gull;Larus canus/brachyrhynchus
Ring-billed Gull;Larus delawarensis
Black-headed x Ring-billed Gull (hybrid);Chroicocephalus ridibundus x Larus delawarensis
Laughing x Ring-billed Gull (hybrid);Leucophaeus atricilla x Larus delawarensis
Franklin's x Ring-billed Gull (hybrid);Leucophaeus pipixcan x Larus delawarensis
Common x Ring-billed Gull (hybrid);Larus canus x delawarensis
Short-billed x Ring-billed Gull (hybrid);Larus brachyrhynchus x delawarensis
Yellow-footed Gull;Larus livens
Western Gull;Larus occidentalis
Yellow-footed/Western Gull;Larus livens/occidentalis
Caspian Gull;Larus cachinnans
Kelp Gull;Larus dominicanus
Kelp Gull (dominicanus);Larus dominicanus dominicanus
Kelp Gull (austrinus);Larus dominicanus austrinus
Kelp Gull (judithae);Larus dominicanus judithae
Kelp Gull (vetula);Larus dominicanus vetula
Kelp Gull (melisandae);Larus dominicanus melisandae
American Herring Gull;Larus smithsonianus
Ring-billed x American Herring Gull (hybrid);Larus delawarensis x smithsonianus
Vega Gull;Larus vegae
American Herring/Vega Gull;Larus smithsonianus/vegae
Mongolian Gull;Larus mongolicus
Vega/Mongolian Gull;Larus vegae/mongolicus
European Herring Gull;Larus argentatus
Caspian x European Herring Gull (hybrid);Larus cachinnans x argentatus
Kelp x American Herring Gull (hybrid);Larus dominicanus x smithsonianus
Caspian/European Herring Gull;Larus cachinnans/argentatus
American/European Herring Gull;Larus smithsonianus/argentatus
Yellow-legged Gull;Larus michahellis
Yellow-legged Gull (atlantis);Larus michahellis atlantis
Yellow-legged Gull (michahellis);Larus michahellis michahellis
Caspian x Yellow-legged Gull (hybrid);Larus cachinnans x michahellis
European Herring x Yellow-legged Gull (hybrid);Larus argentatus x michahellis
Caspian/Yellow-legged Gull;Larus cachinnans/michahellis
European Herring/Yellow-legged Gull;Larus argentatus/michahellis
Caspian/European Herring/Yellow-legged Gull;Larus cachinnans/argentatus/michahellis
Armenian Gull;Larus armenicus
Caspian/Yellow-legged/Armenian Gull;Larus cachinnans/michahellis/armenicus
Great Black-backed Gull;Larus marinus
American Herring x Great Black-backed Gull (hybrid);Larus smithsonianus x marinus
European Herring x Great Black-backed Gull (hybrid);Larus argentatus x marinus
Yellow-legged x Great Black-backed Gull (hybrid);Larus michahellis x marinus
Glaucous Gull;Larus hyperboreus
American Herring x Glaucous Gull (hybrid);Larus smithsonianus x hyperboreus
Vega x Glaucous Gull (hybrid);Larus vegae x hyperboreus
European Herring x Glaucous Gull (hybrid);Larus argentatus x hyperboreus
American Herring/Vega/European Herring x Glaucous Gull (hybrid);Larus smithsonianus/vegae/argentatus x hyperboreus
Great Black-backed x Glaucous Gull (hybrid);Larus marinus x hyperboreus
Lesser Black-backed Gull;Larus fuscus
Lesser Black-backed Gull (fuscus);Larus fuscus fuscus
Lesser Black-backed Gull (intermedius);Larus fuscus intermedius
Lesser Black-backed Gull (graellsii);Larus fuscus graellsii
Lesser Black-backed Gull (Heuglin's);Larus fuscus heuglini
Lesser Black-backed Gull (Steppe);Larus fuscus barabensis
Lesser Black-backed Gull (taimyrensis);Larus fuscus taimyrensis
Lesser Black-backed Gull (intermedius/graellsii);Larus fuscus intermedius/graellsii
Common x Lesser Black-backed Gull (hybrid);Larus canus x fuscus
Ring-billed x Lesser Black-backed Gull (hybrid);Larus delawarensis x fuscus
American Herring x Lesser Black-backed Gull (hybrid);Larus smithsonianus x fuscus
European Herring x Lesser Black-backed Gull (hybrid);Larus argentatus x fuscus
Yellow-legged x Lesser Black-backed Gull (hybrid);Larus michahellis x fuscus
Herring complex/Lesser Black-backed Gull;Larus smithsonianus/vegae/mongolicus/argentatus/fuscus
Yellow-legged/Lesser Black-backed Gull;Larus michahellis/fuscus
California Gull;Larus californicus
California Gull (californicus);Larus californicus californicus
California Gull (albertaensis);Larus californicus albertaensis
Ring-billed x California Gull (hybrid);Larus delawarensis x californicus
American Herring x California Gull (hybrid);Larus smithsonianus x californicus
Glaucous-winged Gull;Larus glaucescens
Western x Glaucous-winged Gull (hybrid);Larus occidentalis x glaucescens
American Herring x Glaucous-winged Gull (hybrid);Larus smithsonianus x glaucescens
Glaucous x Glaucous-winged Gull (hybrid);Larus hyperboreus x glaucescens
American Herring/Glaucous-winged Gull;Larus smithsonianus/glaucescens
Western/Glaucous-winged Gull;Larus occidentalis/glaucescens
Slaty-backed Gull;Larus schistisagus
Vega x Slaty-backed Gull (hybrid);Larus vegae x schistisagus
Glaucous-winged x Slaty-backed Gull (hybrid);Larus glaucescens x schistisagus
Glaucous x Slaty-backed Gull (hybrid);Larus hyperboreus x schistisagus
Iceland Gull;Larus glaucoides
Iceland Gull (Thayer's);Larus glaucoides thayeri
Iceland Gull (kumlieni);Larus glaucoides kumlieni
Iceland Gull (thayeri/kumlieni);Larus glaucoides thayeri/kumlieni
Iceland Gull (glaucoides);Larus glaucoides glaucoides
Iceland Gull (kumlieni/glaucoides);Larus glaucoides kumlieni/glaucoides
Iceland Gull (Thayer's x Iceland);Larus glaucoides thayeri x glaucoides/kumlieni
American Herring x Iceland Gull (hybrid);Larus smithsonianus x glaucoides
Lesser Black-backed x Iceland Gull (hybrid);Larus fuscus x glaucoides
American Herring/Iceland Gull;Larus smithsonianus/glaucoides
European Herring/Iceland Gull;Larus argentatus/glaucoides
white-winged gull sp.;Larus sp. (white-winged gull sp.)
Larus sp.;Larus sp.
gull sp.;Larinae sp.
African Skimmer;Rynchops flavirostris
Indian Skimmer;Rynchops albicollis
Black Skimmer;Rynchops niger
Black Skimmer (niger);Rynchops niger niger
Black Skimmer (cinerascens);Rynchops niger cinerascens
Black Skimmer (intercedens);Rynchops niger intercedens
Atlantic White-Tern;Gygis alba
Blue-billed White-Tern;Gygis candida
Little White-Tern;Gygis microrhyncha
Blue-billed x Little White-Tern (hybrid);Gygis candida x microrhyncha
Blue-billed/Little White-Tern;Gygis candida/microrhyncha
white-tern sp.;Gygis sp.
Brown Noddy;Anous stolidus
Lesser Noddy;Anous tenuirostris
Black Noddy;Anous minutus
Black Noddy (americanus);Anous minutus americanus
Black Noddy (melanogenys);Anous minutus melanogenys
Black Noddy (minutus Group);Anous minutus [minutus Group]
Brown/Black Noddy;Anous stolidus/minutus
Lesser/Black Noddy;Anous tenuirostris/minutus
Gray Noddy;Anous albivitta
Blue-gray Noddy;Anous ceruleus
Gray/Blue-gray Noddy;Anous albivitta/ceruleus
Aleutian Tern;Onychoprion aleuticus
Sooty Tern;Onychoprion fuscatus
Bridled Tern;Onychoprion anaethetus
Sooty/Bridled Tern;Onychoprion fuscatus/anaethetus
Gray-backed Tern;Onychoprion lunatus
Bridled/Gray-backed Tern;Onychoprion anaethetus/lunatus
Onychoprion sp.;Onychoprion sp.
Little Tern;Sternula albifrons
Saunders's Tern;Sternula saundersi
Little/Saunders's Tern;Sternula albifrons/saundersi
Damara Tern;Sternula balaenarum
Little/Damara Tern;Sternula albifrons/balaenarum
Australian Fairy Tern;Sternula nereis
Little x Australian Fairy Tern (hybrid);Sternula albifrons x nereis
Little/Australian Fairy Tern;Sternula albifrons/nereis
Least Tern;Sternula antillarum
Little/Least Tern;Sternula albifrons/antillarum
Yellow-billed Tern;Sternula superciliaris
Peruvian Tern;Sternula lorata
Sternula sp.;Sternula sp.
Large-billed Tern;Phaetusa simplex
Gull-billed Tern;Gelochelidon nilotica
Australian Tern;Gelochelidon macrotarsa
Gull-billed/Australian Tern;Gelochelidon nilotica/macrotarsa
Caspian Tern;Hydroprogne caspia
Inca Tern;Larosterna inca
Whiskered Tern;Chlidonias hybrida
Black-fronted Tern;Chlidonias albostriatus
Black Tern;Chlidonias niger
Black Tern (Eurasian);Chlidonias niger niger
Black Tern (American);Chlidonias niger surinamensis
White-winged Tern;Chlidonias leucopterus
Chlidonias sp.;Chlidonias sp.
River Tern;Sterna aurantia
Forster's Tern;Sterna forsteri
Snowy-crowned Tern;Sterna trudeaui
Arctic Tern;Sterna paradisaea
Forster's x Arctic Tern (hybrid);Sterna forsteri x paradisaea
South American Tern;Sterna hirundinacea
Antarctic Tern;Sterna vittata
Antarctic Tern (Antarctic);Sterna vittata [vittata Group]
Antarctic Tern (South Georgia);Sterna vittata georgiae
Arctic/Antarctic Tern;Sterna paradisaea/vittata
Kerguelen Tern;Sterna virgata
Common Tern;Sterna hirundo
Common Tern (hirundo/tibetana);Sterna hirundo hirundo/tibetana
Common Tern (longipennis);Sterna hirundo longipennis
Common Tern (hirundo/tibetana x longipennis);Sterna hirundo hirundo/tibetana x longipennis
Common x Arctic Tern (hybrid);Sterna hirundo x paradisaea
Forster's/Common Tern;Sterna forsteri/hirundo
Common/Arctic Tern;Sterna hirundo/paradisaea
White-cheeked Tern;Sterna repressa
Black-naped Tern;Sterna sumatrana
Roseate Tern;Sterna dougallii
Common x Roseate Tern (hybrid);Sterna hirundo x dougallii
White-fronted Tern;Sterna striata
Black-bellied Tern;Sterna acuticauda
River/Black-bellied Tern;Sterna aurantia/acuticauda
Sterna sp.;Sterna sp.
Sandwich Tern;Thalasseus sandvicensis
Sandwich Tern (Eurasian);Thalasseus sandvicensis sandvicensis
Sandwich Tern (Cabot's);Thalasseus sandvicensis acuflavidus
Sandwich Tern (Cayenne);Thalasseus sandvicensis eurygnathus
Sandwich Tern (Cabot's x Cayenne);Thalasseus sandvicensis acuflavidus x eurygnathus
Elegant Tern;Thalasseus elegans
Sandwich x Elegant Tern (hybrid);Thalasseus sandvicensis x elegans
Sandwich/Elegant Tern;Thalasseus sandvicensis/elegans
Lesser Crested Tern;Thalasseus bengalensis
Sandwich x Lesser Crested Tern (hybrid);Thalasseus sandvicensis x bengalensis
West African Crested Tern;Thalasseus albididorsalis
Royal Tern;Thalasseus maximus
Elegant/Royal Tern;Thalasseus elegans/maximus
West African Crested/Royal Tern;Thalasseus albididorsalis/maximus
Great Crested Tern;Thalasseus bergii
Lesser x Great Crested Tern (hybrid);Thalasseus bengalensis x bergii
Lesser/Great Crested Tern;Thalasseus bengalensis/bergii
Chinese Crested Tern;Thalasseus bernsteini
Great x Chinese Crested Tern (hybrid);Thalasseus bergii x bernsteini
Thalasseus sp.;Thalasseus sp.
large tern sp.;Hydroprogne/Thalasseus sp.
tern sp.;Sterninae sp.
gull/tern sp.;Laridae sp.
Chilean Flamingo;Phoenicopterus chilensis
American Flamingo;Phoenicopterus ruber
Chilean x American Flamingo (hybrid);Phoenicopterus chilensis x ruber
Greater Flamingo;Phoenicopterus roseus
Chilean x Greater Flamingo (hybrid);Phoenicopterus chilensis x roseus
American x Greater Flamingo (hybrid);Phoenicopterus ruber x roseus
American/Greater Flamingo;Phoenicopterus ruber/roseus
Lesser Flamingo;Phoeniconaias minor
Greater/Lesser Flamingo;Phoenicopterus roseus/Phoeniconaias minor
Andean Flamingo;Phoenicoparrus andinus
James's Flamingo;Phoenicoparrus jamesi
flamingo sp.;Phoenicopteridae sp.
White-tufted Grebe;Rollandia rolland
Titicaca Grebe;Rollandia microptera
Alaotra Grebe;Tachybaptus rufolavatus
Little Grebe;Tachybaptus ruficollis
Little Grebe (Little);Tachybaptus ruficollis [ruficollis Group]
Little Grebe (Tricolored);Tachybaptus ruficollis [tricolor Group]
Australasian Grebe;Tachybaptus novaehollandiae
Little/Australasian Grebe;Tachybaptus ruficollis/novaehollandiae
Madagascar Grebe;Tachybaptus pelzelnii
Least Grebe;Tachybaptus dominicus
Pied-billed Grebe;Podilymbus podiceps
Atitlan Grebe;Podilymbus gigas
Hoary-headed Grebe;Poliocephalus poliocephalus
Australasian/Hoary-headed Grebe;Tachybaptus novaehollandiae/Poliocephalus poliocephalus
New Zealand Grebe;Poliocephalus rufopectus
Great Grebe;Podiceps major
Horned Grebe;Podiceps auritus
Red-necked Grebe;Podiceps grisegena
Great Crested Grebe;Podiceps cristatus
Eared Grebe;Podiceps nigricollis
Horned/Eared Grebe;Podiceps auritus/nigricollis
Colombian Grebe;Podiceps andinus
Silvery Grebe;Podiceps occipitalis
Silvery Grebe (Andean);Podiceps occipitalis juninensis
Silvery Grebe (Patagonian);Podiceps occipitalis occipitalis
Junin Grebe;Podiceps taczanowskii
Hooded Grebe;Podiceps gallardoi
Podiceps sp.;Podiceps sp.
Western Grebe;Aechmophorus occidentalis
Clark's Grebe;Aechmophorus clarkii
Western x Clark's Grebe (hybrid);Aechmophorus occidentalis x clarkii
Western/Clark's Grebe;Aechmophorus occidentalis/clarkii
grebe sp.;Podicipedidae sp.
Hoatzin;Opisthocomus hoazin
Kagu;Rhynochetos jubatus
Sunbittern;Eurypyga helias
Sunbittern (Northern);Eurypyga helias major/meridionalis
Sunbittern (Amazonian);Eurypyga helias helias
White-tailed Tropicbird;Phaethon lepturus
White-tailed Tropicbird (Indian Ocean);Phaethon lepturus lepturus
White-tailed Tropicbird (Golden);Phaethon lepturus fulvus
White-tailed Tropicbird (Europa I.);Phaethon lepturus europae
White-tailed Tropicbird (Atlantic);Phaethon lepturus catesbyi
White-tailed Tropicbird (Pacific);Phaethon lepturus dorotheae
White-tailed Tropicbird (Ascension);Phaethon lepturus ascensionis
Red-billed Tropicbird;Phaethon aethereus
Red-tailed Tropicbird;Phaethon rubricauda
Red-billed/Red-tailed Tropicbird;Phaethon aethereus/rubricauda
tropicbird sp.;Phaethon sp.
Red-throated Loon;Gavia stellata
Arctic Loon;Gavia arctica
Pacific Loon;Gavia pacifica
Arctic/Pacific Loon;Gavia arctica/pacifica
Common Loon;Gavia immer
Yellow-billed Loon;Gavia adamsii
Common x Yellow-billed Loon (hybrid);Gavia immer x adamsii
Common/Yellow-billed Loon;Gavia immer/adamsii
loon sp.;Gavia sp.
King Penguin;Aptenodytes patagonicus
Emperor Penguin;Aptenodytes forsteri
Adelie Penguin;Pygoscelis adeliae
Gentoo Penguin;Pygoscelis papua
Chinstrap Penguin;Pygoscelis antarcticus
Yellow-eyed Penguin;Megadyptes antipodes
Little Penguin;Eudyptula minor
African Penguin;Spheniscus demersus
Humboldt Penguin;Spheniscus humboldti
Galapagos Penguin;Spheniscus mendiculus
Magellanic Penguin;Spheniscus magellanicus
Humboldt x Magellanic Penguin (hybrid);Spheniscus humboldti x magellanicus
Fiordland Penguin;Eudyptes pachyrhynchus
Erect-crested Penguin;Eudyptes sclateri
Macaroni Penguin;Eudyptes chrysolophus
Royal Penguin;Eudyptes schlegeli
Western Rockhopper Penguin;Eudyptes chrysocome
Eastern Rockhopper Penguin;Eudyptes filholi
Macaroni x Western Rockhopper Penguin (hybrid);Eudyptes chrysolophus x chrysocome
Moseley's Rockhopper Penguin;Eudyptes moseleyi
Snares Penguin;Eudyptes robustus
crested penguin sp.;Eudyptes sp.
penguin sp.;Spheniscidae sp.
Northern Royal Albatross;Diomedea sanfordi
Southern Royal Albatross;Diomedea epomophora
Northern/Southern Royal Albatross;Diomedea sanfordi/epomophora
Snowy Albatross;Diomedea exulans
Tristan Albatross;Diomedea dabbenena
Snowy/Tristan Albatross;Diomedea exulans/dabbenena
Antipodean Albatross;Diomedea antipodensis
Antipodean Albatross (New Zealand);Diomedea antipodensis antipodensis
Antipodean Albatross (Gibson's);Diomedea antipodensis gibsoni
Snowy/Tristan/Antipodean Albatross;Diomedea exulans/dabbenena/antipodensis
Amsterdam Albatross;Diomedea amsterdamensis
Snowy/Amsterdam Albatross;Diomedea exulans/amsterdamensis
large albatross sp.;Diomedea sp.
Waved Albatross;Phoebastria irrorata
Laysan Albatross;Phoebastria immutabilis
Black-footed Albatross;Phoebastria nigripes
Laysan x Black-footed Albatross (hybrid);Phoebastria immutabilis x nigripes
Short-tailed Albatross;Phoebastria albatrus
Sooty Albatross;Phoebetria fusca
Light-mantled Albatross;Phoebetria palpebrata
Atlantic Yellow-nosed Albatross;Thalassarche chlororhynchos
Indian Yellow-nosed Albatross;Thalassarche carteri
Atlantic/Indian Yellow-nosed Albatross;Thalassarche chlororhynchos/carteri
Gray-headed Albatross;Thalassarche chrysostoma
Buller's Albatross;Thalassarche bulleri
White-capped Albatross;Thalassarche cauta
White-capped Albatross (cauta);Thalassarche cauta cauta
White-capped Albatross (steadi);Thalassarche cauta steadi
Salvin's Albatross;Thalassarche salvini
Chatham Albatross;Thalassarche eremita
White-capped/Salvin's/Chatham Albatross;Thalassarche cauta/salvini/eremita
Black-browed Albatross;Thalassarche melanophris
Black-browed Albatross (Black-browed);Thalassarche melanophris melanophris
Black-browed Albatross (Campbell);Thalassarche melanophris impavida
Gray-headed x Black-browed Albatross (hybrid);Thalassarche chrysostoma x melanophris
small albatross sp.;Thalassarche sp.
albatross sp.;Diomedeidae sp.
Wilson's Storm-Petrel;Oceanites oceanicus
Wilson's Storm-Petrel (Wilson's);Oceanites oceanicus oceanicus/exasperatus
Wilson's Storm-Petrel (Fuegian);Oceanites oceanicus chilensis
Pincoya Storm-Petrel;Oceanites pincoyae
Andean Storm-Petrel (unrecognized species);Oceanites barrosi [unrecognized species]
Elliot's Storm-Petrel;Oceanites gracilis
Elliot's Storm-Petrel (Galapagos);Oceanites gracilis galapagoensis
Elliot's Storm-Petrel (Humboldt);Oceanites gracilis gracilis
Oceanites sp.;Oceanites sp.
Gray-backed Storm-Petrel;Garrodia nereis
White-faced Storm-Petrel;Pelagodroma marina
White-bellied Storm-Petrel;Fregetta grallaria
White-bellied Storm-Petrel (White-bellied);Fregetta grallaria [grallaria Group]
White-bellied Storm-Petrel (Rapa I.);Fregetta grallaria titan
New Zealand Storm-Petrel;Fregetta maoriana
New Caledonian Storm-Petrel;Fregetta lineata
Black-bellied Storm-Petrel;Fregetta tropica
Black-bellied Storm-Petrel (Subantarctic);Fregetta tropica tropica
Black-bellied Storm-Petrel (Gough);Fregetta tropica melanoleuca
White-bellied/Black-bellied Storm-Petrel;Fregetta grallaria/tropica
Polynesian Storm-Petrel;Nesofregetta fuliginosa
European Storm-Petrel;Hydrobates pelagicus
European Storm-Petrel (British);Hydrobates pelagicus pelagicus
European Storm-Petrel (Mediterranean);Hydrobates pelagicus melitensis
Fork-tailed Storm-Petrel;Hydrobates furcatus
Ringed Storm-Petrel;Hydrobates hornbyi
Leach's Storm-Petrel;Hydrobates leucorhous
Leach's Storm-Petrel (Leach's);Hydrobates leucorhous leucorhous
Leach's Storm-Petrel (Chapman's);Hydrobates leucorhous chapmani
Townsend's Storm-Petrel;Hydrobates socorroensis
Leach's/Townsend's Storm-Petrel;Hydrobates leucorhous/socorroensis
Leach's/Townsend's Storm-Petrel (dark-rumped);Hydrobates leucorhous/socorroensis (dark-rumped)
Leach's/Townsend's Storm-Petrel (white-rumped);Hydrobates leucorhous/socorroensis (white-rumped)
Ainley's Storm-Petrel;Hydrobates cheimomnestes
Leach's/Townsend's/Ainley's Storm-Petrel;Hydrobates leucorhous/socorroensis/cheimomnestes
Swinhoe's Storm-Petrel;Hydrobates monorhis
Ashy Storm-Petrel;Hydrobates homochroa
Band-rumped Storm-Petrel;Hydrobates castro
Band-rumped Storm-Petrel (Madeiran);Hydrobates castro castro
Band-rumped Storm-Petrel (Grant's);Hydrobates castro [undescribed form]
Band-rumped Storm-Petrel (Darwin's);Hydrobates castro bangsi
Monteiro's Storm-Petrel;Hydrobates monteiroi
Cape Verde Storm-Petrel;Hydrobates jabejabe
Hydrobates sp. (Band-rumped complex);Hydrobates sp. (Band-rumped complex)
Wedge-rumped Storm-Petrel;Hydrobates tethys
Black Storm-Petrel;Hydrobates melania
Guadalupe Storm-Petrel;Hydrobates macrodactylus
Markham's Storm-Petrel;Hydrobates markhami
Black/Markham's Storm-Petrel;Hydrobates melania/markhami
Matsudaira's Storm-Petrel;Hydrobates matsudairae
Swinhoe's/Matsudaira's Storm-Petrel;Hydrobates monorhis/matsudairae
Tristram's Storm-Petrel;Hydrobates tristrami
Least Storm-Petrel;Hydrobates microsoma
Hydrobates sp.;Hydrobates sp.
storm-petrel sp. (dark-rumped);Oceanitidae/Hydrobatidae sp. (dark-rumped)
storm-petrel sp. (white-rumped);Oceanitidae/Hydrobatidae sp. (white-rumped)
storm-petrel sp.;Oceanitidae/Hydrobatidae sp.
Southern Giant-Petrel;Macronectes giganteus
Northern Giant-Petrel;Macronectes halli
Southern/Northern Giant-Petrel;Macronectes giganteus/halli
Northern Fulmar;Fulmarus glacialis
Northern Fulmar (Atlantic);Fulmarus glacialis glacialis/auduboni
Northern Fulmar (Pacific);Fulmarus glacialis rodgersii
Southern Fulmar;Fulmarus glacialoides
Antarctic Petrel;Thalassoica antarctica
Pintado Petrel;Daption capense
Pintado Petrel (Antarctic);Daption capense capense
Pintado Petrel (Snares);Daption capense australe
Snow Petrel;Pagodroma nivea
Kerguelen Petrel;Aphrodroma brevirostris
Large St. Helena Petrel;Pterodroma rupinarum
Great-winged Petrel;Pterodroma macroptera
Gray-faced Petrel;Pterodroma gouldi
Great-winged/Gray-faced Petrel;Pterodroma macroptera/gouldi
Kermadec Petrel;Pterodroma neglecta
Magenta Petrel;Pterodroma magentae
Trindade Petrel;Pterodroma arminjoniana
Herald Petrel;Pterodroma heraldica
Trindade/Herald Petrel;Pterodroma arminjoniana/heraldica
Murphy's Petrel;Pterodroma ultima
Providence Petrel;Pterodroma solandri
Henderson Petrel;Pterodroma atrata
Zino's Petrel;Pterodroma madeira
Cape Verde Petrel;Pterodroma feae
Desertas Petrel;Pterodroma deserta
Cape Verde/Desertas Petrel;Pterodroma feae/deserta
Zino's/Cape Verde/Desertas Petrel;Pterodroma madeira/feae/deserta
Soft-plumaged Petrel;Pterodroma mollis
Barau's Petrel;Pterodroma baraui
White-headed Petrel;Pterodroma lessonii
Mottled Petrel;Pterodroma inexpectata
Bermuda Petrel;Pterodroma cahow
Black-capped Petrel;Pterodroma hasitata
Black-capped Petrel (White-faced);Pterodroma hasitata (White-faced)
Black-capped Petrel (Dark-faced);Pterodroma hasitata (Dark-faced)
Bermuda/Black-capped Petrel;Pterodroma cahow/hasitata
Jamaican Petrel;Pterodroma caribbaea
Juan Fernandez Petrel;Pterodroma externa
Atlantic Petrel;Pterodroma incerta
Galapagos Petrel;Pterodroma phaeopygia
Hawaiian Petrel;Pterodroma sandwichensis
Galapagos/Hawaiian Petrel (Dark-rumped Petrel);Pterodroma phaeopygia/sandwichensis
White-necked Petrel;Pterodroma cervicalis
Juan Fernandez/White-necked Petrel;Pterodroma externa/cervicalis
Bonin Petrel;Pterodroma hypoleuca
Black-winged Petrel;Pterodroma nigripennis
Chatham Islands Petrel;Pterodroma axillaris
Cook's Petrel;Pterodroma cookii
Masatierra Petrel;Pterodroma defilippiana
Gould's Petrel;Pterodroma leucoptera
Gould's Petrel (Gould's);Pterodroma leucoptera leucoptera
Gould's Petrel (New Caledonian);Pterodroma leucoptera caledonica
Collared Petrel;Pterodroma brevipes
Collared Petrel (Collared);Pterodroma brevipes brevipes
Collared Petrel (Magnificent);Pterodroma brevipes magnificens
Stejneger's Petrel;Pterodroma longirostris
Pycroft's Petrel;Pterodroma pycrofti
Cookilaria petrel sp.;Pterodroma sp. (Cookilaria sp.)
Phoenix Petrel;Pterodroma alba
Vanuatu Petrel;Pterodroma occulta
Pterodroma sp.;Pterodroma sp.
Blue Petrel;Halobaena caerulea
Fairy Prion;Pachyptila turtur
Broad-billed Prion;Pachyptila vittata
Salvin's Prion;Pachyptila salvini
MacGillivray's Prion;Pachyptila macgillivrayi
Salvin's/MacGillivray's Prion;Pachyptila salvini/macgillivrayi
Broad-billed/MacGillivray's Prion;Pachyptila vittata/macgillivrayi
Broad-billed/Salvin's/MacGillivray's Prion;Pachyptila vittata/salvini/macgillivrayi
Antarctic Prion;Pachyptila desolata
Slender-billed Prion;Pachyptila belcheri
Fulmar Prion;Pachyptila crassirostris
prion sp.;Pachyptila sp.
Blue Petrel/prion sp.;Halobaena caerulea/Pachyptila sp.
Bulwer's Petrel;Bulweria bulwerii
Jouanin's Petrel;Bulweria fallax
Small St. Helena Petrel;Bulweria bifax
Bulweria sp.;Bulweria sp.
Fiji Petrel;Pseudobulweria macgillivrayi
Mascarene Petrel;Pseudobulweria aterrima
Tahiti Petrel;Pseudobulweria rostrata
Beck's Petrel;Pseudobulweria becki
Lava Petrel (undescribed form);Pseudobulweria [undescribed form]
Pseudobulweria sp.;Pseudobulweria sp.
Bulweria/Pseudobulweria sp.;Bulweria/Pseudobulweria sp.
Gray Petrel;Procellaria cinerea
White-chinned Petrel;Procellaria aequinoctialis
Spectacled Petrel;Procellaria conspicillata
Parkinson's Petrel;Procellaria parkinsoni
Westland Petrel;Procellaria westlandica
Procellaria sp.;Procellaria sp.
Streaked Shearwater;Calonectris leucomelas
Cory's Shearwater;Calonectris borealis
Scopoli's Shearwater;Calonectris diomedea
Cory's/Scopoli's Shearwater;Calonectris borealis/diomedea
Cape Verde Shearwater;Calonectris edwardsii
Cory's/Scopoli's/Cape Verde Shearwater;Calonectris borealis/diomedea/edwardsii
Pink-footed Shearwater;Ardenna creatopus
Flesh-footed Shearwater;Ardenna carneipes
Great Shearwater;Ardenna gravis
Cory's/Scopoli's/Great Shearwater;Calonectris borealis/diomedea/Ardenna gravis
Wedge-tailed Shearwater;Ardenna pacifica
Buller's Shearwater;Ardenna bulleri
Sooty Shearwater;Ardenna grisea
Short-tailed Shearwater;Ardenna tenuirostris
Sooty/Short-tailed Shearwater;Ardenna grisea/tenuirostris
Christmas Shearwater;Puffinus nativitatis
Galapagos Shearwater;Puffinus subalaris
Galapagos Shearwater (Dark-winged);Puffinus subalaris (Dark-winged)
Galapagos Shearwater (Light-winged);Puffinus subalaris (Light-winged)
Manx Shearwater;Puffinus puffinus
Yelkouan Shearwater;Puffinus yelkouan
Balearic Shearwater;Puffinus mauretanicus
Yelkouan/Balearic Shearwater;Puffinus yelkouan/mauretanicus
Hutton's Shearwater;Puffinus huttoni
Bannerman's Shearwater;Puffinus bannermani
Townsend's Shearwater;Puffinus auricularis
Newell's Shearwater;Puffinus newelli
Townsend's/Newell's Shearwater;Puffinus auricularis/newelli
Rapa Shearwater;Puffinus myrtae
Newell's/Rapa Shearwater;Puffinus newelli/myrtae
Bryan's Shearwater;Puffinus bryani
Black-vented Shearwater;Puffinus opisthomelas
Fluttering Shearwater;Puffinus gavia
Hutton's/Fluttering Shearwater;Puffinus huttoni/gavia
Little Shearwater;Puffinus assimilis
Little Shearwater (Tasman);Puffinus assimilis assimilis
Little Shearwater (Hauraki);Puffinus assimilis haurakiensis
Little Shearwater (Kermadec);Puffinus assimilis kermadecensis
Little Shearwater (West Australian);Puffinus assimilis tunneyi
Subantarctic Shearwater;Puffinus elegans
Little/Subantarctic Shearwater;Puffinus assimilis/elegans
Barolo Shearwater;Puffinus baroli
Boyd's Shearwater;Puffinus boydi
Barolo/Boyd's Shearwater (Macaronesian Shearwater);Puffinus baroli/boydi
Sargasso Shearwater;Puffinus lherminieri
Tropical Shearwater;Puffinus bailloni
Tropical Shearwater (Mascarene);Puffinus bailloni bailloni
Tropical Shearwater (Indopacific);Puffinus bailloni [dichrous Group]
Bannerman's/Tropical Shearwater;Puffinus bannermani/bailloni
Persian Shearwater;Puffinus persicus
Heinroth's Shearwater;Puffinus heinrothi
small shearwater sp.;Puffinus sp.
shearwater sp.;Procellariidae sp. (shearwater sp.)
Peruvian Diving-Petrel;Pelecanoides garnotii
Common Diving-Petrel;Pelecanoides urinatrix
South Georgia Diving-Petrel;Pelecanoides georgicus
Common/South Georgia Diving-Petrel;Pelecanoides urinatrix/georgicus
Magellanic Diving-Petrel;Pelecanoides magellani
diving-petrel sp.;Pelecanoides sp.
procellariid sp.;Procellariidae sp.
Asian Openbill;Anastomus oscitans
African Openbill;Anastomus lamelligerus
Black Stork;Ciconia nigra
Abdim's Stork;Ciconia abdimii
African Woolly-necked Stork;Ciconia microscelis
Asian Woolly-necked Stork;Ciconia episcopus
Storm's Stork;Ciconia stormi
Maguari Stork;Ciconia maguari
White Stork;Ciconia ciconia
Black x White Stork (hybrid);Ciconia nigra x ciconia
Oriental Stork;Ciconia boyciana
Ciconia sp.;Ciconia sp.
Black-necked Stork;Ephippiorhynchus asiaticus
Saddle-billed Stork;Ephippiorhynchus senegalensis
Jabiru;Jabiru mycteria
Lesser Adjutant;Leptoptilos javanicus
Marabou Stork;Leptoptilos crumenifer
Greater Adjutant;Leptoptilos dubius
Lesser/Greater Adjutant;Leptoptilos javanicus/dubius
Wood Stork;Mycteria americana
Milky Stork;Mycteria cinerea
Yellow-billed Stork;Mycteria ibis
Painted Stork;Mycteria leucocephala
Milky x Painted Stork (hybrid);Mycteria cinerea x leucocephala
Milky/Painted Stork;Mycteria cinerea/leucocephala
stork sp.;Ciconiidae sp.
Ascension Frigatebird;Fregata aquila
Magnificent Frigatebird;Fregata magnificens
Magnificent Frigatebird (Magnificent);Fregata magnificens rothschildi
Magnificent Frigatebird (Galapagos);Fregata magnificens magnificens
Lesser Frigatebird;Fregata ariel
Lesser Frigatebird (Lesser);Fregata ariel ariel/iredalei
Lesser Frigatebird (Trindade);Fregata ariel trinitatis
Great Frigatebird;Fregata minor
Christmas Island Frigatebird;Fregata andrewsi
frigatebird sp.;Fregata sp.
Abbott's Booby;Papasula abbotti
Northern Gannet;Morus bassanus
Cape Gannet;Morus capensis
Australasian Gannet;Morus serrator
Cape x Australasian Gannet (hybrid);Morus capensis x serrator
Cape/Australasian Gannet;Morus capensis/serrator
Red-footed Booby;Sula sula
Red-footed Booby (Atlantic);Sula sula sula
Red-footed Booby (Indopacific);Sula sula rubripes
Red-footed Booby (Eastern Pacific);Sula sula websteri
Brown Booby;Sula leucogaster
Brown Booby (Atlantic);Sula leucogaster leucogaster
Brown Booby (Forster's);Sula leucogaster plotus
Cocos Booby;Sula brewsteri
Cocos Booby (Brewster's);Sula brewsteri brewsteri
Cocos Booby (Colombian);Sula brewsteri etesiaca
Brown/Cocos Booby;Sula leucogaster/brewsteri
Masked Booby;Sula dactylatra
Brown x Masked Booby (hybrid);Sula leucogaster x dactylatra
Nazca Booby;Sula granti
Masked x Nazca Booby (hybrid);Sula dactylatra x granti
Masked/Nazca Booby;Sula dactylatra/granti
Blue-footed Booby;Sula nebouxii
Cocos x Blue-footed Booby (hybrid);Sula brewsteri x nebouxii
Peruvian Booby;Sula variegata
Blue-footed x Peruvian Booby (hybrid);Sula nebouxii x variegata
booby sp.;Sula sp.
sulid sp.;Sulidae sp.
Anhinga;Anhinga anhinga
African Darter;Anhinga rufa
Oriental Darter;Anhinga melanogaster
Australasian Darter;Anhinga novaehollandiae
Little Pied Cormorant;Microcarbo melanoleucos
Reed Cormorant;Microcarbo africanus
Crowned Cormorant;Microcarbo coronatus
Reed/Crowned Cormorant;Microcarbo africanus/coronatus
Little Cormorant;Microcarbo niger
Pygmy Cormorant;Microcarbo pygmaeus
Red-legged Cormorant;Poikilocarbo gaimardi
Brandt's Cormorant;Urile penicillatus
Red-faced Cormorant;Urile urile
Pelagic Cormorant;Urile pelagicus
Pallas's Cormorant;Urile perspicillatus
Bank Cormorant;Phalacrocorax neglectus
Cape Cormorant;Phalacrocorax capensis
Great Cormorant;Phalacrocorax carbo
Great Cormorant (Dark-breasted);Phalacrocorax carbo carbo/sinensis
Great Cormorant (North Atlantic);Phalacrocorax carbo carbo
Great Cormorant (Australasian);Phalacrocorax carbo novaehollandiae
Great Cormorant (Eurasian);Phalacrocorax carbo sinensis/hanedae
Great Cormorant (Moroccan);Phalacrocorax carbo maroccanus
Great Cormorant (White-breasted);Phalacrocorax carbo lucidus
Japanese Cormorant;Phalacrocorax capillatus
Great/Japanese Cormorant;Phalacrocorax carbo/capillatus
Socotra Cormorant;Phalacrocorax nigrogularis
Spotted Shag;Phalacrocorax punctatus
Pitt Island Shag;Phalacrocorax featherstoni
Indian Cormorant;Phalacrocorax fuscicollis
Little/Indian Cormorant;Microcarbo niger/Phalacrocorax fuscicollis
Little Black Cormorant;Phalacrocorax sulcirostris
Pied Cormorant;Phalacrocorax varius
Black-faced Cormorant;Phalacrocorax fuscescens
European Shag;Gulosus aristotelis
European Shag (Atlantic);Gulosus aristotelis aristotelis
European Shag (Mediterranean);Gulosus aristotelis desmarestii
European Shag (Moroccan);Gulosus aristotelis riggenbachi
Great Cormorant/European Shag;Phalacrocorax carbo/Gulosus aristotelis
Flightless Cormorant;Nannopterum harrisi
Double-crested Cormorant;Nannopterum auritum
Great/Double-crested Cormorant;Phalacrocorax carbo/Nannopterum auritum
Neotropic Cormorant;Nannopterum brasilianum
Double-crested x Neotropic Cormorant (hybrid);Nannopterum auritum x brasilianum
Double-crested/Neotropic Cormorant;Nannopterum auritum/brasilianum
Magellanic Cormorant;Leucocarbo magellanicus
Guanay Cormorant;Leucocarbo bougainvilliorum
Bounty Islands Shag;Leucocarbo ranfurlyi
New Zealand King Shag;Leucocarbo carunculatus
Stewart Island Shag;Leucocarbo chalconotus
Stewart Island Shag (Otago);Leucocarbo chalconotus chalconotus
Stewart Island Shag (Foveaux);Leucocarbo chalconotus stewarti
Chatham Islands Shag;Leucocarbo onslowi
Auckland Islands Shag;Leucocarbo colensoi
Campbell Islands Shag;Leucocarbo campbelli
Imperial Cormorant;Leucocarbo atriceps
Imperial Cormorant (South Georgia);Leucocarbo atriceps georgianus
Imperial Cormorant (Imperial);Leucocarbo atriceps [atriceps Group]
Imperial Cormorant (Blue-eyed);Leucocarbo atriceps [atriceps Group] (Blue-eyed)
Imperial Cormorant (King);Leucocarbo atriceps [atriceps Group] (King)
Imperial Cormorant (Antarctic);Leucocarbo atriceps bransfieldensis
Imperial Cormorant (Crozet);Leucocarbo atriceps melanogenis
Imperial Cormorant (Kerguelen);Leucocarbo atriceps verrucosus
Imperial Cormorant (Heard Island);Leucocarbo atriceps nivalis
Imperial Cormorant (Macquarie);Leucocarbo atriceps purpurascens
Guanay x Imperial Cormorant (hybrid);Leucocarbo bougainvilliorum x atriceps
Guanay/Imperial Cormorant;Leucocarbo bougainvilliorum/atriceps
cormorant sp.;Phalacrocoracidae sp.
White Ibis;Eudocimus albus
Scarlet Ibis;Eudocimus ruber
White x Scarlet Ibis (hybrid);Eudocimus albus x ruber
Glossy Ibis;Plegadis falcinellus
White-faced Ibis;Plegadis chihi
Glossy x White-faced Ibis (hybrid);Plegadis falcinellus x chihi
Glossy/White-faced Ibis;Plegadis falcinellus/chihi
Puna Ibis;Plegadis ridgwayi
White-faced/Puna Ibis;Plegadis chihi/ridgwayi
Madagascar Ibis;Lophotibis cristata
Sharp-tailed Ibis;Cercibis oxycerca
Green Ibis;Mesembrinibis cayennensis
Bare-faced Ibis;Phimosus infuscatus
White-faced/Bare-faced Ibis;Plegadis chihi/Phimosus infuscatus
Plumbeous Ibis;Theristicus caerulescens
Buff-necked Ibis;Theristicus caudatus
Black-faced Ibis;Theristicus melanopis
Andean Ibis;Theristicus branickii
Black-faced/Andean Ibis;Theristicus melanopis/branickii
Theristicus sp.;Theristicus sp.
African Sacred Ibis;Threskiornis aethiopicus
Malagasy Sacred Ibis;Threskiornis bernieri
African/Malagasy Sacred Ibis;Threskiornis aethiopicus/bernieri
Reunion Ibis;Threskiornis solitarius
Black-headed Ibis;Threskiornis melanocephalus
Australian Ibis;Threskiornis molucca
Straw-necked Ibis;Threskiornis spinicollis
Australian x Straw-necked Ibis (hybrid);Threskiornis molucca x spinicollis
Red-naped Ibis;Pseudibis papillosa
White-shouldered Ibis;Pseudibis davisoni
Giant Ibis;Pseudibis gigantea
Northern Bald Ibis;Geronticus eremita
Southern Bald Ibis;Geronticus calvus
Crested Ibis;Nipponia nippon
Olive Ibis;Bostrychia olivacea
Sao Tome Ibis;Bostrychia bocagei
Spot-breasted Ibis;Bostrychia rara
Hadada Ibis;Bostrychia hagedash
Hadada Ibis (Western);Bostrychia hagedash brevirostris
Hadada Ibis (Eastern);Bostrychia hagedash erlangeri/nilotica
Hadada Ibis (Southern);Bostrychia hagedash hagedash
Wattled Ibis;Bostrychia carunculata
ibis sp.;Threskiornithidae sp. (ibis sp.)
Eurasian Spoonbill;Platalea leucorodia
Royal Spoonbill;Platalea regia
African Spoonbill;Platalea alba
Black-faced Spoonbill;Platalea minor
Eurasian x Black-faced Spoonbill (hybrid);Platalea leucorodia x minor
Yellow-billed Spoonbill;Platalea flavipes
Roseate Spoonbill;Platalea ajaja
spoonbill sp.;Platalea sp.
White-crested Tiger-Heron;Tigriornis leucolopha
Rufescent Tiger-Heron;Tigrisoma lineatum
Bare-throated Tiger-Heron;Tigrisoma mexicanum
Fasciated Tiger-Heron;Tigrisoma fasciatum
tiger-heron sp.;Tigrisoma sp.
Boat-billed Heron;Cochlearius cochlearius
Boat-billed Heron (Northern);Cochlearius cochlearius [zeledoni Group]
Boat-billed Heron (Southern);Cochlearius cochlearius cochlearius/panamensis
Agami Heron;Agamia agami
Zigzag Heron;Zebrilus undulatus
Eurasian Bittern;Botaurus stellaris
Australasian Bittern;Botaurus poiciloptilus
American Bittern;Botaurus lentiginosus
Pinnated Bittern;Botaurus pinnatus
Stripe-backed Bittern;Botaurus involucris
Least Bittern;Botaurus exilis
Least Bittern (Northern);Botaurus exilis exilis/pullus
Least Bittern (Southern);Botaurus exilis [erythromelas Group]
Black Bittern;Botaurus flavicollis
Cinnamon Bittern;Botaurus cinnamomeus
Schrenck's Bittern;Botaurus eurhythmus
Cinnamon/Schrenck's Bittern;Botaurus cinnamomeus/eurhythmus
Dwarf Bittern;Botaurus sturmii
Little Bittern;Botaurus minutus
Little Bittern (Little);Botaurus minutus minutus
Little Bittern (African);Botaurus minutus payesii
Little Bittern (Madagascar);Botaurus minutus podiceps
Yellow Bittern;Botaurus sinensis
Cinnamon/Yellow Bittern;Botaurus cinnamomeus/sinensis
Black-backed Bittern;Botaurus dubius
New Zealand Bittern;Botaurus novaezelandiae
small bittern sp.;Botaurus sp. (small bittern sp.)
Yellow-crowned Night Heron;Nyctanassa violacea
Yellow-crowned Night Heron (Yellow-crowned);Nyctanassa violacea [violacea Group]
Yellow-crowned Night Heron (Galapagos);Nyctanassa violacea pauper
Bermuda Night Heron;Nyctanassa carcinocatactes
Black-crowned Night Heron;Nycticorax nycticorax
Black-crowned Night Heron (Eurasian);Nycticorax nycticorax nycticorax
Black-crowned Night Heron (American);Nycticorax nycticorax hoactli
Black-crowned Night Heron (Dusky);Nycticorax nycticorax obscurus
Black-crowned Night Heron (Falklands);Nycticorax nycticorax falklandicus
Yellow-crowned x Black-crowned Night Heron (hybrid);Nyctanassa violacea x Nycticorax nycticorax
Yellow-crowned/Black-crowned Night Heron;Nyctanassa violacea/Nycticorax nycticorax
Reunion Night Heron;Nycticorax duboisi
Mauritius Night Heron;Nycticorax mauritianus
Rodrigues Night Heron;Nycticorax megacephalus
Nankeen Night Heron;Nycticorax caledonicus
Black-crowned x Nankeen Night Heron (hybrid);Nycticorax nycticorax x caledonicus
Black-crowned/Nankeen Night Heron;Nycticorax nycticorax/caledonicus
Ascension Night Heron;Nycticorax olsoni
Malayan Night Heron;Gorsachius melanolophus
Japanese Night Heron;Gorsachius goisagi
Malayan/Japanese Night Heron;Gorsachius melanolophus/goisagi
Capped Heron;Pilherodius pileatus
Whistling Heron;Syrigma sibilatrix
Little Blue Heron;Egretta caerulea
Tricolored Heron;Egretta tricolor
Little Blue x Tricolored Heron (hybrid);Egretta caerulea x tricolor
Reddish Egret;Egretta rufescens
Tricolored Heron x Reddish Egret (hybrid);Egretta tricolor x rufescens
Slaty Egret;Egretta vinaceigula
Black Heron;Egretta ardesiaca
Slaty Egret/Black Heron;Egretta vinaceigula/ardesiaca
Pacific Reef-Heron;Egretta sacra
Chinese Egret;Egretta eulophotes
Snowy Egret;Egretta thula
Little Blue Heron x Snowy Egret (hybrid);Egretta caerulea x thula
Tricolored Heron x Snowy Egret (hybrid);Egretta tricolor x thula
Little Egret;Egretta garzetta
Little Egret (Western);Egretta garzetta garzetta
Little Egret (Australasian);Egretta garzetta immaculata
Little Egret (Dimorphic);Egretta garzetta dimorpha
Snowy x Little Egret (hybrid);Egretta thula x garzetta
Western Reef-Heron;Egretta gularis
Western Reef-Heron (Western);Egretta gularis gularis
Western Reef-Heron (Eastern);Egretta gularis schistacea
Little Egret x Western Reef-Heron (hybrid);Egretta garzetta x gularis
Little Egret/Western Reef-Heron;Egretta garzetta/gularis
Pied Heron;Egretta picata
White-faced Heron;Egretta novaehollandiae
Egretta sp.;Egretta sp.
White-backed Night Heron;Calherodius leuconotus
White-eared Night Heron;Oroanassa magnifica
Striated Heron;Butorides striata
Lava Heron;Butorides sundevalli
Striated x Lava Heron (hybrid);Butorides striata x sundevalli
Striated/Lava Heron;Butorides striata/sundevalli
Little Heron;Butorides atricapilla
Little Heron (African);Butorides atricapilla [atricapilla Group]
Little Heron (Seychelles);Butorides atricapilla crawfordi/degens
Little Heron (Red Sea);Butorides atricapilla brevipes
Little Heron (Asian);Butorides atricapilla [javanica Group]
Little Heron (Australasian);Butorides atricapilla [stagnatilis Group]
Little Heron (Tahiti);Butorides atricapilla patruelis
Green Heron;Butorides virescens
Green Heron (virescens/bahamensis);Butorides virescens virescens/bahamensis
Green Heron (anthonyi);Butorides virescens anthonyi
Green Heron (frazari);Butorides virescens frazari
Striated x Green Heron (hybrid);Butorides striata x virescens
Striated/Green Heron;Butorides striata/virescens
Forest Bittern;Zonerodius heliosylus
Rufous-bellied Heron;Ardeola rufiventris
Squacco Heron;Ardeola ralloides
Malagasy Pond-Heron;Ardeola idae
Indian Pond-Heron;Ardeola grayii
Chinese Pond-Heron;Ardeola bacchus
Indian x Chinese Pond-Heron (hybrid);Ardeola grayii x bacchus
Javan Pond-Heron;Ardeola speciosa
Chinese x Javan Pond-Heron (hybrid);Ardeola bacchus x speciosa
pond-heron sp.;Ardeola sp.
Western Cattle-Egret;Ardea ibis
Little Egret x Western Cattle-Egret (hybrid);Egretta garzetta x Ardea ibis
Eastern Cattle-Egret;Ardea coromanda
Western/Eastern Cattle-Egret;Ardea ibis/coromanda
Pacific Heron;Ardea pacifica
Great Egret;Ardea alba
Great Egret (alba);Ardea alba alba
Great Egret (African);Ardea alba melanorhynchos
Great Egret (American);Ardea alba egretta
Great Egret (modesta);Ardea alba modesta
Yellow-billed Egret;Ardea brachyrhyncha
Great/Yellow-billed Egret;Ardea alba/brachyrhyncha
Western Cattle-Egret/Yellow-billed Egret;Ardea ibis/brachyrhyncha
Medium Egret;Ardea intermedia
Eastern Cattle-Egret/Medium Egret;Ardea coromanda/intermedia
Great/Medium Egret;Ardea alba/intermedia
Yellow-billed/Medium Egret;Ardea brachyrhyncha/intermedia
Plumed Egret;Ardea plumifera
Eastern Cattle-Egret/Plumed Egret;Ardea coromanda/plumifera
Great/Plumed Egret;Ardea alba/plumifera
Medium/Plumed Egret;Ardea intermedia/plumifera
Gray Heron;Ardea cinerea
Gray Heron (Gray);Ardea cinerea cinerea/jouyi
Gray Heron (Madagascar);Ardea cinerea firasa
Gray Heron (Mauritanian);Ardea cinerea monicae
Little Egret x Gray Heron (hybrid);Egretta garzetta x Ardea cinerea
Great Egret x Gray Heron (hybrid);Ardea alba x cinerea
Great Blue Heron;Ardea herodias
Great Blue Heron (Great Blue);Ardea herodias [herodias Group]
Great Blue Heron (Great White);Ardea herodias occidentalis
Great Blue Heron (Wurdemann's);Ardea herodias wardi x occidentalis
Great Egret x Great Blue Heron (hybrid);Ardea alba x herodias
Cocoi Heron;Ardea cocoi
Great Egret x Cocoi Heron (hybrid);Ardea alba x cocoi
Great Blue x Cocoi Heron (hybrid);Ardea herodias x cocoi
Great Blue/Cocoi Heron;Ardea herodias/cocoi
Purple Heron;Ardea purpurea
Purple Heron (Bourne's);Ardea purpurea bournei
Purple Heron (Purple);Ardea purpurea [purpurea Group]
Gray x Purple Heron (hybrid);Ardea cinerea x purpurea
Gray/Purple Heron;Ardea cinerea/purpurea
Humblot's Heron;Ardea humbloti
White-bellied Heron;Ardea insignis
Great-billed Heron;Ardea sumatrana
Black-headed Heron;Ardea melanocephala
Goliath Heron;Ardea goliath
Ardea sp.;Ardea sp.
heron sp.;Ardeidae sp.
white egret sp.;Egretta/Ardea sp.
Hamerkop;Scopus umbretta
Shoebill;Balaeniceps rex
American White Pelican;Pelecanus erythrorhynchos
Brown Pelican;Pelecanus occidentalis
Brown Pelican (Atlantic);Pelecanus occidentalis carolinensis
Brown Pelican (California);Pelecanus occidentalis californicus
Brown Pelican (Southern);Pelecanus occidentalis occidentalis/murphyi
Brown Pelican (Galapagos);Pelecanus occidentalis urinator
Peruvian Pelican;Pelecanus thagus
Great White Pelican;Pelecanus onocrotalus
Australian Pelican;Pelecanus conspicillatus
Pink-backed Pelican;Pelecanus rufescens
Spot-billed Pelican;Pelecanus philippensis
Dalmatian Pelican;Pelecanus crispus
Great White x Dalmatian Pelican (hybrid);Pelecanus onocrotalus x crispus
pelican sp.;Pelecanus sp.
California Condor;Gymnogyps californianus
King Vulture;Sarcoramphus papa
Andean Condor;Vultur gryphus
Black Vulture;Coragyps atratus
Turkey Vulture;Cathartes aura
Turkey Vulture (Northern);Cathartes aura [aura Group]
Turkey Vulture (Choco);Cathartes aura [undescribed form]
Turkey Vulture (Tropical);Cathartes aura ruficollis
Turkey Vulture (South Temperate);Cathartes aura jota
Lesser Yellow-headed Vulture;Cathartes burrovianus
Greater Yellow-headed Vulture;Cathartes melambrotus
Cathartes sp.;Cathartes sp.
new world vulture sp.;Cathartidae sp.
Secretarybird;Sagittarius serpentarius
Osprey;Pandion haliaetus
Osprey (Eurasian);Pandion haliaetus haliaetus
Osprey (American);Pandion haliaetus carolinensis
Osprey (Caribbean);Pandion haliaetus ridgwayi
Osprey (Australasian);Pandion haliaetus cristatus
Pearl Kite;Gampsonyx swainsonii
Scissor-tailed Kite;Chelictinia riocourii
White-tailed Kite;Elanus leucurus
Black-winged Kite;Elanus caeruleus
Black-winged Kite (African);Elanus caeruleus caeruleus
Black-winged Kite (Asian);Elanus caeruleus [vociferus Group]
Black-shouldered Kite;Elanus axillaris
Letter-winged Kite;Elanus scriptus
African Harrier-Hawk;Polyboroides typus
Madagascar Harrier-Hawk;Polyboroides radiatus
Palm-nut Vulture;Gypohierax angolensis
Bearded Vulture;Gypaetus barbatus
Bearded Vulture (Eurasian);Gypaetus barbatus barbatus
Bearded Vulture (African);Gypaetus barbatus meridionalis
Egyptian Vulture;Neophron percnopterus
Madagascar Serpent-Eagle;Eutriorchis astur
Hook-billed Kite;Chondrohierax uncinatus
Hook-billed Kite (Hook-billed);Chondrohierax uncinatus uncinatus
Hook-billed Kite (Grenada);Chondrohierax uncinatus mirus
Cuban Kite;Chondrohierax wilsonii
Gray-headed Kite;Leptodon cayanensis
White-collared Kite;Leptodon forbesi
African Cuckoo-Hawk;Aviceda cuculoides
Madagascar Cuckoo-Hawk;Aviceda madagascariensis
Jerdon's Baza;Aviceda jerdoni
Pacific Baza;Aviceda subcristata
Black Baza;Aviceda leuphotes
European Honey-buzzard;Pernis apivorus
Oriental Honey-buzzard;Pernis ptilorhynchus
Oriental Honey-buzzard (Northern);Pernis ptilorhynchus orientalis
Oriental Honey-buzzard (Indomalayan);Pernis ptilorhynchus ruficollis/philippensis
Oriental Honey-buzzard (Sunda);Pernis ptilorhynchus [ptilorhynchus Group]
European x Oriental Honey-buzzard (hybrid);Pernis apivorus x ptilorhynchus
European/Oriental Honey-buzzard;Pernis apivorus/ptilorhynchus
Sulawesi Honey-buzzard;Pernis celebensis
Philippine Honey-buzzard;Pernis steerei
Swallow-tailed Kite;Elanoides forficatus
Black-breasted Kite;Hamirostra melanosternon
Square-tailed Kite;Lophoictinia isura
Long-tailed Honey-buzzard;Henicopernis longicauda
Black Honey-buzzard;Henicopernis infuscatus
Red-headed Vulture;Sarcogyps calvus
White-headed Vulture;Trigonoceps occipitalis
Cinereous Vulture;Aegypius monachus
Lappet-faced Vulture;Torgos tracheliotos
Hooded Vulture;Necrosyrtes monachus
Himalayan Griffon;Gyps himalayensis
White-rumped Vulture;Gyps bengalensis
White-backed Vulture;Gyps africanus
Indian Vulture;Gyps indicus
Slender-billed Vulture;Gyps tenuirostris
Cape Griffon;Gyps coprotheres
White-backed Vulture/Cape Griffon;Gyps africanus/coprotheres
Rüppell's Griffon;Gyps rueppelli
White-backed Vulture/Rüppell's Griffon;Gyps africanus/rueppelli
Eurasian Griffon;Gyps fulvus
Rüppell's/Eurasian Griffon;Gyps rueppelli/fulvus
Himalayan/Eurasian Griffon;Gyps himalayensis/fulvus
Gyps sp.;Gyps sp.
old world vulture sp.;Accipitridae sp. (old world vulture sp.)
Nicobar Serpent-Eagle;Spilornis klossi
Sulawesi Serpent-Eagle;Spilornis rufipectus
Mountain Serpent-Eagle;Spilornis kinabaluensis
Crested Serpent-Eagle;Spilornis cheela
Crested Serpent-Eagle (Crested);Spilornis cheela [cheela Group]
Crested Serpent-Eagle (Andaman);Spilornis cheela davisoni
Crested Serpent-Eagle (Central Nicobar);Spilornis cheela minimus
Crested Serpent-Eagle (Ryukyu);Spilornis cheela perplexus
Crested Serpent-Eagle (Natuna);Spilornis cheela natunensis
Crested Serpent-Eagle (Simeulue);Spilornis cheela abbotti
Crested Serpent-Eagle (Nias);Spilornis cheela asturinus
Crested Serpent-Eagle (Mentawai);Spilornis cheela sipora
Crested Serpent-Eagle (Bawean);Spilornis cheela baweanus
Philippine Serpent-Eagle;Spilornis holospilus
Andaman Serpent-Eagle;Spilornis elgini
Philippine Eagle;Pithecophaga jefferyi
Bateleur;Terathopius ecaudatus
Western Banded Snake-Eagle;Circaetus cinerascens
Southern Banded Snake-Eagle;Circaetus fasciolatus
Congo Snake-Eagle;Circaetus spectabilis
Beaudouin's Snake-Eagle;Circaetus beaudouini
Black-chested Snake-Eagle;Circaetus pectoralis
Short-toed Snake-Eagle;Circaetus gallicus
Brown Snake-Eagle;Circaetus cinereus
snake-eagle sp.;Circaetus sp.
Crowned Eagle;Stephanoaetus coronatus
Wallace's Hawk-Eagle;Nisaetus nanus
Legge's Hawk-Eagle;Nisaetus kelaarti
Mountain Hawk-Eagle;Nisaetus nipalensis
Mountain Hawk-Eagle (nipalensis);Nisaetus nipalensis nipalensis
Mountain Hawk-Eagle (orientalis);Nisaetus nipalensis orientalis
Blyth's Hawk-Eagle;Nisaetus alboniger
Javan Hawk-Eagle;Nisaetus bartelsi
Sulawesi Hawk-Eagle;Nisaetus lanceolatus
Pinsker's Hawk-Eagle;Nisaetus pinskeri
Philippine Hawk-Eagle;Nisaetus philippensis
Changeable Hawk-Eagle;Nisaetus cirrhatus
Changeable Hawk-Eagle (Crested);Nisaetus cirrhatus cirrhatus/ceylanensis
Changeable Hawk-Eagle (Changeable);Nisaetus cirrhatus [limnaeetus Group]
Flores Hawk-Eagle;Nisaetus floris
Nisaetus sp.;Nisaetus sp.
Black Hawk-Eagle;Spizaetus tyrannus
Black-and-white Hawk-Eagle;Spizaetus melanoleucus
Ornate Hawk-Eagle;Spizaetus ornatus
Black-and-chestnut Eagle;Spizaetus isidori
Spizaetus sp.;Spizaetus sp.
Rufous-bellied Eagle;Lophotriorchis kienerii
Martial Eagle;Polemaetus bellicosus
Long-crested Eagle;Lophaetus occipitalis
Black Eagle;Ictinaetus malaiensis
Indian Spotted Eagle;Clanga hastata
Lesser Spotted Eagle;Clanga pomarina
Greater Spotted Eagle;Clanga clanga
Lesser x Greater Spotted Eagle (hybrid);Clanga pomarina x clanga
Lesser/Greater Spotted Eagle;Clanga pomarina/clanga
Indian/Greater Spotted Eagle;Clanga hastata/clanga
Wahlberg's Eagle;Hieraaetus wahlbergi
Ayres's Hawk-Eagle;Hieraaetus ayresii
Pygmy Eagle;Hieraaetus weiskei
Booted Eagle;Hieraaetus pennatus
Little Eagle;Hieraaetus morphnoides
Steppe Eagle;Aquila nipalensis
Imperial Eagle;Aquila heliaca
Spanish Eagle;Aquila adalberti
Tawny Eagle;Aquila rapax
Steppe/Tawny Eagle;Aquila nipalensis/rapax
Cassin's Hawk-Eagle;Aquila africana
Gurney's Eagle;Aquila gurneyi
Wedge-tailed Eagle;Aquila audax
Golden Eagle;Aquila chrysaetos
Verreaux's Eagle;Aquila verreauxii
Bonelli's Eagle;Aquila fasciata
African Hawk-Eagle;Aquila spilogaster
Aquila sp.;Aquila sp.
Clanga/Aquila sp.;Clanga/Aquila sp.
New Guinea Eagle;Harpyopsis novaeguineae
Bat Hawk;Macheiramphus alcinus
Crested Eagle;Morphnus guianensis
Harpy Eagle;Harpia harpyja
Crested Goshawk;Lophospiza trivirgata
Sulawesi Goshawk;Lophospiza griseiceps
Gabar Goshawk;Micronisus gabar
Long-tailed Hawk;Urotriorchis macrourus
Dark Chanting-Goshawk;Melierax metabates
Eastern Chanting-Goshawk;Melierax poliopterus
Dark/Eastern Chanting-Goshawk;Melierax metabates/poliopterus
Pale Chanting-Goshawk;Melierax canorus
Dark/Pale Chanting-Goshawk;Melierax metabates/canorus
Lizard Buzzard;Kaupifalco monogrammicus
African Goshawk;Aerospiza tachiro
African Goshawk (Banded);Aerospiza tachiro macroscelides
African Goshawk (Red-chested);Aerospiza tachiro toussenelii/canescens
African Goshawk (Bioko);Aerospiza tachiro lopezi
African Goshawk (Ethiopian);Aerospiza tachiro unduliventer/croizati
African Goshawk (Eastern);Aerospiza tachiro sparsimfasciata
African Goshawk (Pemba);Aerospiza tachiro pembaensis
African Goshawk (Southern);Aerospiza tachiro tachiro
Chestnut-flanked Sparrowhawk;Aerospiza castanilius
Red-thighed Sparrowhawk;Tachyspiza erythropus
Little Sparrowhawk;Tachyspiza minulla
Besra;Tachyspiza virgata
Crested Goshawk/Besra;Lophospiza trivirgata/Tachyspiza virgata
Small Sparrowhawk;Tachyspiza nanus
Rufous-necked Sparrowhawk;Tachyspiza erythrauchen
Collared Sparrowhawk;Tachyspiza cirrocephala
New Britain Sparrowhawk;Tachyspiza brachyura
Vinous-breasted Sparrowhawk;Tachyspiza rhodogaster
Japanese Sparrowhawk;Tachyspiza gularis
Besra/Japanese Sparrowhawk;Tachyspiza virgata/gularis
Shikra;Tachyspiza badia
Shikra (African);Tachyspiza badia sphenura/polyzonoides
Shikra (Asian);Tachyspiza badia [badia Group]
Nicobar Sparrowhawk;Tachyspiza butleri
Levant Sparrowhawk;Tachyspiza brevipes
Chinese Sparrowhawk;Tachyspiza soloensis
Imitator Sparrowhawk;Tachyspiza imitator
Frances's Sparrowhawk;Tachyspiza francesiae
Spot-tailed Goshawk;Tachyspiza trinotata
Gray-headed Goshawk;Tachyspiza poliocephala
New Britain Goshawk;Tachyspiza princeps
Gray Goshawk;Tachyspiza novaehollandiae
Variable Goshawk;Tachyspiza hiogaster
Variable Goshawk (Lesser Sundas);Tachyspiza hiogaster sylvestris
Variable Goshawk (Variable);Tachyspiza hiogaster [hiogaster Group]
Black-mantled Goshawk;Tachyspiza melanochlamys
Pied Goshawk;Tachyspiza albogularis
Fiji Goshawk;Tachyspiza rufitorques
Moluccan Goshawk;Tachyspiza henicogramma
Slaty-mantled Goshawk;Tachyspiza luteoschistacea
New Caledonian Goshawk;Tachyspiza haplochroa
Brown Goshawk;Tachyspiza fasciata
Collared Sparrowhawk/Brown Goshawk;Tachyspiza cirrocephala/fasciata
Variable/Brown Goshawk;Tachyspiza hiogaster/fasciata
Chestnut-shouldered Goshawk;Erythrotriorchis buergersi
Red Goshawk;Erythrotriorchis radiatus
Gray-bellied Hawk;Accipiter poliogaster
Ovambo Sparrowhawk;Accipiter ovampensis
Madagascar Sparrowhawk;Accipiter madagascariensis
Eurasian Sparrowhawk;Accipiter nisus
Levant/Eurasian Sparrowhawk;Tachyspiza brevipes/Accipiter nisus
Rufous-breasted Sparrowhawk;Accipiter rufiventris
Rufous-breasted Sparrowhawk (Ethiopian);Accipiter rufiventris perspicillaris
Rufous-breasted Sparrowhawk (Rufous-breasted);Accipiter rufiventris rufiventris
Sharp-shinned Hawk;Accipiter striatus
Sharp-shinned Hawk (Northern);Accipiter striatus [velox Group]
Sharp-shinned Hawk (Caribbean);Accipiter striatus [striatus Group]
Sharp-shinned Hawk (Madrean);Accipiter striatus madrensis
Sharp-shinned Hawk (White-breasted);Accipiter striatus chionogaster
Sharp-shinned Hawk (Plain-breasted);Accipiter striatus ventralis
Sharp-shinned Hawk (Rufous-thighed);Accipiter striatus erythronemius
Bicolored Hawk;Astur bicolor
Bicolored Hawk (Bicolored);Astur bicolor bicolor/fidens
Bicolored Hawk (Spotted);Astur bicolor pileatus/guttifer
Chilean Hawk;Astur chilensis
Bicolored/Chilean Hawk;Astur bicolor/chilensis
Cooper's Hawk;Astur cooperii
Sharp-shinned/Cooper's Hawk;Accipiter striatus/Astur cooperii
Gundlach's Hawk;Astur gundlachi
Eurasian Goshawk;Astur gentilis
Eurasian Sparrowhawk/Eurasian Goshawk;Accipiter nisus/Astur gentilis
American Goshawk;Astur atricapillus
Cooper's Hawk x American Goshawk (hybrid);Astur cooperii x atricapillus
Cooper's Hawk/American Goshawk;Astur cooperii/atricapillus
Eurasian/American Goshawk;Astur gentilis/atricapillus
Meyer's Goshawk;Astur meyerianus
Black Goshawk;Astur melanoleucus
Henst's Goshawk;Astur henstii
Accipitrine hawk sp. (former Accipiter sp.);Aerospiza/Tachyspiza/Accipiter/Astur sp.
Doria's Hawk;Megatriorchis doriae
Western Marsh Harrier;Circus aeruginosus
African Marsh Harrier;Circus ranivorus
Western/African Marsh Harrier;Circus aeruginosus/ranivorus
Eastern Marsh Harrier;Circus spilonotus
Western/Eastern Marsh Harrier;Circus aeruginosus/spilonotus
Papuan Harrier;Circus spilothorax
Eastern Marsh/Papuan Harrier;Circus spilonotus/spilothorax
Swamp Harrier;Circus approximans
Reunion Harrier;Circus maillardi
Malagasy Harrier;Circus macrosceles
Long-winged Harrier;Circus buffoni
Spotted Harrier;Circus assimilis
Swamp/Spotted Harrier;Circus approximans/assimilis
Black Harrier;Circus maurus
Cinereous Harrier;Circus cinereus
Hen Harrier;Circus cyaneus
Northern Harrier;Circus hudsonius
Hen/Northern Harrier;Circus cyaneus/hudsonius
Pallid Harrier;Circus macrourus
Hen x Pallid Harrier (hybrid);Circus cyaneus x macrourus
Pied Harrier;Circus melanoleucos
Montagu's Harrier;Circus pygargus
Pallid x Montagu's Harrier (hybrid);Circus macrourus x pygargus
Hen/Montagu's Harrier;Circus cyaneus/pygargus
Pallid/Montagu's Harrier;Circus macrourus/pygargus
harrier sp.;Circus sp.
Tiny Hawk;Microspizias superciliosus
Semicollared Hawk;Microspizias collaris
Double-toothed Kite;Harpagus bidentatus
Rufous-thighed Kite;Harpagus diodon
Red Kite;Milvus milvus
Red Kite (Red);Milvus milvus milvus
Red Kite (Cape Verde);Milvus milvus fasciicauda
Black Kite;Milvus migrans
Black Kite (Black);Milvus migrans [migrans Group]
Black Kite (Black-eared);Milvus migrans lineatus/formosanus
Black Kite (Yellow-billed);Milvus migrans aegyptius/parasitus
Red/Black Kite;Milvus milvus/migrans
Brahminy Kite;Haliastur indus
Black/Brahminy Kite;Milvus migrans/Haliastur indus
Whistling Kite;Haliastur sphenurus
White-tailed Eagle;Haliaeetus albicilla
Bald Eagle;Haliaeetus leucocephalus
Pallas's Fish-Eagle;Haliaeetus leucoryphus
Steller's Sea-Eagle;Haliaeetus pelagicus
Bald Eagle x Steller's Sea-Eagle (hybrid);Haliaeetus leucocephalus x pelagicus
Golden/Bald Eagle;Aquila chrysaetos/Haliaeetus leucocephalus
African Fish-Eagle;Icthyophaga vocifer
Madagascar Fish-Eagle;Icthyophaga vociferoides
White-bellied Sea-Eagle;Icthyophaga leucogaster
Sanford's Sea-Eagle;Icthyophaga sanfordi
Lesser Fish-Eagle;Icthyophaga humilis
Gray-headed Fish-Eagle;Icthyophaga ichthyaetus
Lesser/Gray-headed Fish-Eagle;Icthyophaga humilis/ichthyaetus
Haliaeetus/Icthyophaga sp.;Haliaeetus/Icthyophaga sp.
Rufous-winged Buzzard;Butastur liventer
Grasshopper Buzzard;Butastur rufipennis
White-eyed Buzzard;Butastur teesa
Gray-faced Buzzard;Butastur indicus
Mississippi Kite;Ictinia mississippiensis
Plumbeous Kite;Ictinia plumbea
Mississippi/Plumbeous Kite;Ictinia mississippiensis/plumbea
Crane Hawk;Geranospiza caerulescens
Crane Hawk (Blackish);Geranospiza caerulescens [nigra Group]
Crane Hawk (Gray);Geranospiza caerulescens caerulescens
Crane Hawk (Banded);Geranospiza caerulescens gracilis/flexipes
Black-collared Hawk;Busarellus nigricollis
Snail Kite;Rostrhamus sociabilis
Slender-billed Kite;Helicolestes hamatus
Barred Hawk;Morphnarchus princeps
Plumbeous Hawk;Cryptoleucopteryx plumbea
Slate-colored Hawk;Buteogallus schistaceus
Common Black Hawk;Buteogallus anthracinus
Common Black Hawk (Common);Buteogallus anthracinus anthracinus
Common Black Hawk (Mangrove);Buteogallus anthracinus [subtilis Group]
Cuban Black Hawk;Buteogallus gundlachii
Rufous Crab Hawk;Buteogallus aequinoctialis
Savanna Hawk;Buteogallus meridionalis
White-necked Hawk;Buteogallus lacernulatus
Great Black Hawk;Buteogallus urubitinga
Great Black Hawk (Northern);Buteogallus urubitinga ridgwayi
Great Black Hawk (Southern);Buteogallus urubitinga urubitinga
Common/Great Black Hawk;Buteogallus anthracinus/urubitinga
Solitary Eagle;Buteogallus solitarius
Chaco Eagle;Buteogallus coronatus
Buteogallus sp.;Buteogallus sp.
Roadside Hawk;Rupornis magnirostris
Roadside Hawk (Cozumel I.);Rupornis magnirostris gracilis
Roadside Hawk (Northern);Rupornis magnirostris [magnirostris Group]
Roadside Hawk (Southern);Rupornis magnirostris [pucherani Group]
Harris's Hawk;Parabuteo unicinctus
Harris's Hawk (Harris's);Parabuteo unicinctus harrisi
Harris's Hawk (Bay-winged);Parabuteo unicinctus unicinctus
White-rumped Hawk;Parabuteo leucorrhous
White-tailed Hawk;Geranoaetus albicaudatus
Variable Hawk;Geranoaetus polyosoma
Variable Hawk (Puna);Geranoaetus polyosoma (Puna)
Variable Hawk (Red-backed);Geranoaetus polyosoma (Red-backed)
Variable Hawk (Variable);Geranoaetus polyosoma polyosoma
Variable Hawk (Juan Fernandez);Geranoaetus polyosoma exsul
Black-chested Buzzard-Eagle;Geranoaetus melanoleucus
Geranoaetus sp.;Geranoaetus sp.
Gray-backed Hawk;Pseudastur occidentalis
White Hawk;Pseudastur albicollis
White Hawk (Snowy);Pseudastur albicollis ghiesbreghti
White Hawk (White-shouldered);Pseudastur albicollis costaricensis
White Hawk (Black-winged);Pseudastur albicollis williaminae
White Hawk (Black-tailed);Pseudastur albicollis albicollis
Mantled Hawk;Pseudastur polionotus
Semiplumbeous Hawk;Leucopternis semiplumbeus
Black-faced Hawk;Leucopternis melanops
White-browed Hawk;Leucopternis kuhli
Bermuda Hawk;Bermuteo avivorus
Gray Hawk;Buteo plagiatus
Gray-lined Hawk;Buteo nitidus
Gray/Gray-lined Hawk;Buteo plagiatus/nitidus
Broad-winged Hawk;Buteo platypterus
Broad-winged Hawk (Northern);Buteo platypterus platypterus
Broad-winged Hawk (Caribbean);Buteo platypterus [antillarum Group]
Red-shouldered Hawk;Buteo lineatus
Red-shouldered Hawk (lineatus Group);Buteo lineatus [lineatus Group]
Red-shouldered Hawk (extimus);Buteo lineatus extimus
Red-shouldered Hawk (elegans);Buteo lineatus elegans
Common Black x Red-shouldered Hawk (hybrid);Buteogallus anthracinus x Buteo lineatus
Ridgway's Hawk;Buteo ridgwayi
Broad-winged x Red-shouldered Hawk (hybrid);Buteo platypterus x lineatus
Broad-winged/Red-shouldered Hawk;Buteo platypterus/lineatus
Zone-tailed Hawk;Buteo albonotatus
Hawaiian Hawk;Buteo solitarius
White-throated Hawk;Buteo albigula
Short-tailed Hawk;Buteo brachyurus
Swainson's Hawk;Buteo swainsoni
Galapagos Hawk;Buteo galapagoensis
Red-tailed Hawk;Buteo jamaicensis
Red-tailed Hawk (Harlan's);Buteo jamaicensis harlani
Red-tailed Hawk (abieticola);Buteo jamaicensis abieticola
Red-tailed Hawk (calurus/alascensis);Buteo jamaicensis calurus/alascensis
Red-tailed Hawk (borealis);Buteo jamaicensis borealis
Red-tailed Hawk (calurus/abieticola);Buteo jamaicensis calurus/abieticola
Red-tailed Hawk (Krider's);Buteo jamaicensis kriderii
Red-tailed Hawk (fuertesi);Buteo jamaicensis fuertesi
Red-tailed Hawk (Sutton's);Buteo jamaicensis suttoni
Red-tailed Hawk (kemsiesi/hadropus);Buteo jamaicensis kemsiesi/hadropus
Red-tailed Hawk (costaricensis);Buteo jamaicensis costaricensis
Red-tailed Hawk (fumosus);Buteo jamaicensis fumosus
Red-tailed Hawk (socorroensis);Buteo jamaicensis socorroensis
Red-tailed Hawk (umbrinus);Buteo jamaicensis umbrinus
Red-tailed Hawk (jamaicensis);Buteo jamaicensis jamaicensis
Red-tailed Hawk (solitudinis);Buteo jamaicensis solitudinis
Red-shouldered x Red-tailed Hawk (hybrid);Buteo lineatus x jamaicensis
Rufous-tailed Hawk;Buteo ventralis
Rough-legged Hawk;Buteo lagopus
Swainson's x Rough-legged Hawk (hybrid);Buteo swainsoni x lagopus
Red-tailed x Rough-legged Hawk (hybrid);Buteo jamaicensis x lagopus
Ferruginous Hawk;Buteo regalis
Red-tailed x Ferruginous Hawk (hybrid);Buteo jamaicensis x regalis
Red-necked Buzzard;Buteo auguralis
Augur Buzzard;Buteo augur
Augur Buzzard (Augur);Buteo augur augur
Augur Buzzard (Archer's);Buteo augur archeri
Jackal Buzzard;Buteo rufofuscus
Mountain Buzzard;Buteo oreophilus
Common Buzzard;Buteo buteo
Common Buzzard (Western);Buteo buteo buteo
Common Buzzard (Corsican);Buteo buteo arrigonii
Common Buzzard (Azores);Buteo buteo rothschildi
Common Buzzard (Canary Is.);Buteo buteo insularum
Common Buzzard (Cape Verde);Buteo buteo bannermani
Common Buzzard (Steppe);Buteo buteo vulpinus/menetriesi
Forest Buzzard;Buteo trizonatus
Elgin Buzzard (undescribed form);Buteo [undescribed form]
Madagascar Buzzard;Buteo brachypterus
Socotra Buzzard;Buteo socotraensis
Long-legged Buzzard;Buteo rufinus
Long-legged Buzzard (Northern);Buteo rufinus rufinus
Long-legged Buzzard (Atlas);Buteo rufinus cirtensis
Common x Long-legged Buzzard (hybrid);Buteo buteo x rufinus
Common/Long-legged Buzzard;Buteo buteo/rufinus
Upland Buzzard;Buteo hemilasius
Long-legged x Upland Buzzard (hybrid);Buteo rufinus x hemilasius
Long-legged/Upland Buzzard;Buteo rufinus/hemilasius
Himalayan Buzzard;Buteo refectus
Common/Himalayan Buzzard;Buteo buteo/refectus
Eastern Buzzard;Buteo japonicus
Common/Eastern Buzzard;Buteo buteo/japonicus
Himalayan/Eastern Buzzard;Buteo refectus/japonicus
Common/Himalayan/Eastern Buzzard;Buteo buteo/refectus/japonicus
Buteo sp.;Buteo sp.
Geranoaetus/Buteo sp.;Geranoaetus/Buteo sp.
Buteo/eagle sp.;Buteo/eagle sp.
hawk sp.;Accipitridae sp. (hawk sp.)
eagle sp.;Accipitridae sp. (eagle sp.)
Sooty Owl;Tyto tenebricosa
Sooty Owl (Greater);Tyto tenebricosa tenebricosa/arfaki
Sooty Owl (Lesser);Tyto tenebricosa multipunctata
Australian Masked-Owl;Tyto novaehollandiae
Golden Masked-Owl;Tyto aurantia
Seram Masked-Owl;Tyto almae
Lesser Masked-Owl;Tyto sororcula
Lesser Masked-Owl (Buru);Tyto sororcula cayelii
Lesser Masked-Owl (Tanimbar);Tyto sororcula sororcula
Manus Masked-Owl;Tyto manusi
Taliabu Masked-Owl;Tyto nigrobrunnea
Minahasa Masked-Owl;Tyto inexspectata
Sulawesi Masked-Owl;Tyto rosenbergii
Itombwe Owl;Tyto prigoginei
Australasian Grass-Owl;Tyto longimembris
African Grass-Owl;Tyto capensis
Western Barn Owl;Tyto alba
Western Barn Owl (Eurasian);Tyto alba [alba Group]
Western Barn Owl (Madeiran);Tyto alba schmitzi
Western Barn Owl (Canary Is.);Tyto alba gracilirostris
Western Barn Owl (African);Tyto alba poensis
Western Barn Owl (Cape Verde);Tyto alba detorta
Western Barn Owl (Sao Tome);Tyto alba thomensis
Eastern Barn Owl;Tyto javanica
Eastern Barn Owl (Eastern);Tyto javanica [javanica Group]
Eastern Barn Owl (Boang);Tyto javanica crassirostris
Western/Eastern Barn Owl;Tyto alba/javanica
American Barn Owl;Tyto furcata
American Barn Owl (American);Tyto furcata [tuidara Group]
American Barn Owl (White-winged);Tyto furcata furcata
American Barn Owl (Curacao);Tyto furcata bargei
American Barn Owl (Lesser Antilles);Tyto furcata nigrescens/insularis
American Barn Owl (Galapagos);Tyto furcata punctatissima
Andaman Masked-Owl;Tyto deroepstorffi
Ashy-faced Owl;Tyto glaucops
Red Owl;Tyto soumagnei
Tyto sp.;Tyto sp.
Oriental Bay-Owl;Phodilus badius
Sri Lanka Bay-Owl;Phodilus assimilis
White-fronted Scops-Owl;Otus sagittatus
Andaman Scops-Owl;Otus balli
Reddish Scops-Owl;Otus rufescens
Serendib Scops-Owl;Otus thilohoffmanni
Sandy Scops-Owl;Otus icterorhynchus
Sandy Scops-Owl (Sandy);Otus icterorhynchus icterorhynchus
Sandy Scops-Owl (Reddish);Otus icterorhynchus holerythrus
Sokoke Scops-Owl;Otus ireneae
Flores Scops-Owl;Otus alfredi
Mountain Scops-Owl;Otus spilocephalus
Rajah Scops-Owl;Otus brookii
Rajah Scops-Owl (Sumatran);Otus brookii solokensis
Rajah Scops-Owl (Bornean);Otus brookii brookii
Javan Scops-Owl;Otus angelinae
Mentawai Scops-Owl;Otus mentawi
Indian Scops-Owl;Otus bakkamoena
Collared Scops-Owl;Otus lettia
Giant Scops-Owl;Otus gurneyi
Sunda Scops-Owl;Otus lempiji
Collared/Sunda Scops-Owl;Otus lettia/lempiji
Japanese Scops-Owl;Otus semitorques
Wallace's Scops-Owl;Otus silvicola
Palawan Scops-Owl;Otus fuliginosus
Philippine Scops-Owl;Otus megalotis
Everett's Scops-Owl;Otus everetti
Negros Scops-Owl;Otus nigrorum
Mindoro Scops-Owl;Otus mindorensis
Moluccan Scops-Owl;Otus magicus
Moluccan Scops-Owl (Moluccan);Otus magicus [magicus Group]
Moluccan Scops-Owl (Kalidupa);Otus magicus kalidupae
Wetar Scops-Owl;Otus tempestatis
Rinjani Scops-Owl;Otus jolandae
Palau Scops-Owl;Otus podarginus
Mantanani Scops-Owl;Otus mantananensis
Ryukyu Scops-Owl;Otus elegans
Sulawesi Scops-Owl;Otus manadensis
Banggai Scops-Owl;Otus mendeni
Sangihe Scops-Owl;Otus collari
Siau Scops-Owl;Otus siaoensis
Sula Scops-Owl;Otus sulaensis
Biak Scops-Owl;Otus beccarii
Simeulue Scops-Owl;Otus umbra
Enggano Scops-Owl;Otus enganensis
Nicobar Scops-Owl;Otus alius
Arabian Scops-Owl;Otus pamelae
Eurasian Scops-Owl;Otus scops
Cyprus Scops-Owl;Otus cyprius
Eurasian/Cyprus Scops-Owl;Otus scops/cyprius
Principe Scops-Owl;Otus bikegila
Pemba Scops-Owl;Otus pembaensis
Sao Tome Scops-Owl;Otus hartlaubi
African Scops-Owl;Otus senegalensis
African Scops-Owl (African);Otus senegalensis senegalensis
African Scops-Owl (Annobon);Otus senegalensis feae
African Scops-Owl (Snowy);Otus senegalensis nivosus
Pallid Scops-Owl;Otus brucei
Eurasian/Pallid Scops-Owl;Otus scops/brucei
Mindanao Scops-Owl;Otus mirus
Luzon Scops-Owl;Otus longicornis
Moheli Scops-Owl;Otus moheliensis
Comoro Scops-Owl;Otus pauliani
Seychelles Scops-Owl;Otus insularis
Oriental Scops-Owl;Otus sunia
Oriental Scops-Owl (Southern);Otus sunia [sunia Group]
Oriental Scops-Owl (Northern);Otus sunia [japonicus Group]
Oriental Scops-Owl (Walden's);Otus sunia modestus
Socotra Scops-Owl;Otus socotranus
Anjouan Scops-Owl;Otus capnodes
Mayotte Scops-Owl;Otus mayottensis
Reunion Scops-Owl;Otus grucheti
Rodrigues Scops-Owl;Otus murivorus
Mauritius Scops-Owl;Otus sauzieri
Madagascar Scops-Owl;Otus rutilus
Madagascar Scops-Owl (Rainforest);Otus rutilus rutilus
Madagascar Scops-Owl (Torotoroka);Otus rutilus madagascariensis
scops-owl sp.;Otus sp.
Flammulated Owl;Psiloscops flammeolus
Puerto Rican Owl;Gymnasio nudipes
Bare-shanked Screech-Owl;Megascops clarkii
Whiskered Screech-Owl;Megascops trichopsis
White-throated Screech-Owl;Megascops albogularis
Tropical Screech-Owl;Megascops choliba
Koepcke's Screech-Owl;Megascops koepckeae
Koepcke's Screech-Owl (Koepcke's);Megascops koepckeae koepckeae
Koepcke's Screech-Owl (Apurimac);Megascops koepckeae hockingi
Rufescent Screech-Owl;Megascops ingens
Rufescent Screech-Owl (Colombian);Megascops ingens colombianus
Rufescent Screech-Owl (Rufescent);Megascops ingens ingens/venezuelanus
Cinnamon Screech-Owl;Megascops petersoni
Cloud-forest Screech-Owl;Megascops marshalli
Montane Forest Screech-Owl;Megascops hoyi
Middle American Screech-Owl;Megascops guatemalae
Middle American Screech-Owl (Middle American);Megascops guatemalae [guatemalae Group]
Middle American Screech-Owl (Vermiculated);Megascops guatemalae vermiculatus
Choco Screech-Owl;Megascops centralis
Puntarenas Screech-Owl (undescribed form);Megascops [undescribed form]
Foothill Screech-Owl;Megascops roraimae
Foothill Screech-Owl (Roraima);Megascops roraimae roraimae
Foothill Screech-Owl (Foothill);Megascops roraimae [napensis Group]
Long-tufted Screech-Owl;Megascops sanctaecatarinae
Bearded Screech-Owl;Megascops barbarus
Balsas Screech-Owl;Megascops seductus
Pacific Screech-Owl;Megascops cooperi
Pacific Screech-Owl (lambi);Megascops cooperi lambi
Pacific Screech-Owl (cooperi);Megascops cooperi cooperi
Western Screech-Owl;Megascops kennicottii
Western Screech-Owl (Northern);Megascops kennicottii [kennicottii Group]
Western Screech-Owl (Vinaceous);Megascops kennicottii vinaceus
Western Screech-Owl (Sutton's);Megascops kennicottii suttoni
Eastern Screech-Owl;Megascops asio
Eastern Screech-Owl (Northern);Megascops asio [asio Group]
Eastern Screech-Owl (McCall's);Megascops asio mccallii
Western x Eastern Screech-Owl (hybrid);Megascops kennicottii x asio
Santa Marta Screech-Owl;Megascops gilesi
Peruvian Screech-Owl;Megascops roboratus
Peruvian Screech-Owl (pacificus);Megascops roboratus pacificus
Peruvian Screech-Owl (roboratus);Megascops roboratus roboratus
Tawny-bellied Screech-Owl;Megascops watsonii
Tawny-bellied Screech-Owl (Northern);Megascops watsonii watsonii
Tawny-bellied Screech-Owl (Southern);Megascops watsonii [usta Group]
Black-capped Screech-Owl;Megascops atricapilla
screech-owl sp.;Megascops sp.
Bare-legged Owl;Margarobyas lawrencii
Northern White-faced Owl;Ptilopsis leucotis
Southern White-faced Owl;Ptilopsis granti
Crested Owl;Lophostrix cristata
Maned Owl;Jubula lettii
Spectacled Owl;Pulsatrix perspicillata
Tawny-browed Owl;Pulsatrix koeniswaldiana
Band-bellied Owl;Pulsatrix melanota
Pulsatrix sp.;Pulsatrix sp.
Snowy Owl;Bubo scandiacus
Great Horned Owl;Bubo virginianus
Great Horned Owl (Northern);Bubo virginianus [virginianus Group]
Great Horned Owl (North Andean);Bubo virginianus nigrescens
Great Horned Owl (Tropical);Bubo virginianus nacurutu/deserti
Lesser Horned Owl;Bubo magellanicus
Great/Lesser Horned Owl;Bubo virginianus/magellanicus
Rock Eagle-Owl;Bubo bengalensis
Grayish Eagle-Owl;Bubo cinerascens
Spotted Eagle-Owl;Bubo africanus
Arabian Eagle-Owl;Bubo milesi
Cape Eagle-Owl;Bubo capensis
Cape Eagle-Owl (Northern);Bubo capensis dillonii/mackinderi
Cape Eagle-Owl (Cape);Bubo capensis capensis
Pharaoh Eagle-Owl;Bubo ascalaphus
Pharaoh Eagle-Owl (Pharaoh);Bubo ascalaphus ascalaphus
Pharaoh Eagle-Owl (Desert);Bubo ascalaphus desertorum
Eurasian Eagle-Owl;Bubo bubo
Bubo sp.;Bubo sp.
Fraser's Eagle-Owl;Ketupa poensis
Fraser's Eagle-Owl (Western);Ketupa poensis poensis
Fraser's Eagle-Owl (Usambara);Ketupa poensis vosseleri
Akun Eagle-Owl;Ketupa leucosticta
Verreaux's Eagle-Owl;Ketupa lactea
Shelley's Eagle-Owl;Ketupa shelleyi
Blakiston's Fish-Owl;Ketupa blakistoni
Blakiston's Fish-Owl (doerriesi);Ketupa blakistoni doerriesi
Blakiston's Fish-Owl (blakistoni);Ketupa blakistoni blakistoni
Buffy Fish-Owl;Ketupa ketupu
Brown Fish-Owl;Ketupa zeylonensis
Brown Fish-Owl (Turkish);Ketupa zeylonensis semenowi
Brown Fish-Owl (Eastern);Ketupa zeylonensis [zeylonensis Group]
Buffy x Brown Fish-Owl (hybrid);Ketupa ketupu x zeylonensis
Tawny Fish-Owl;Ketupa flavipes
Dusky Eagle-Owl;Ketupa coromanda
Spot-bellied Eagle-Owl;Ketupa nipalensis
Barred Eagle-Owl;Ketupa sumatrana
Philippine Eagle-Owl;Ketupa philippensis
Pel's Fishing-Owl;Scotopelia peli
Rufous Fishing-Owl;Scotopelia ussheri
Vermiculated Fishing-Owl;Scotopelia bouvieri
Northern Hawk Owl;Surnia ulula
Northern Hawk Owl (American);Surnia ulula caparoch
Northern Hawk Owl (Eurasian);Surnia ulula ulula/tianschanica
Eurasian Pygmy-Owl;Glaucidium passerinum
Pearl-spotted Owlet;Glaucidium perlatum
Northern Pygmy-Owl;Glaucidium gnoma
Northern Pygmy-Owl (Mountain);Glaucidium gnoma gnoma
Northern Pygmy-Owl (Pacific);Glaucidium gnoma [californicum Group]
Northern Pygmy-Owl (Rocky Mts.);Glaucidium gnoma pinicola
Northern Pygmy-Owl (Guatemalan);Glaucidium gnoma cobanense
Northern Pygmy-Owl (Cape);Glaucidium gnoma hoskinsii
Costa Rican Pygmy-Owl;Glaucidium costaricanum
Cloud-forest Pygmy-Owl;Glaucidium nubicola
Andean Pygmy-Owl;Glaucidium jardinii
Yungas Pygmy-Owl;Glaucidium bolivianum
Subtropical Pygmy-Owl;Glaucidium parkeri
Central American Pygmy-Owl;Glaucidium griseiceps
Tamaulipas Pygmy-Owl;Glaucidium sanchezi
Colima Pygmy-Owl;Glaucidium palmarum
Amazonian Pygmy-Owl;Glaucidium hardyi
Pernambuco Pygmy-Owl;Glaucidium mooreorum
Least Pygmy-Owl;Glaucidium minutissimum
Ferruginous Pygmy-Owl;Glaucidium brasilianum
Ferruginous Pygmy-Owl (Ferruginous);Glaucidium brasilianum [brasilianum Group]
Ferruginous Pygmy-Owl (Tucuman);Glaucidium brasilianum tucumanum
Austral Pygmy-Owl;Glaucidium nana
Ferruginous/Austral Pygmy-Owl;Glaucidium brasilianum/nana
Peruvian Pygmy-Owl;Glaucidium peruanum
Cuban Pygmy-Owl;Glaucidium siju
Red-chested Owlet;Glaucidium tephronotum
Red-chested Owlet (Western);Glaucidium tephronotum tephronotum
Red-chested Owlet (Pycraft's);Glaucidium tephronotum pycrafti
Red-chested Owlet (Eastern);Glaucidium tephronotum medje
Sjöstedt's Owlet;Glaucidium sjostedti
Asian Barred Owlet;Glaucidium cuculoides
Javan Owlet;Glaucidium castanopterum
Jungle Owlet;Glaucidium radiatum
Asian Barred/Jungle Owlet;Glaucidium cuculoides/radiatum
Chestnut-backed Owlet;Glaucidium castanotum
African Barred Owlet;Glaucidium capense
African Barred Owlet (Spot-fronted);Glaucidium capense scheffleri
African Barred Owlet (Bar-fronted);Glaucidium capense capense/ngamiense
African Barred Owlet (Etchecopar's);Glaucidium capense etchecopari
African Barred Owlet (Chestnut);Glaucidium capense castaneum
Albertine Owlet;Glaucidium albertinum
Glaucidium sp.;Glaucidium sp.
Collared Owlet;Taenioptynx brodiei
Sunda Owlet;Taenioptynx sylvaticus
Elf Owl;Micrathene whitneyi
Long-whiskered Owlet;Xenoglaux loweryi
Spotted Owlet;Athene brama
Little Owl;Athene noctua
Little Owl (Little);Athene noctua [noctua Group]
Little Owl (Abyssinian);Athene noctua spilogastra/somaliensis
Little Owl (Lilith);Athene noctua lilith
Little Owl (Hutton's);Athene noctua bactriana
Forest Owlet;Athene blewitti
West Solomons Owl;Athene jacquinoti
Guadalcanal Owl;Athene granti
Malaita Owl;Athene malaitae
Makira Owl;Athene roseoaxillaris
White-browed Owl;Athene superciliaris
Burrowing Owl;Athene cunicularia
Burrowing Owl (Western);Athene cunicularia hypugaea/rostrata
Burrowing Owl (Florida);Athene cunicularia floridana
Burrowing Owl (guadeloupensis Group);Athene cunicularia [guadeloupensis Group]
Burrowing Owl (Andean);Athene cunicularia [tolimae Group]
Burrowing Owl (Littoral);Athene cunicularia nanodes/juninensis
Burrowing Owl (grallaria);Athene cunicularia grallaria
Burrowing Owl (Southern);Athene cunicularia [cunicularia Group]
Mottled Owl;Strix virgata
Mottled Owl (Mottled);Strix virgata [virgata Group]
Mottled Owl (Amazonian);Strix virgata superciliaris/macconnelli
Mottled Owl (Atlantic Forest);Strix virgata borelliana
Black-and-white Owl;Strix nigrolineata
Black-banded Owl;Strix huhula
Black-banded Owl (San Isidro);Strix huhula [undescribed cloud-forest form]
Rufous-banded Owl;Strix albitarsis
neotropical Strix sp.;Strix sp. (former Ciccaba sp.)
Spotted Wood-Owl;Strix seloputo
Mottled Wood-Owl;Strix ocellata
Brown Wood-Owl;Strix leptogrammica
Brown Wood-Owl (Brown);Strix leptogrammica [indranee Group]
Brown Wood-Owl (Nias);Strix leptogrammica niasensis
Brown Wood-Owl (Sunda);Strix leptogrammica [leptogrammica Group]
Tawny Owl;Strix aluco
Tawny Owl (Tawny);Strix aluco [aluco Group]
Tawny Owl (Maghreb);Strix aluco mauritanica
Himalayan Owl;Strix nivicolum
Desert Owl;Strix hadorami
Omani Owl;Strix butleri
Spotted Owl;Strix occidentalis
Spotted Owl (Northern);Strix occidentalis caurina
Spotted Owl (California);Strix occidentalis occidentalis
Spotted Owl (Mexican);Strix occidentalis lucida
Barred Owl;Strix varia
Spotted x Barred Owl (hybrid);Strix occidentalis x varia
Spotted/Barred Owl;Strix occidentalis/varia
Cinereous Owl;Strix sartorii
Fulvous Owl;Strix fulvescens
Rusty-barred Owl;Strix hylophila
Rufous-legged Owl;Strix rufipes
Chaco Owl;Strix chacoensis
Ural Owl;Strix uralensis
Ural Owl (Ural);Strix uralensis [uralensis Group]
Ural Owl (Pere David's);Strix uralensis davidi
Great Gray Owl;Strix nebulosa
Great Gray Owl (American);Strix nebulosa nebulosa
Great Gray Owl (Lapland);Strix nebulosa lapponica
African Wood-Owl;Strix woodfordii
Strix sp.;Strix sp.
Jamaican Owl;Asio grammicus
Long-eared Owl;Asio otus
Long-eared Owl (American);Asio otus wilsonianus/tuftsi
Long-eared Owl (Eurasian);Asio otus otus/canariensis
Abyssinian Owl;Asio abyssinicus
Madagascar Owl;Asio madagascariensis
Striped Owl;Asio clamator
Stygian Owl;Asio stygius
Short-eared Owl;Asio flammeus
Short-eared Owl (Northern);Asio flammeus flammeus
Short-eared Owl (Pohnpei);Asio flammeus ponapensis
Short-eared Owl (Hawaiian);Asio flammeus sandwichensis
Short-eared Owl (Antillean);Asio flammeus domingensis/portoricensis
Short-eared Owl (Galapagos);Asio flammeus galapagoensis
Short-eared Owl (South American);Asio flammeus [suinda Group]
Long-eared/Short-eared Owl;Asio otus/flammeus
Marsh Owl;Asio capensis
Fearful Owl;Asio solomonensis
Asio sp.;Asio sp.
Boreal Owl;Aegolius funereus
Boreal Owl (Tengmalm's);Aegolius funereus [funereus Group]
Boreal Owl (Richardson's);Aegolius funereus richardsoni
Northern Saw-whet Owl;Aegolius acadicus
Northern Saw-whet Owl (acadicus);Aegolius acadicus acadicus
Northern Saw-whet Owl (Haida Gwaii);Aegolius acadicus brooksi
Boreal/Northern Saw-whet Owl;Aegolius funereus/acadicus
Bermuda Saw-whet Owl;Aegolius gradyi
Unspotted Saw-whet Owl;Aegolius ridgwayi
pygmy-owl/saw-whet owl sp.;Glaucidium/Aegolius sp. (pygmy-owl/saw-whet owl sp.)
Buff-fronted Owl;Aegolius harrisii
Rufous Owl;Ninox rufa
Powerful Owl;Ninox strenua
Barking Owl;Ninox connivens
Sumba Boobook;Ninox rudolfi
Andaman Boobook;Ninox affinis
Australian Boobook;Ninox boobook
Australian Boobook (Boobook);Ninox boobook [boobook Group]
Australian Boobook (Red);Ninox boobook lurida
Rote Boobook;Ninox rotiensis
Timor Boobook;Ninox fusca
Alor Boobook;Ninox plesseni
Tasmanian Boobook;Ninox leucopsis
Australian/Tasmanian Boobook;Ninox boobook/leucopsis
Morepork;Ninox novaeseelandiae
Laughing Owl;Ninox albifacies
Least Boobook;Ninox sumbaensis
Brown Boobook;Ninox scutulata
Hume's Boobook;Ninox obscura
Northern Boobook;Ninox japonica
Brown/Northern Boobook;Ninox scutulata/japonica
Chocolate Boobook;Ninox randi
Luzon Boobook;Ninox philippensis
Mindanao Boobook;Ninox spilocephala
Mindoro Boobook;Ninox mindorensis
Romblon Boobook;Ninox spilonotus
Cebu Boobook;Ninox rumseyi
Camiguin Boobook;Ninox leventisi
Sulu Boobook;Ninox reyi
Ochre-bellied Boobook;Ninox ochracea
Togian Boobook;Ninox burhani
Cinnabar Boobook;Ninox ios
White-spotted Boobook (undescribed form);Ninox [undescribed form]
Halmahera Boobook;Ninox hypogramma
Tanimbar Boobook;Ninox forbesi
Seram Boobook;Ninox squamipila
Buru Boobook;Ninox hantu
Christmas Island Boobook;Ninox natalis
Papuan Boobook;Ninox theomacha
Manus Boobook;Ninox meeki
Speckled Boobook;Ninox punctulata
Bismarck Boobook;Ninox variegata
New Britain Boobook;Ninox odiosa
boobook sp.;Ninox sp.
Papuan Owl;Uroglaux dimorpha
owl sp.;Strigiformes sp.
Speckled Mousebird;Colius striatus
White-headed Mousebird;Colius leucocephalus
Red-backed Mousebird;Colius castanotus
White-backed Mousebird;Colius colius
Blue-naped Mousebird;Urocolius macrourus
Red-faced Mousebird;Urocolius indicus
mousebird sp.;Coliidae sp.
Cuckoo-roller;Leptosomus discolor
Cuckoo-roller (Grande Comore);Leptosomus discolor gracilis
Cuckoo-roller (Anjouan);Leptosomus discolor intermedius
Cuckoo-roller (Malagasy);Leptosomus discolor discolor
Narina Trogon;Apaloderma narina
Bare-cheeked Trogon;Apaloderma aequatoriale
Bar-tailed Trogon;Apaloderma vittatum
african trogon sp.;Apaloderma sp.
Javan Trogon;Apalharpactes reinwardtii
Sumatran Trogon;Apalharpactes mackloti
Orange-breasted Trogon;Harpactes oreskios
Orange-breasted Trogon (Spice);Harpactes oreskios [dulitensis Group]
Orange-breasted Trogon (Orange-breasted);Harpactes oreskios oreskios
Malabar Trogon;Harpactes fasciatus
Red-naped Trogon;Harpactes kasumba
Diard's Trogon;Harpactes diardii
Philippine Trogon;Harpactes ardens
Whitehead's Trogon;Harpactes whiteheadi
Cinnamon-rumped Trogon;Harpactes orrhophaeus
Scarlet-rumped Trogon;Harpactes duvaucelii
Red-headed Trogon;Harpactes erythrocephalus
Ward's Trogon;Harpactes wardi
asian trogon sp.;Apalharpactes/Harpactes sp.
Eared Quetzal;Euptilotis neoxenus
Pavonine Quetzal;Pharomachrus pavoninus
Golden-headed Quetzal;Pharomachrus auriceps
Resplendent Quetzal;Pharomachrus mocinno
Resplendent Quetzal (Guatemalan);Pharomachrus mocinno mocinno
Resplendent Quetzal (Costa Rican);Pharomachrus mocinno costaricensis
White-tipped Quetzal;Pharomachrus fulgidus
Crested Quetzal;Pharomachrus antisianus
Golden-headed x Crested Quetzal (hybrid);Pharomachrus auriceps x antisianus
Golden-headed/Crested Quetzal;Pharomachrus auriceps/antisianus
Cuban Trogon;Priotelus temnurus
Hispaniolan Trogon;Priotelus roseigaster
Lattice-tailed Trogon;Trogon clathratus
Slaty-tailed Trogon;Trogon massena
Slaty-tailed Trogon (Massena);Trogon massena massena/hoffmanni
Slaty-tailed Trogon (Chapman's);Trogon massena australis
Blue-tailed Trogon;Trogon comptus
Ecuadorian Trogon;Trogon mesurus
Black-tailed Trogon;Trogon melanurus
Black-tailed Trogon (Large-tailed);Trogon melanurus macroura
Black-tailed Trogon (Black-tailed);Trogon melanurus melanurus/eumorphus
Black-headed Trogon;Trogon melanocephalus
Citreoline Trogon;Trogon citreolus
White-tailed Trogon;Trogon chionurus
Green-backed Trogon;Trogon viridis
Baird's Trogon;Trogon bairdii
Gartered Violaceous Trogon;Trogon caligatus
Guianan Violaceous Trogon;Trogon violaceus
Amazonian Violaceous Trogon;Trogon ramonianus
Guianan/Amazonian Violaceous Trogon;Trogon violaceus/ramonianus
Blue-crowned Trogon;Trogon curucui
Surucua Trogon;Trogon surrucura
Surucua Trogon (Orange-bellied);Trogon surrucura aurantius
Surucua Trogon (Red-bellied);Trogon surrucura surrucura
Blue-crowned x Surucua Trogon (hybrid);Trogon curucui x surrucura
Graceful Black-throated Trogon;Trogon tenellus
Choco Black-throated Trogon;Trogon cupreicauda
Amazonian Black-throated Trogon;Trogon rufus
Atlantic Black-throated Trogon;Trogon chrysochloros
Atlantic Black-throated Trogon (Alagoas);Trogon chrysochloros muriciensis
Atlantic Black-throated Trogon (Southern);Trogon chrysochloros chrysochloros
Coppery-tailed Trogon;Trogon ambiguus
Elegant Trogon;Trogon elegans
Mountain Trogon;Trogon mexicanus
Collared Trogon;Trogon collaris
Collared Trogon (Xalapa);Trogon collaris puella
Collared Trogon (Orange-bellied);Trogon collaris aurantiiventris/underwoodi
Collared Trogon (Collared);Trogon collaris [collaris Group]
Masked Trogon;Trogon personatus
new world trogon sp.;Trogon sp.
Common Hoopoe;Upupa epops
Common Hoopoe (Eurasian);Upupa epops [epops Group]
Common Hoopoe (Central African);Upupa epops senegalensis/waibeli
Common Hoopoe (African);Upupa epops africana
Madagascar Hoopoe;Upupa marginata
St. Helena Hoopoe;Upupa antaios
Green Woodhoopoe;Phoeniculus purpureus
Violet Woodhoopoe;Phoeniculus damarensis
Violet Woodhoopoe (Violet);Phoeniculus damarensis damarensis
Violet Woodhoopoe (Grant's);Phoeniculus damarensis granti
Green/Violet Woodhoopoe;Phoeniculus purpureus/damarensis
Black-billed Woodhoopoe;Phoeniculus somaliensis
White-headed Woodhoopoe;Phoeniculus bollei
White-headed Woodhoopoe (bollei/jacksoni);Phoeniculus bollei bollei/jacksoni
White-headed Woodhoopoe (Oku);Phoeniculus bollei okuensis
woodhoopoe sp.;Phoeniculus sp.
Forest Scimitarbill;Rhinopomastus castaneiceps
Forest Scimitarbill (Western);Rhinopomastus castaneiceps castaneiceps
Forest Scimitarbill (Eastern);Rhinopomastus castaneiceps brunneiceps
Black Scimitarbill;Rhinopomastus aterrimus
Common Scimitarbill;Rhinopomastus cyanomelas
Abyssinian Scimitarbill;Rhinopomastus minor
woodhoopoe/scimitarbill sp.;Phoeniculus/Rhinopomastus sp.
Abyssinian Ground-Hornbill;Bucorvus abyssinicus
Southern Ground-Hornbill;Bucorvus leadbeateri
Red-billed Dwarf Hornbill;Lophoceros camurus
Crowned Hornbill;Lophoceros alboterminatus
Bradfield's Hornbill;Lophoceros bradfieldi
West African Pied Hornbill;Lophoceros semifasciatus
Congo Pied Hornbill;Lophoceros fasciatus
West African/Congo Pied Hornbill;Lophoceros semifasciatus/fasciatus
Hemprich's Hornbill;Lophoceros hemprichii
African Gray Hornbill;Lophoceros nasutus
Pale-billed Hornbill;Lophoceros pallidirostris
Lophoceros sp.;Lophoceros sp.
Eastern Yellow-billed Hornbill;Tockus flavirostris
Southern Yellow-billed Hornbill;Tockus leucomelas
Jackson's Hornbill;Tockus jacksoni
Von der Decken's Hornbill;Tockus deckeni
Monteiro's Hornbill;Tockus monteiri
Southern Red-billed Hornbill;Tockus rufirostris
Damara Red-billed Hornbill;Tockus damarensis
Southern x Damara Red-billed Hornbill (hybrid);Tockus rufirostris x damarensis
Southern/Damara Red-billed Hornbill;Tockus rufirostris/damarensis
Tanzanian Red-billed Hornbill;Tockus ruahae
Western Red-billed Hornbill;Tockus kempi
Northern Red-billed Hornbill;Tockus erythrorhynchus
Tockus sp.;Tockus sp.
White-crowned Hornbill;Berenicornis comatus
Western Long-tailed Hornbill;Horizocerus albocristatus
Eastern Long-tailed Hornbill;Horizocerus cassini
Western/Eastern Long-tailed Hornbill;Horizocerus albocristatus/cassini
Western Dwarf Hornbill;Horizocerus hartlaubi
Eastern Dwarf Hornbill;Horizocerus granti
Western/Eastern Dwarf Hornbill;Horizocerus hartlaubi/granti
Yellow-casqued Hornbill;Ceratogymna elata
Black-casqued Hornbill;Ceratogymna atrata
Yellow-casqued/Black-casqued Hornbill;Ceratogymna elata/atrata
Silvery-cheeked Hornbill;Bycanistes brevis
Black-and-white-casqued Hornbill;Bycanistes subcylindricus
Brown-cheeked Hornbill;Bycanistes cylindricus
White-thighed Hornbill;Bycanistes albotibialis
Trumpeter Hornbill;Bycanistes bucinator
Piping Hornbill;Bycanistes fistulator
Piping Hornbill (Western);Bycanistes fistulator fistulator
Piping Hornbill (Eastern);Bycanistes fistulator sharpii/duboisi
Helmeted Hornbill;Rhinoplax vigil
Rufous Hornbill;Buceros hydrocorax
Rufous Hornbill (Northern);Buceros hydrocorax hydrocorax
Rufous Hornbill (Visayan);Buceros hydrocorax semigaleatus
Rufous Hornbill (Southern);Buceros hydrocorax mindanensis
Rhinoceros Hornbill;Buceros rhinoceros
Great Hornbill;Buceros bicornis
Rhinoceros/Great Hornbill;Buceros rhinoceros/bicornis
Bushy-crested Hornbill;Anorrhinus galeritus
Brown Hornbill;Anorrhinus austeni
Rusty-cheeked Hornbill;Anorrhinus tickelli
Indian Gray Hornbill;Ocyceros birostris
Malabar Gray Hornbill;Ocyceros griseus
Indian/Malabar Gray Hornbill;Ocyceros birostris/griseus
Sri Lanka Gray Hornbill;Ocyceros gingalensis
Black Hornbill;Anthracoceros malayanus
Sulu Hornbill;Anthracoceros montani
Malabar Pied-Hornbill;Anthracoceros coronatus
Oriental Pied-Hornbill;Anthracoceros albirostris
Malabar/Oriental Pied-Hornbill;Anthracoceros coronatus/albirostris
Palawan Hornbill;Anthracoceros marchei
Rufous-necked Hornbill;Aceros nipalensis
Knobbed Hornbill;Rhyticeros cassidix
Sumba Hornbill;Rhyticeros everetti
Wreathed Hornbill;Rhyticeros undulatus
Plain-pouched Hornbill;Rhyticeros subruficollis
Wreathed/Plain-pouched Hornbill;Rhyticeros undulatus/subruficollis
Narcondam Hornbill;Rhyticeros narcondami
Blyth's Hornbill;Rhyticeros plicatus
Sulawesi Hornbill;Rhabdotorrhinus exarhatus
Sulawesi Hornbill (Dwarf);Rhabdotorrhinus exarhatus exarhatus
Sulawesi Hornbill (Sanford's);Rhabdotorrhinus exarhatus sanfordi
Wrinkled Hornbill;Rhabdotorrhinus corrugatus
Writhe-billed Hornbill;Rhabdotorrhinus waldeni
Writhed Hornbill;Rhabdotorrhinus leucocephalus
Visayan Hornbill;Penelopides panini
Luzon Hornbill;Penelopides manillae
Mindoro Hornbill;Penelopides mindorensis
Samar Hornbill;Penelopides samarensis
Mindanao Hornbill;Penelopides affinis
hornbill sp.;Bucerotidae sp.
Red-bearded Bee-eater;Nyctyornis amictus
Blue-bearded Bee-eater;Nyctyornis athertoni
Purple-bearded Bee-eater;Meropogon forsteni
Black Bee-eater;Merops gularis
Blue-moustached Bee-eater;Merops mentalis
Blue-headed Bee-eater;Merops muelleri
Red-throated Bee-eater;Merops bulocki
White-fronted Bee-eater;Merops bullockoides
Little Bee-eater;Merops pusillus
Blue-breasted Bee-eater;Merops variegatus
Ethiopian Bee-eater;Merops lafresnayii
Cinnamon-chested Bee-eater;Merops oreobates
Swallow-tailed Bee-eater;Merops hirundineus
Black-headed Bee-eater;Merops breweri
Somali Bee-eater;Merops revoilii
White-throated Bee-eater;Merops albicollis
African Green Bee-eater;Merops viridissimus
Arabian Green Bee-eater;Merops cyanophrys
African/Arabian Green Bee-eater;Merops viridissimus/cyanophrys
Asian Green Bee-eater;Merops orientalis
Arabian/Asian Green Bee-eater;Merops cyanophrys/orientalis
Böhm's Bee-eater;Merops boehmi
Blue-throated Bee-eater;Merops viridis
Rufous-crowned Bee-eater;Merops americanus
Blue-cheeked Bee-eater;Merops persicus
Olive Bee-eater;Merops superciliosus
Blue-tailed Bee-eater;Merops philippinus
Blue-cheeked/Blue-tailed Bee-eater;Merops persicus/philippinus
Rainbow Bee-eater;Merops ornatus
European Bee-eater;Merops apiaster
Chestnut-headed Bee-eater;Merops leschenaulti
Rosy Bee-eater;Merops malimbicus
Northern Carmine Bee-eater;Merops nubicus
Southern Carmine Bee-eater;Merops nubicoides
bee-eater sp.;Merops sp.
Cuban Tody;Todus multicolor
Broad-billed Tody;Todus subulatus
Narrow-billed Tody;Todus angustirostris
Broad-billed/Narrow-billed Tody;Todus subulatus/angustirostris
Jamaican Tody;Todus todus
Puerto Rican Tody;Todus mexicanus
Tody Motmot;Hylomanes momotula
Blue-throated Motmot;Aspatha gularis
Russet-crowned Motmot;Momotus mexicanus
Blue-capped Motmot;Momotus coeruliceps
Lesson's Motmot;Momotus lessonii
Blue-capped x Lesson's Motmot (hybrid);Momotus coeruliceps x lessonii
Blue-capped/Lesson's Motmot;Momotus coeruliceps/lessonii
Whooping Motmot;Momotus subrufescens
Whooping Motmot (Whooping);Momotus subrufescens [subrufescens Group]
Whooping Motmot (argenticinctus);Momotus subrufescens argenticinctus
Trinidad Motmot;Momotus bahamensis
Amazonian Motmot;Momotus momota
Andean Motmot;Momotus aequatorialis
Rufous Motmot;Baryphthengus martii
Lesson's x Rufous Motmot (hybrid);Momotus lessonii x Baryphthengus martii
Amazonian x Rufous Motmot (hybrid);Momotus momota x Baryphthengus martii
Rufous-capped Motmot;Baryphthengus ruficapillus
Amazonian x Rufous-capped Motmot (hybrid);Momotus momota x Baryphthengus ruficapillus
Keel-billed Motmot;Electron carinatum
Broad-billed Motmot;Electron platyrhynchum
Broad-billed Motmot (Broad-billed);Electron platyrhynchum [platyrhynchum Group]
Broad-billed Motmot (Plain-tailed);Electron platyrhynchum [pyrrholaemum Group]
Keel-billed/Broad-billed Motmot;Electron carinatum/platyrhynchum
Turquoise-browed Motmot;Eumomota superciliosa
motmot sp.;Momotidae sp.
Blyth's Kingfisher;Alcedo hercules
Common Kingfisher;Alcedo atthis
Common Kingfisher (Common);Alcedo atthis [atthis Group]
Common Kingfisher (Cobalt-eared);Alcedo atthis [hispidoides Group]
Half-collared Kingfisher;Alcedo semitorquata
Shining-blue Kingfisher;Alcedo quadribrachys
Blue-eared Kingfisher;Alcedo meninting
Common/Blue-eared Kingfisher;Alcedo atthis/meninting
Malaysian Blue-banded Kingfisher;Alcedo peninsulae
Javan Blue-banded Kingfisher;Alcedo euryzona
Small Blue Kingfisher;Alcedo coerulescens
Azure Kingfisher;Ceyx azureus
Bismarck Kingfisher;Ceyx websteri
Indigo-banded Kingfisher;Ceyx cyanopectus
Indigo-banded Kingfisher (Northern);Ceyx cyanopectus cyanopectus
Indigo-banded Kingfisher (Southern);Ceyx cyanopectus nigrirostris
Northern Silvery-Kingfisher;Ceyx flumenicola
Southern Silvery-Kingfisher;Ceyx argentatus
Little Kingfisher;Ceyx pusillus
Black-backed Dwarf-Kingfisher;Ceyx erithaca
Rufous-backed Dwarf-Kingfisher;Ceyx rufidorsa
Black-backed/Rufous-backed Dwarf-Kingfisher;Ceyx erithaca/rufidorsa
Philippine Dwarf-Kingfisher;Ceyx melanurus
Philippine Dwarf-Kingfisher (Luzon);Ceyx melanurus melanurus
Philippine Dwarf-Kingfisher (Samar);Ceyx melanurus samarensis
Philippine Dwarf-Kingfisher (Mindanao);Ceyx melanurus mindanensis
Sangihe Dwarf-Kingfisher;Ceyx sangirensis
Sulawesi Dwarf-Kingfisher;Ceyx fallax
Dimorphic Dwarf-Kingfisher;Ceyx margarethae
Sula Dwarf-Kingfisher;Ceyx wallacii
Moluccan Dwarf-Kingfisher;Ceyx lepidus
Moluccan Dwarf-Kingfisher (North Moluccan);Ceyx lepidus uropygialis
Moluccan Dwarf-Kingfisher (Seram);Ceyx lepidus lepidus
Buru Dwarf-Kingfisher;Ceyx cajeli
Papuan Dwarf-Kingfisher;Ceyx solitarius
Manus Dwarf-Kingfisher;Ceyx dispar
New Ireland Dwarf-Kingfisher;Ceyx mulcatus
New Britain Dwarf-Kingfisher;Ceyx sacerdotis
New Georgia Dwarf-Kingfisher;Ceyx collectoris
North Solomons Dwarf-Kingfisher;Ceyx meeki
North Solomons Dwarf-Kingfisher (Bougainville);Ceyx meeki pallidus
North Solomons Dwarf-Kingfisher (North Solomons);Ceyx meeki meeki
Guadalcanal Dwarf-Kingfisher;Ceyx nigromaxilla
Guadalcanal Dwarf-Kingfisher (Malaita);Ceyx nigromaxilla malaitae
Guadalcanal Dwarf-Kingfisher (Guadalcanal);Ceyx nigromaxilla nigromaxilla
Makira Dwarf-Kingfisher;Ceyx gentianus
Malachite Kingfisher;Corythornis cristatus
Malachite Kingfisher (Mainland);Corythornis cristatus [cristatus Group]
Malachite Kingfisher (Sao Tome);Corythornis cristatus thomensis
Malachite Kingfisher (Principe);Corythornis cristatus nais
Malagasy Kingfisher;Corythornis vintsioides
White-bellied Kingfisher;Corythornis leucogaster
Madagascar Pygmy Kingfisher;Corythornis madagascariensis
African Pygmy Kingfisher;Ispidina picta
African Pygmy Kingfisher (Northern);Ispidina picta picta/ferrugina
African Pygmy Kingfisher (Southern);Ispidina picta natalensis
African Dwarf Kingfisher;Ispidina lecontei
Banded Kingfisher;Lacedo pulchella
Banded Kingfisher (Banded);Lacedo pulchella [pulchella Group]
Banded Kingfisher (Black-faced);Lacedo pulchella melanops
Laughing Kookaburra;Dacelo novaeguineae
Blue-winged Kookaburra;Dacelo leachii
Spangled Kookaburra;Dacelo tyro
Rufous-bellied Kookaburra;Dacelo gaudichaud
Shovel-billed Kookaburra;Dacelo rex
Sangihe Lilac Kingfisher;Cittura sanghirensis
Sulawesi Lilac Kingfisher;Cittura cyanotis
Brown-winged Kingfisher;Pelargopsis amauroptera
Stork-billed Kingfisher;Pelargopsis capensis
Great-billed Kingfisher;Pelargopsis melanorhyncha
Ruddy Kingfisher;Halcyon coromanda
Chocolate-backed Kingfisher;Halcyon badia
White-throated Kingfisher;Halcyon smyrnensis
Brown-breasted Kingfisher;Halcyon gularis
Gray-headed Kingfisher;Halcyon leucocephala
Black-capped Kingfisher;Halcyon pileata
Javan Kingfisher;Halcyon cyanoventris
Woodland Kingfisher;Halcyon senegalensis
Mangrove Kingfisher;Halcyon senegaloides
Blue-breasted Kingfisher;Halcyon malimbica
Brown-hooded Kingfisher;Halcyon albiventris
Striped Kingfisher;Halcyon chelicuti
Blue-black Kingfisher;Todiramphus nigrocyaneus
Blue-black Kingfisher (Western);Todiramphus nigrocyaneus nigrocyaneus
Blue-black Kingfisher (Northern);Todiramphus nigrocyaneus quadricolor
Blue-black Kingfisher (Southern);Todiramphus nigrocyaneus stictolaemus
Rufous-lored Kingfisher;Todiramphus winchelli
Blue-and-white Kingfisher;Todiramphus diops
Lazuli Kingfisher;Todiramphus lazuli
Red-backed Kingfisher;Todiramphus pyrrhopygius
Forest Kingfisher;Todiramphus macleayii
New Britain Kingfisher;Todiramphus albonotatus
Ultramarine Kingfisher;Todiramphus leucopygius
Vanuatu Kingfisher;Todiramphus farquhari
Marquesan Kingfisher;Todiramphus godeffroyi
Mewing Kingfisher;Todiramphus ruficollaris
Society Kingfisher;Todiramphus veneratus
Society Kingfisher (Moorea);Todiramphus veneratus youngi
Society Kingfisher (Tahiti);Todiramphus veneratus veneratus
Tuamotu Kingfisher;Todiramphus gambieri
Tuamotu Kingfisher (Niau);Todiramphus gambieri gertrudae
Tuamotu Kingfisher (Mangareva);Todiramphus gambieri gambieri
Chattering Kingfisher;Todiramphus tutus
Pacific Kingfisher;Todiramphus sacer
Pacific Kingfisher (Vanuatu);Todiramphus sacer [juliae Group]
Pacific Kingfisher (South Pacific);Todiramphus sacer [sacer Group]
Pacific Kingfisher (Solomons);Todiramphus sacer [solomonis Group]
Pacific Kingfisher (Fiji);Todiramphus sacer [vitiensis Group]
Pacific Kingfisher (Lau);Todiramphus sacer marinus
Palau Kingfisher;Todiramphus pelewensis
Guam Kingfisher;Todiramphus cinnamominus
Pohnpei Kingfisher;Todiramphus reichenbachii
Flat-billed Kingfisher;Todiramphus recurvirostris
Colonist Kingfisher;Todiramphus colonus
Torresian Kingfisher;Todiramphus sordidus
Sacred Kingfisher;Todiramphus sanctus
Sacred Kingfisher (Australasian);Todiramphus sanctus sanctus
Sacred Kingfisher (New Caledonian);Todiramphus sanctus canacorum
Sacred Kingfisher (Loyalty Is.);Todiramphus sanctus macmillani
Sacred Kingfisher (New Zealand);Todiramphus sanctus vagans
Collared Kingfisher;Todiramphus chloris
Collared Kingfisher (Red Sea);Todiramphus chloris abyssinicus
Collared Kingfisher (Arabian);Todiramphus chloris kalbaensis
Collared Kingfisher (Oriental);Todiramphus chloris [humii Group]
Collared Kingfisher (Nicobar Is.);Todiramphus chloris occipitalis
Collared Kingfisher (Collared);Todiramphus chloris [chloris Group]
Beach Kingfisher;Todiramphus saurophagus
Beach Kingfisher (Beach);Todiramphus saurophagus saurophagus
Beach Kingfisher (Admiralty Is.);Todiramphus saurophagus admiralitatis
Mariana Kingfisher;Todiramphus albicilla
Melanesian Kingfisher;Todiramphus tristrami
Melanesian Kingfisher (St. Matthias Is.);Todiramphus tristrami matthiae
Melanesian Kingfisher (Dampier Straits);Todiramphus tristrami stresemanni
Melanesian Kingfisher (New Ireland);Todiramphus tristrami [nusae Group]
Melanesian Kingfisher (New Britain);Todiramphus tristrami tristrami
Melanesian Kingfisher (Bougainville-Guadalcanal);Todiramphus tristrami alberti
Sombre Kingfisher;Todiramphus funebris
Talaud Kingfisher;Todiramphus enigma
Cinnamon-banded Kingfisher;Todiramphus australasia
Todiramphus sp.;Todiramphus sp.
White-rumped Kingfisher;Caridonax fulgidus
Hook-billed Kingfisher;Melidora macrorrhina
Moustached Kingfisher;Actenoides bougainvillei
Moustached Kingfisher (Bougainville);Actenoides bougainvillei bougainvillei
Moustached Kingfisher (Guadalcanal);Actenoides bougainvillei excelsus
Rufous-collared Kingfisher;Actenoides concretus
Spotted Kingfisher;Actenoides lindsayi
Blue-capped Kingfisher;Actenoides hombroni
Green-backed Kingfisher;Actenoides monachus
Green-backed Kingfisher (Blue-headed);Actenoides monachus monachus
Green-backed Kingfisher (Black-headed);Actenoides monachus capucinus
Scaly-breasted Kingfisher;Actenoides princeps
Scaly-breasted Kingfisher (Scaly-breasted);Actenoides princeps princeps/erythrorhamphus
Scaly-breasted Kingfisher (Plain-backed);Actenoides princeps regalis
Yellow-billed Kingfisher;Syma torotoro
Mountain Kingfisher;Syma megarhyncha
Yellow-billed/Mountain Kingfisher;Syma torotoro/megarhyncha
Little Paradise-Kingfisher;Tanysiptera hydrocharis
Common Paradise-Kingfisher;Tanysiptera galatea
Common Paradise-Kingfisher (Morotai);Tanysiptera galatea doris/emiliae
Common Paradise-Kingfisher (Halmahera);Tanysiptera galatea [margarethae Group]
Common Paradise-Kingfisher (Obi);Tanysiptera galatea obiensis
Common Paradise-Kingfisher (Amboyna);Tanysiptera galatea [nais Group]
Common Paradise-Kingfisher (Papuan);Tanysiptera galatea [galatea Group]
Common Paradise-Kingfisher (Rossel);Tanysiptera galatea rosseliana
Kofiau Paradise-Kingfisher;Tanysiptera ellioti
Biak Paradise-Kingfisher;Tanysiptera riedelii
Numfor Paradise-Kingfisher;Tanysiptera carolinae
Red-breasted Paradise-Kingfisher;Tanysiptera nympha
Brown-headed Paradise-Kingfisher;Tanysiptera danae
Buff-breasted Paradise-Kingfisher;Tanysiptera sylvia
Black-capped Paradise-Kingfisher;Tanysiptera nigriceps
Giant Kingfisher;Megaceryle maxima
Crested Kingfisher;Megaceryle lugubris
Ringed Kingfisher;Megaceryle torquata
Ringed Kingfisher (Northern);Megaceryle torquata torquata/stictipennis
Ringed Kingfisher (Patagonian);Megaceryle torquata stellata
Belted Kingfisher;Megaceryle alcyon
Pied Kingfisher;Ceryle rudis
Amazon Kingfisher;Chloroceryle amazona
American Pygmy Kingfisher;Chloroceryle aenea
Green Kingfisher;Chloroceryle americana
Green-and-rufous Kingfisher;Chloroceryle inda
Chloroceryle sp.;Chloroceryle sp.
kingfisher sp.;Alcedinidae sp.
European Roller;Coracias garrulus
Abyssinian Roller;Coracias abyssinicus
Lilac-breasted Roller;Coracias caudatus
Lilac-breasted Roller (Blue-breasted);Coracias caudatus lorti
Lilac-breasted Roller (Lilac-breasted);Coracias caudatus caudatus
Racket-tailed Roller;Coracias spatulatus
Purple Roller;Coracias naevius
Indian Roller;Coracias benghalensis
European/Indian Roller;Coracias garrulus/benghalensis
Indochinese Roller;Coracias affinis
Indian x Indochinese Roller (hybrid);Coracias benghalensis x affinis
Indian/Indochinese Roller;Coracias benghalensis/affinis
Purple-winged Roller;Coracias temminckii
Blue-bellied Roller;Coracias cyanogaster
roller sp.;Coracias sp.
Broad-billed Roller;Eurystomus glaucurus
Broad-billed Roller (African);Eurystomus glaucurus [afer Group]
Broad-billed Roller (Madagascar);Eurystomus glaucurus glaucurus
Blue-throated Roller;Eurystomus gularis
Dollarbird;Eurystomus orientalis
Azure Roller;Eurystomus azureus
Scaly Ground-Roller;Geobiastes squamiger
Short-legged Ground-Roller;Brachypteracias leptosomus
Long-tailed Ground-Roller;Uratelornis chimaera
Pitta-like Ground-Roller;Atelornis pittoides
Rufous-headed Ground-Roller;Atelornis crossleyi
White-necked Puffbird;Notharchus hyperrhynchus
Guianan Puffbird;Notharchus macrorhynchos
Buff-bellied Puffbird;Notharchus swainsoni
Black-breasted Puffbird;Notharchus pectoralis
Brown-banded Puffbird;Notharchus ordii
Pied Puffbird;Notharchus tectus
Pied Puffbird (Lesser);Notharchus tectus subtectus
Pied Puffbird (Greater);Notharchus tectus tectus/picatus
Chestnut-capped Puffbird;Bucco macrodactylus
Spotted Puffbird;Bucco tamatia
Sooty-capped Puffbird;Bucco noanamae
Collared Puffbird;Bucco capensis
Barred Puffbird;Nystalus radiatus
Western Striolated-Puffbird;Nystalus obamai
Eastern Striolated-Puffbird;Nystalus striolatus
Eastern Striolated-Puffbird (Natterer's);Nystalus striolatus striolatus
Eastern Striolated-Puffbird (torridus);Nystalus striolatus torridus
White-eared Puffbird;Nystalus chacuru
Spot-backed Puffbird;Nystalus maculatus
Spot-backed Puffbird (Spot-backed);Nystalus maculatus maculatus
Spot-backed Puffbird (Chaco);Nystalus maculatus striatipectus
Russet-throated Puffbird;Hypnelus ruficollis
Two-banded Puffbird;Hypnelus bicinctus
Russet-throated x Two-banded Puffbird (hybrid);Hypnelus ruficollis x bicinctus
Russet-throated/Two-banded Puffbird;Hypnelus ruficollis/bicinctus
White-chested Puffbird;Malacoptila fusca
Semicollared Puffbird;Malacoptila semicincta
Crescent-chested Puffbird;Malacoptila striata
Crescent-chested Puffbird (Lesser);Malacoptila striata minor
Crescent-chested Puffbird (Greater);Malacoptila striata striata
Rufous-necked Puffbird;Malacoptila rufa
White-whiskered Puffbird;Malacoptila panamensis
Black-streaked Puffbird;Malacoptila fulvogularis
Moustached Puffbird;Malacoptila mystacalis
Lanceolated Monklet;Micromonacha lanceolata
Rusty-breasted Nunlet;Nonnula rubecula
Fulvous-chinned Nunlet;Nonnula sclateri
Brown Nunlet;Nonnula brunnea
Gray-cheeked Nunlet;Nonnula frontalis
Rufous-capped Nunlet;Nonnula ruficapilla
Chestnut-headed Nunlet;Nonnula amaurocephala
nunlet sp.;Nonnula sp.
White-faced Nunbird;Hapaloptila castanea
Black Nunbird;Monasa atra
Black-fronted Nunbird;Monasa nigrifrons
White-fronted Nunbird;Monasa morphoeus
White-fronted Nunbird (Costa Rican);Monasa morphoeus grandior/fidelis
White-fronted Nunbird (Pale-winged);Monasa morphoeus pallescens/sclateri
White-fronted Nunbird (White-fronted);Monasa morphoeus [morphoeus Group]
Yellow-billed Nunbird;Monasa flavirostris
Monasa sp.;Monasa sp.
Swallow-winged Puffbird;Chelidoptera tenebrosa
Bucconidae sp.;Bucconidae sp.
White-eared Jacamar;Galbalcyrhynchus leucotis
Purus Jacamar;Galbalcyrhynchus purusianus
White-throated Jacamar;Brachygalba albogularis
Brown Jacamar;Brachygalba lugubris
Brown Jacamar (Black-billed);Brachygalba lugubris [lugubris Group]
Brown Jacamar (Pale-billed);Brachygalba lugubris melanosterna
Pale-headed Jacamar;Brachygalba goeringi
Dusky-backed Jacamar;Brachygalba salmoni
Three-toed Jacamar;Jacamaralcyon tridactyla
Yellow-billed Jacamar;Galbula albirostris
Yellow-billed Jacamar (Yellow-billed);Galbula albirostris albirostris
Yellow-billed Jacamar (Cerise-crowned);Galbula albirostris chalcocephala
Blue-cheeked Jacamar;Galbula cyanicollis
Rufous-tailed Jacamar;Galbula ruficauda
Rufous-tailed Jacamar (Black-chinned);Galbula ruficauda melanogenia
Rufous-tailed Jacamar (Rufous-tailed);Galbula ruficauda [ruficauda Group]
Rufous-tailed Jacamar (Spot-tailed);Galbula ruficauda rufoviridis/heterogyna
Green-tailed Jacamar;Galbula galbula
White-chinned Jacamar;Galbula tombacea
Bluish-fronted Jacamar;Galbula cyanescens
Coppery-chested Jacamar;Galbula pastazae
Purplish Jacamar;Galbula chalcothorax
Bronzy Jacamar;Galbula leucogastra
Paradise Jacamar;Galbula dea
Galbula sp.;Galbula sp.
Great Jacamar;Jacamerops aureus
jacamar sp.;Galbulidae sp.
Western Yellow-billed Barbet;Trachylaemus goffinii
Western Yellow-billed Barbet (Western);Trachylaemus goffinii goffinii
Western Yellow-billed Barbet (Togo);Trachylaemus goffinii togoensis
Eastern Yellow-billed Barbet;Trachylaemus purpuratus
Crested Barbet;Trachyphonus vaillantii
Red-and-yellow Barbet;Trachyphonus erythrocephalus
Yellow-breasted Barbet;Trachyphonus margaritatus
D'Arnaud's Barbet;Trachyphonus darnaudii
D'Arnaud's Barbet (D'Arnaud's);Trachyphonus darnaudii darnaudii/boehmi
D'Arnaud's Barbet (Usambiro);Trachyphonus darnaudii usambiro
D'Arnaud's Barbet (Black-capped);Trachyphonus darnaudii emini
Green Barbet;Cryptolybia olivacea
Green Barbet (Green);Cryptolybia olivacea olivacea
Green Barbet (Howell's);Cryptolybia olivacea howelli
Green Barbet (Woodward's);Cryptolybia olivacea woodwardi
Green Barbet (Misuku Hills);Cryptolybia olivacea rungweensis
Green Barbet (Mt. Thyolo);Cryptolybia olivacea belcheri
Gray-throated Barbet;Gymnobucco bonapartei
Gray-throated Barbet (Gray-throated);Gymnobucco bonapartei bonapartei
Gray-throated Barbet (Gray-headed);Gymnobucco bonapartei cinereiceps
Sladen's Barbet;Gymnobucco sladeni
Bristle-nosed Barbet;Gymnobucco peli
Naked-faced Barbet;Gymnobucco calvus
Naked-faced Barbet (Naked-faced);Gymnobucco calvus calvus/congicus
Naked-faced Barbet (Pale-throated);Gymnobucco calvus vernayi
White-eared Barbet;Stactolaema leucotis
White-eared Barbet (White-lined);Stactolaema leucotis leucogrammica
White-eared Barbet (White-eared);Stactolaema leucotis leucotis/kilimensis
Whyte's Barbet;Stactolaema whytii
Anchieta's Barbet;Stactolaema anchietae
Speckled Tinkerbird;Pogoniulus scolopaceus
Green Tinkerbird;Pogoniulus simplex
Moustached Tinkerbird;Pogoniulus leucomystax
Western Tinkerbird;Pogoniulus coryphaea
Western Tinkerbird (Western);Pogoniulus coryphaea coryphaea
Western Tinkerbird (Eastern);Pogoniulus coryphaea hildamariae
Western Tinkerbird (Angola);Pogoniulus coryphaea angolensis
Red-rumped Tinkerbird;Pogoniulus atroflavus
Yellow-throated Tinkerbird;Pogoniulus subsulphureus
Yellow-rumped Tinkerbird;Pogoniulus bilineatus
Yellow-rumped Tinkerbird (Yellow-rumped);Pogoniulus bilineatus [bilineatus Group]
Yellow-rumped Tinkerbird (White-chested);Pogoniulus bilineatus makawai
Northern Red-fronted Tinkerbird;Pogoniulus uropygialis
Southern Red-fronted Tinkerbird;Pogoniulus pusillus
Yellow-fronted Tinkerbird;Pogoniulus chrysoconus
tinkerbird sp.;Pogoniulus sp.
Yellow-spotted Barbet;Buccanodon duchaillui
Hairy-breasted Barbet;Tricholaema hirsuta
Hairy-breasted Barbet (Hairy-breasted);Tricholaema hirsuta hirsuta
Hairy-breasted Barbet (Streaky-throated);Tricholaema hirsuta [flavipunctata Group]
Red-fronted Barbet;Tricholaema diademata
Miombo Barbet;Tricholaema frontata
Pied Barbet;Tricholaema leucomelas
Miombo x Pied Barbet (hybrid);Tricholaema frontata x leucomelas
Spot-flanked Barbet;Tricholaema lacrymosa
Black-throated Barbet;Tricholaema melanocephala
Banded Barbet;Lybius undatus
Vieillot's Barbet;Lybius vieilloti
White-headed Barbet;Lybius leucocephalus
White-headed Barbet (White-headed);Lybius leucocephalus [leucocephalus Group]
White-headed Barbet (Brown-and-white);Lybius leucocephalus senex
White-headed Barbet (White-bellied);Lybius leucocephalus leucogaster
Chaplin's Barbet;Lybius chaplini
Red-faced Barbet;Lybius rubrifacies
Black-billed Barbet;Lybius guifsobalito
Black-collared Barbet;Lybius torquatus
Brown-breasted Barbet;Pogonornis melanopterus
Black-backed Barbet;Pogonornis minor
Black-backed Barbet (Brown-backed);Pogonornis minor minor
Black-backed Barbet (Black-backed);Pogonornis minor macclounii
Double-toothed Barbet;Pogonornis bidentatus
Bearded Barbet;Pogonornis dubius
Black-breasted Barbet;Pogonornis rolleti
african barbet sp.;Lybiidae sp.
Sooty Barbet;Caloramphus hayii
Brown Barbet;Caloramphus fuliginosus
Malabar Barbet;Psilopogon malabaricus
Crimson-fronted Barbet;Psilopogon rubricapillus
Coppersmith Barbet;Psilopogon haemacephalus
Coppersmith Barbet (Western Yellow-faced);Psilopogon haemacephalus indicus/delicus
Coppersmith Barbet (Javan Red-faced);Psilopogon haemacephalus roseus
Coppersmith Barbet (Philippine Yellow-faced);Psilopogon haemacephalus [haemacephalus Group]
Coppersmith Barbet (Philippine Red-faced);Psilopogon haemacephalus [intermedius Group]
Malabar/Coppersmith Barbet;Psilopogon malabaricus/haemacephalus
Blue-eared Barbet;Psilopogon cyanotis
Black-eared Barbet;Psilopogon duvaucelii
Blue-eared x Black-eared Barbet (hybrid);Psilopogon cyanotis x duvaucelii
Blue-eared/Black-eared Barbet;Psilopogon cyanotis/duvaucelii
Yellow-eared Barbet;Psilopogon australis
Bornean Barbet;Psilopogon eximius
Fire-tufted Barbet;Psilopogon pyrolophus
Great Barbet;Psilopogon virens
Red-vented Barbet;Psilopogon lagrandieri
Red-crowned Barbet;Psilopogon rafflesii
Red-throated Barbet;Psilopogon mystacophanos
Black-banded Barbet;Psilopogon javensis
Golden-naped Barbet;Psilopogon pulcherrimus
Yellow-crowned Barbet;Psilopogon henricii
Flame-fronted Barbet;Psilopogon armillaris
Green-eared Barbet;Psilopogon faiostrictus
Lineated Barbet;Psilopogon lineatus
Green-eared/Lineated Barbet;Psilopogon faiostrictus/lineatus
Brown-headed Barbet;Psilopogon zeylanicus
Lineated/Brown-headed Barbet;Psilopogon lineatus/zeylanicus
White-cheeked Barbet;Psilopogon viridis
Brown-headed/White-cheeked Barbet;Psilopogon zeylanicus/viridis
Yellow-fronted Barbet;Psilopogon flavifrons
Golden-throated Barbet;Psilopogon franklinii
Golden-throated Barbet (Himalayan);Psilopogon franklinii franklinii
Golden-throated Barbet (Malayan);Psilopogon franklinii ramsayi
Necklaced Barbet;Psilopogon auricularis
Mountain Barbet;Psilopogon monticola
Meratus Barbet (undescribed form);Psilopogon [undescribed Meratus form]
Brown-throated Barbet;Psilopogon corvinus
Gold-whiskered Barbet;Psilopogon chrysopogon
Gold-whiskered Barbet (Gold-whiskered);Psilopogon chrysopogon chrysopogon/laetus
Gold-whiskered Barbet (Gold-faced);Psilopogon chrysopogon chrysopsis
Moustached Barbet;Psilopogon incognitus
Taiwan Barbet;Psilopogon nuchalis
Chinese Barbet;Psilopogon faber
Blue-throated Barbet;Psilopogon asiaticus
Blue-throated Barbet (Red-crowned);Psilopogon asiaticus asiaticus
Blue-throated Barbet (Blue-crowned);Psilopogon asiaticus davisoni
Indochinese Barbet;Psilopogon annamensis
Black-browed Barbet;Psilopogon oorti
Turquoise-throated Barbet;Psilopogon chersonesus
Psilopogon sp.;Psilopogon sp.
asian barbet sp.;Megalaimidae sp.
Scarlet-crowned Barbet;Capito aurovirens
Black-girdled Barbet;Capito dayi
Spot-crowned Barbet;Capito maculicoronatus
Orange-fronted Barbet;Capito squamatus
White-mantled Barbet;Capito hypoleucus
Scarlet-banded Barbet;Capito wallacei
Sira Barbet;Capito fitzpatricki
Five-colored Barbet;Capito quinticolor
Brown-chested Barbet;Capito brunneipectus
Black-spotted Barbet;Capito niger
Gilded Barbet;Capito auratus
Capito sp.;Capito sp.
Lemon-throated Barbet;Eubucco richardsoni
Lemon-throated Barbet (Lemon-throated);Eubucco richardsoni richardsoni/nigriceps
Lemon-throated Barbet (Flame-throated);Eubucco richardsoni aurantiicollis/purusianus
Scarlet-hooded Barbet;Eubucco tucinkae
Red-headed Barbet;Eubucco bourcierii
Versicolored Barbet;Eubucco versicolor
Versicolored Barbet (Blue-cowled);Eubucco versicolor steerii
Versicolored Barbet (Blue-chinned);Eubucco versicolor glaucogularis
Versicolored Barbet (Blue-moustached);Eubucco versicolor versicolor
new world barbet sp.;Capitonidae sp.
Prong-billed Barbet;Semnornis frantzii
Toucan Barbet;Semnornis ramphastinus
Northern Emerald-Toucanet;Aulacorhynchus prasinus
Northern Emerald-Toucanet (Wagler's);Aulacorhynchus prasinus wagleri
Northern Emerald-Toucanet (Emerald);Aulacorhynchus prasinus [prasinus Group]
Northern Emerald-Toucanet (Blue-throated);Aulacorhynchus prasinus caeruleogularis
Northern Emerald-Toucanet (Violet-throated);Aulacorhynchus prasinus cognatus
Southern Emerald-Toucanet;Aulacorhynchus albivitta
Southern Emerald-Toucanet (Santa Marta);Aulacorhynchus albivitta lautus
Southern Emerald-Toucanet (Gray-throated);Aulacorhynchus albivitta griseigularis
Southern Emerald-Toucanet (Andean);Aulacorhynchus albivitta albivitta/phaeolaemus
Southern Emerald-Toucanet (Black-billed);Aulacorhynchus albivitta cyanolaemus
Southern Emerald-Toucanet (Black-throated);Aulacorhynchus albivitta atrogularis/dimidiatus
Groove-billed Toucanet;Aulacorhynchus sulcatus
Groove-billed Toucanet (Yellow-billed);Aulacorhynchus sulcatus calorhynchus
Groove-billed Toucanet (Groove-billed);Aulacorhynchus sulcatus sulcatus/erythrognathus
Chestnut-tipped Toucanet;Aulacorhynchus derbianus
Tepui Toucanet;Aulacorhynchus whitelianus
Crimson-rumped Toucanet;Aulacorhynchus haematopygus
Yellow-browed Toucanet;Aulacorhynchus huallagae
Blue-banded Toucanet;Aulacorhynchus coeruleicinctis
Aulacorhynchus sp.;Aulacorhynchus sp.
Gray-breasted Mountain-Toucan;Andigena hypoglauca
Plate-billed Mountain-Toucan;Andigena laminirostris
Hooded Mountain-Toucan;Andigena cucullata
Black-billed Mountain-Toucan;Andigena nigrirostris
Saffron Toucanet;Pteroglossus bailloni
Green Aracari;Pteroglossus viridis
Lettered Aracari;Pteroglossus inscriptus
Lettered Aracari (Humboldt's);Pteroglossus inscriptus humboldti
Lettered Aracari (Lettered);Pteroglossus inscriptus inscriptus
Collared Aracari;Pteroglossus torquatus
Pale-mandibled Aracari;Pteroglossus erythropygius
Pale-mandibled Aracari (Stripe-billed);Pteroglossus erythropygius sanguineus
Pale-mandibled Aracari (Pale-billed);Pteroglossus erythropygius erythropygius
Collared x Pale-mandibled Aracari (hybrid);Pteroglossus torquatus x erythropygius
Collared/Pale-mandibled Aracari;Pteroglossus torquatus/erythropygius
Fiery-billed Aracari;Pteroglossus frantzii
Black-necked Aracari;Pteroglossus aracari
Chestnut-eared Aracari;Pteroglossus castanotis
Many-banded Aracari;Pteroglossus pluricinctus
Ivory-billed Aracari;Pteroglossus azara
Ivory-billed Aracari (Yellow-billed);Pteroglossus azara flavirostris
Ivory-billed Aracari (Ivory-billed);Pteroglossus azara azara
Ivory-billed Aracari (Brown-billed);Pteroglossus azara mariae
Curl-crested Aracari;Pteroglossus beauharnaisii
Red-necked Aracari;Pteroglossus bitorquatus
Red-necked Aracari (Western);Pteroglossus bitorquatus sturmii
Red-necked Aracari (Eastern);Pteroglossus bitorquatus bitorquatus/reichenowi
aracari sp.;Pteroglossus sp.
Yellow-eared Toucanet;Selenidera spectabilis
Guianan Toucanet;Selenidera piperivora
Golden-collared Toucanet;Selenidera reinwardtii
Golden-collared Toucanet (Red-billed);Selenidera reinwardtii reinwardtii
Golden-collared Toucanet (Green-billed);Selenidera reinwardtii langsdorffii
Tawny-tufted Toucanet;Selenidera nattereri
Gould's Toucanet;Selenidera gouldii
Spot-billed Toucanet;Selenidera maculirostris
small toucan sp.;Ramphastidae (small toucan sp.)
Toco Toucan;Ramphastos toco
Yellow-throated Toucan;Ramphastos ambiguus
Yellow-throated Toucan (Chestnut-mandibled);Ramphastos ambiguus swainsonii
Yellow-throated Toucan (Black-mandibled);Ramphastos ambiguus ambiguus/abbreviatus
White-throated Toucan;Ramphastos tucanus
White-throated Toucan (Red-billed);Ramphastos tucanus tucanus
White-throated Toucan (Cuvier's);Ramphastos tucanus cuvieri/inca
Keel-billed Toucan;Ramphastos sulfuratus
Choco Toucan;Ramphastos brevis
Channel-billed Toucan;Ramphastos vitellinus
Channel-billed Toucan (Citron-throated);Ramphastos vitellinus citreolaemus
Channel-billed Toucan (Yellow-ridged);Ramphastos vitellinus culminatus/pintoi
Channel-billed Toucan (Citron-throated x Yellow-ridged);Ramphastos vitellinus citreolaemus x culminatus
Channel-billed Toucan (Channel-billed);Ramphastos vitellinus vitellinus
Channel-billed Toucan (Yellow-ridged x Channel-billed);Ramphastos vitellinus culminatus x vitellinus
Channel-billed Toucan (Ariel);Ramphastos vitellinus ariel
Channel-billed Toucan (Yellow-ridged x Ariel);Ramphastos vitellinus culminatus x ariel
Red-breasted Toucan;Ramphastos dicolorus
large toucan sp.;Ramphastos sp.
Cassin's Honeybird;Prodotiscus insignis
Green-backed Honeybird;Prodotiscus zambesiae
Brown-backed Honeybird;Prodotiscus regulus
honeybird sp.;Prodotiscus sp.
Zenker's Honeyguide;Melignomon zenkeri
Yellow-footed Honeyguide;Melignomon eisentrauti
Dwarf Honeyguide;Indicator pumilio
Willcocks's Honeyguide;Indicator willcocksi
Pallid Honeyguide;Indicator meliphilus
Least Honeyguide;Indicator exilis
Lesser Honeyguide;Indicator minor
Lesser Honeyguide (Thick-billed);Indicator minor conirostris/ussheri
Lesser Honeyguide (Lesser);Indicator minor [minor Group]
Spotted Honeyguide;Indicator maculatus
Scaly-throated Honeyguide;Indicator variegatus
Yellow-rumped Honeyguide;Indicator xanthonotus
Malaysian Honeyguide;Indicator archipelagicus
Greater Honeyguide;Indicator indicator
large honeyguide sp.;Indicator sp.
Lyre-tailed Honeyguide;Melichneutes robustus
honeyguide sp.;Indicatoridae sp.
Eurasian Wryneck;Jynx torquilla
Red-throated Wryneck;Jynx ruficollis
Red-throated Wryneck (Rufous-necked);Jynx ruficollis ruficollis
Red-throated Wryneck (Bar-throated);Jynx ruficollis pulchricollis
Red-throated Wryneck (Ethiopian);Jynx ruficollis aequatorialis
Speckled Piculet;Picumnus innominatus
Bar-breasted Piculet;Picumnus aurifrons
Orinoco Piculet;Picumnus pumilus
Lafresnaye's Piculet;Picumnus lafresnayi
Golden-spangled Piculet;Picumnus exilis
Golden-spangled Piculet (Undulated);Picumnus exilis undulatus
Golden-spangled Piculet (Buffon's);Picumnus exilis buffonii
Golden-spangled Piculet (Pernambuco);Picumnus exilis pernambucensis
Golden-spangled Piculet (Bahia);Picumnus exilis exilis
Ecuadorian Piculet;Picumnus sclateri
Scaled Piculet;Picumnus squamulatus
Scaled Piculet (Scaled);Picumnus squamulatus [squamulatus Group]
Scaled Piculet (Black-dotted);Picumnus squamulatus obsoletus
White-bellied Piculet;Picumnus spilogaster
White-bellied Piculet (White-bellied);Picumnus spilogaster spilogaster/orinocensis
White-bellied Piculet (Mangrove);Picumnus spilogaster pallidus
Arrowhead Piculet;Picumnus minutissimus
Arrowhead x White-barred Piculet (hybrid);Picumnus minutissimus x cirratus
Spotted Piculet;Picumnus pygmaeus
Speckle-chested Piculet;Picumnus steindachneri
Varzea Piculet;Picumnus varzeae
White-barred Piculet;Picumnus cirratus
White-barred Piculet (Marajo);Picumnus cirratus macconnelli/confusus
White-barred Piculet (White-barred);Picumnus cirratus [cirratus Group]
Ocellated Piculet;Picumnus dorbignyanus
White-barred/Ocellated Piculet;Picumnus cirratus/dorbignyanus
Ochre-collared Piculet;Picumnus temminckii
White-barred x Ochre-collared Piculet (hybrid);Picumnus cirratus x temminckii
White-barred/Ochre-collared Piculet;Picumnus cirratus/temminckii
White-wedged Piculet;Picumnus albosquamatus
White-barred x White-wedged Piculet (hybrid);Picumnus cirratus x albosquamatus
White-barred/White-wedged Piculet;Picumnus cirratus/albosquamatus
Rusty-necked Piculet;Picumnus fuscus
Rufous-breasted Piculet;Picumnus rufiventris
Ochraceous Piculet;Picumnus limae
Mottled Piculet;Picumnus nebulosus
Plain-breasted Piculet;Picumnus castelnau
Fine-barred Piculet;Picumnus subtilis
Olivaceous Piculet;Picumnus olivaceus
Grayish Piculet;Picumnus granadensis
Chestnut Piculet;Picumnus cinnamomeus
new world piculet sp.;Picumnus sp.
African Piculet;Verreauxia africana
Rufous Piculet;Sasia abnormis
White-browed Piculet;Sasia ochracea
Rufous/White-browed Piculet;Sasia abnormis/ochracea
Antillean Piculet;Nesoctites micromegas
Gray-and-buff Woodpecker;Hemicircus concretus
Gray-and-buff Woodpecker (Gray-and-buff);Hemicircus concretus sordidus
Gray-and-buff Woodpecker (Red-crested);Hemicircus concretus concretus
Heart-spotted Woodpecker;Hemicircus canente
Williamson's Sapsucker;Sphyrapicus thyroideus
Yellow-bellied Sapsucker;Sphyrapicus varius
Red-naped Sapsucker;Sphyrapicus nuchalis
Yellow-bellied x Red-naped Sapsucker (hybrid);Sphyrapicus varius x nuchalis
Yellow-bellied/Red-naped Sapsucker;Sphyrapicus varius/nuchalis
Red-breasted Sapsucker;Sphyrapicus ruber
Red-breasted Sapsucker (ruber);Sphyrapicus ruber ruber
Red-breasted Sapsucker (daggetti);Sphyrapicus ruber daggetti
Yellow-bellied x Red-breasted Sapsucker (hybrid);Sphyrapicus varius x ruber
Red-naped x Red-breasted Sapsucker (hybrid);Sphyrapicus nuchalis x ruber
Yellow-bellied/Red-naped x Red-breasted Sapsucker (hybrid);Sphyrapicus varius/nuchalis x ruber
Red-naped/Red-breasted Sapsucker;Sphyrapicus nuchalis/ruber
sapsucker sp.;Sphyrapicus sp.
Cuban Green Woodpecker;Xiphidiopicus percussus
White Woodpecker;Melanerpes candidus
Lewis's Woodpecker;Melanerpes lewis
Guadeloupe Woodpecker;Melanerpes herminieri
Puerto Rican Woodpecker;Melanerpes portoricensis
Red-headed Woodpecker;Melanerpes erythrocephalus
Acorn Woodpecker;Melanerpes formicivorus
Acorn Woodpecker (Acorn);Melanerpes formicivorus [formicivorus Group]
Acorn Woodpecker (Narrow-fronted);Melanerpes formicivorus angustifrons
Golden-naped Woodpecker;Melanerpes chrysauchen
Yellow-tufted Woodpecker;Melanerpes cruentatus
Yellow-fronted Woodpecker;Melanerpes flavifrons
Beautiful Woodpecker;Melanerpes pulcher
Black-cheeked Woodpecker;Melanerpes pucherani
White-fronted Woodpecker;Melanerpes cactorum
Hispaniolan Woodpecker;Melanerpes striatus
Jamaican Woodpecker;Melanerpes radiolatus
Golden-cheeked Woodpecker;Melanerpes chrysogenys
Gray-breasted Woodpecker;Melanerpes hypopolius
Yucatan Woodpecker;Melanerpes pygmaeus
Red-crowned Woodpecker;Melanerpes rubricapillus
Gila Woodpecker;Melanerpes uropygialis
Hoffmann's Woodpecker;Melanerpes hoffmannii
Black-cheeked x Hoffmann's Woodpecker (hybrid);Melanerpes pucherani x hoffmannii
Red-crowned x Hoffmann's Woodpecker (hybrid);Melanerpes rubricapillus x hoffmannii
Golden-fronted Woodpecker;Melanerpes aurifrons
Golden-fronted Woodpecker (Northern);Melanerpes aurifrons aurifrons
Golden-fronted Woodpecker (Velasquez's);Melanerpes aurifrons [santacruzi Group]
Golden-fronted Woodpecker (West Mexico);Melanerpes aurifrons polygrammus
Hoffmann's x Golden-fronted Woodpecker (hybrid);Melanerpes hoffmannii x aurifrons
Hoffmann's/Golden-fronted Woodpecker;Melanerpes hoffmannii/aurifrons
Red-bellied Woodpecker;Melanerpes carolinus
Golden-fronted x Red-bellied Woodpecker (hybrid);Melanerpes aurifrons x carolinus
Golden-fronted/Red-bellied Woodpecker;Melanerpes aurifrons/carolinus
West Indian Woodpecker;Melanerpes superciliaris
Melanerpes sp.;Melanerpes sp.
Eurasian Three-toed Woodpecker;Picoides tridactylus
Eurasian Three-toed Woodpecker (Eurasian);Picoides tridactylus [tridactylus Group]
Eurasian Three-toed Woodpecker (Dark-bodied);Picoides tridactylus funebris
American Three-toed Woodpecker;Picoides dorsalis
American Three-toed Woodpecker (Rocky Mts.);Picoides dorsalis dorsalis
American Three-toed Woodpecker (Northwest);Picoides dorsalis fasciatus
American Three-toed Woodpecker (Eastern);Picoides dorsalis bacatus
Black-backed Woodpecker;Picoides arcticus
American Three-toed/Black-backed Woodpecker;Picoides dorsalis/arcticus
Sulawesi Pygmy Woodpecker;Yungipicus temminckii
Philippine Pygmy Woodpecker;Yungipicus maculatus
Sulu Pygmy Woodpecker;Yungipicus ramsayi
Brown-capped Pygmy Woodpecker;Yungipicus nanus
Sunda Pygmy Woodpecker;Yungipicus moluccensis
Gray-capped Pygmy Woodpecker;Yungipicus canicapillus
Brown-capped/Gray-capped Pygmy Woodpecker;Yungipicus nanus/canicapillus
Japanese Pygmy Woodpecker;Yungipicus kizuki
Yellow-crowned Woodpecker;Leiopicus mahrattensis
Middle Spotted Woodpecker;Dendrocoptes medius
Brown-fronted Woodpecker;Dendrocoptes auriceps
Arabian Woodpecker;Dendrocoptes dorae
Fire-bellied Woodpecker;Chloropicus pyrrhogaster
Golden-crowned Woodpecker;Chloropicus xantholophus
Bearded Woodpecker;Chloropicus namaquus
Abyssinian Woodpecker;Dendropicos abyssinicus
Melancholy Woodpecker;Dendropicos lugubris
Gabon Woodpecker;Dendropicos gabonensis
Elliot's Woodpecker;Dendropicos elliotii
Elliot's Woodpecker (Elliot's);Dendropicos elliotii elliotii
Elliot's Woodpecker (Johnston's);Dendropicos elliotii johnstoni
Little Gray Woodpecker;Dendropicos elachus
Speckle-breasted Woodpecker;Dendropicos poecilolaemus
Cardinal Woodpecker;Dendropicos fuscescens
Stierling's Woodpecker;Dendropicos stierlingi
Brown-backed Woodpecker;Dendropicos obsoletus
African Gray Woodpecker;Dendropicos goertae
African Gray Woodpecker (Sahel);Dendropicos goertae koenigi
African Gray Woodpecker (Gray);Dendropicos goertae [goertae Group]
Mountain Gray Woodpecker;Dendropicos spodocephalus
Olive Woodpecker;Dendropicos griseocephalus
Olive Woodpecker (Red-bellied);Dendropicos griseocephalus ruwenzori
Olive Woodpecker (Montane);Dendropicos griseocephalus kilimensis
Olive Woodpecker (Southern);Dendropicos griseocephalus griseocephalus
Rufous-bellied Woodpecker;Dendrocopos hyperythrus
Fulvous-breasted Woodpecker;Dendrocopos macei
Freckle-breasted Woodpecker;Dendrocopos analis
Stripe-breasted Woodpecker;Dendrocopos atratus
Okinawa Woodpecker;Dendrocopos noguchii
White-backed Woodpecker;Dendrocopos leucotos
White-backed Woodpecker (Lilford's);Dendrocopos leucotos lilfordi
White-backed Woodpecker (White-backed);Dendrocopos leucotos [leucotos Group]
White-backed Woodpecker (Amami);Dendrocopos leucotos owstoni
Darjeeling Woodpecker;Dendrocopos darjellensis
Great Spotted Woodpecker;Dendrocopos major
Great Spotted Woodpecker (Canarian);Dendrocopos major canariensis/thanneri
Great Spotted Woodpecker (Atlas);Dendrocopos major numidus/mauritanus
Great Spotted Woodpecker (Great Spotted);Dendrocopos major [major Group]
Great Spotted Woodpecker (poelzami);Dendrocopos major poelzami
Great Spotted Woodpecker (japonicus);Dendrocopos major japonicus
Great Spotted Woodpecker (cabanisi/stresemanni);Dendrocopos major cabanisi/stresemanni
White-winged Woodpecker;Dendrocopos leucopterus
Himalayan Woodpecker;Dendrocopos himalayensis
Syrian Woodpecker;Dendrocopos syriacus
Great Spotted x Syrian Woodpecker (hybrid);Dendrocopos major x syriacus
Great Spotted/Syrian Woodpecker;Dendrocopos major/syriacus
Sind Woodpecker;Dendrocopos assimilis
Dendrocopos sp.;Dendrocopos sp.
Lesser Spotted Woodpecker;Dryobates minor
Crimson-naped Woodpecker;Dryobates cathpharius
Darjeeling/Crimson-naped Woodpecker;Dendrocopos darjellensis/Dryobates cathpharius
Necklaced Woodpecker;Dryobates pernyii
Darjeeling/Necklaced Woodpecker;Dendrocopos darjellensis/Dryobates pernyii
Crimson-naped/Necklaced Woodpecker;Dryobates cathpharius/pernyii
Downy Woodpecker;Dryobates pubescens
Downy Woodpecker (Eastern);Dryobates pubescens pubescens/medianus
Downy Woodpecker (Rocky Mts.);Dryobates pubescens leucurus/glacialis
Downy Woodpecker (Pacific);Dryobates pubescens gairdnerii/turati
Nuttall's Woodpecker;Dryobates nuttallii
Downy x Nuttall's Woodpecker (hybrid);Dryobates pubescens x nuttallii
Ladder-backed Woodpecker;Dryobates scalaris
Downy x Ladder-backed Woodpecker (hybrid);Dryobates pubescens x scalaris
Nuttall's x Ladder-backed Woodpecker (hybrid);Dryobates nuttallii x scalaris
Downy/Ladder-backed Woodpecker;Dryobates pubescens/scalaris
Nuttall's/Ladder-backed Woodpecker;Dryobates nuttallii/scalaris
Red-cockaded Woodpecker;Leuconotopicus borealis
Hairy Woodpecker;Leuconotopicus villosus
Hairy Woodpecker (Eastern);Leuconotopicus villosus [villosus Group]
Hairy Woodpecker (Pacific);Leuconotopicus villosus [harrisi Group]
Hairy Woodpecker (Rocky Mts.);Leuconotopicus villosus orius/icastus
Hairy Woodpecker (South Mexican);Leuconotopicus villosus jardinii/sanctorum
Hairy Woodpecker (Costa Rican);Leuconotopicus villosus extimus
Downy x Hairy Woodpecker (hybrid);Dryobates pubescens x Leuconotopicus villosus
Nuttall's x Hairy Woodpecker (hybrid);Dryobates nuttallii x Leuconotopicus villosus
Ladder-backed x Hairy Woodpecker (hybrid);Dryobates scalaris x Leuconotopicus villosus
Downy/Hairy Woodpecker;Dryobates pubescens/Leuconotopicus villosus
White-headed Woodpecker;Leuconotopicus albolarvatus
Hairy x White-headed Woodpecker (hybrid);Leuconotopicus villosus x albolarvatus
Smoky-brown Woodpecker;Leuconotopicus fumigatus
Strickland's Woodpecker;Leuconotopicus stricklandi
Hairy/Strickland's Woodpecker;Leuconotopicus villosus/stricklandi
Arizona Woodpecker;Leuconotopicus arizonae
Hairy/Arizona Woodpecker;Leuconotopicus villosus/arizonae
Red-rumped Woodpecker;Veniliornis kirkii
Golden-collared Woodpecker;Veniliornis cassini
White-spotted Woodpecker;Veniliornis spilogaster
Checkered Woodpecker;Veniliornis mixtus
Striped Woodpecker;Veniliornis lignarius
Striped Woodpecker (Bolivian);Veniliornis lignarius puncticeps
Striped Woodpecker (Striped);Veniliornis lignarius lignarius
Blood-colored Woodpecker;Veniliornis sanguineus
Little Woodpecker;Veniliornis passerinus
Blood-colored x Little Woodpecker (hybrid);Veniliornis sanguineus x passerinus
Dot-fronted Woodpecker;Veniliornis frontalis
Scarlet-backed Woodpecker;Veniliornis callonotus
Yellow-vented Woodpecker;Veniliornis dignus
Bar-bellied Woodpecker;Veniliornis nigriceps
Red-stained Woodpecker;Veniliornis affinis
Little/Red-stained Woodpecker;Veniliornis passerinus/affinis
Choco Woodpecker;Veniliornis chocoensis
Yellow-eared Woodpecker;Veniliornis maculifrons
Veniliornis sp.;Veniliornis sp.
Maroon Woodpecker;Blythipicus rubiginosus
Bay Woodpecker;Blythipicus pyrrhotis
Orange-backed Woodpecker;Chrysocolaptes validus
Greater Flameback;Chrysocolaptes guttacristatus
Malabar Flameback;Chrysocolaptes socialis
Greater/Malabar Flameback;Chrysocolaptes guttacristatus/socialis
Javan Flameback;Chrysocolaptes strictus
Luzon Flameback;Chrysocolaptes haematribon
Yellow-faced Flameback;Chrysocolaptes xanthocephalus
Buff-spotted Flameback;Chrysocolaptes lucidus
Red-headed Flameback;Chrysocolaptes erythrocephalus
Crimson-backed Flameback;Chrysocolaptes stricklandi
White-naped Woodpecker;Chrysocolaptes festivus
Powerful Woodpecker;Campephilus pollens
Crimson-bellied Woodpecker;Campephilus haematogaster
Crimson-bellied Woodpecker (Splendid);Campephilus haematogaster splendens
Crimson-bellied Woodpecker (Crimson-bellied);Campephilus haematogaster haematogaster
Red-necked Woodpecker;Campephilus rubricollis
Robust Woodpecker;Campephilus robustus
Crimson-crested Woodpecker;Campephilus melanoleucos
Pale-billed Woodpecker;Campephilus guatemalensis
Guayaquil Woodpecker;Campephilus gayaquilensis
Cream-backed Woodpecker;Campephilus leucopogon
Crimson-crested x Cream-backed Woodpecker (hybrid);Campephilus melanoleucos x leucopogon
Magellanic Woodpecker;Campephilus magellanicus
Ivory-billed Woodpecker;Campephilus principalis
Ivory-billed Woodpecker (Northern);Campephilus principalis principalis
Ivory-billed Woodpecker (Cuban);Campephilus principalis bairdii
Imperial Woodpecker;Campephilus imperialis
Campephilus sp.;Campephilus sp.
Rufous Woodpecker;Micropternus brachyurus
Buff-necked Woodpecker;Meiglyptes tukki
Buff-rumped Woodpecker;Meiglyptes grammithorax
Zebra Woodpecker;Meiglyptes tristis
Black-and-buff Woodpecker;Meiglyptes jugularis
Pale-headed Woodpecker;Gecinulus grantia
Bamboo Woodpecker;Gecinulus viridis
Pale-headed x Bamboo Woodpecker (hybrid);Gecinulus grantia x viridis
Olive-backed Woodpecker;Gecinulus rafflesii
Himalayan Flameback;Dinopium shorii
Common Flameback;Dinopium javanense
Greater/Common Flameback;Chrysocolaptes guttacristatus/Dinopium javanense
Malabar/Common Flameback;Chrysocolaptes socialis/Dinopium javanense
Himalayan/Common Flameback;Dinopium shorii/javanense
Spot-throated Flameback;Dinopium everetti
Black-rumped Flameback;Dinopium benghalense
Red-backed Flameback;Dinopium psarodes
Black-rumped x Red-backed Flameback (hybrid);Dinopium benghalense x psarodes
Black-rumped/Red-backed Flameback;Dinopium benghalense/psarodes
flameback sp.;Chrysocolaptes/Dinopium sp.
Lesser Yellownape;Picus chlorolophus
Lesser Yellownape (Himalayan);Picus chlorolophus [chlorolophus Group]
Lesser Yellownape (Indian);Picus chlorolophus chlorigaster/wellsi
Lesser Yellownape (Chinese);Picus chlorolophus citrinocristatus/longipennis
Lesser Yellownape (Sunda);Picus chlorolophus rodgeri/vanheysti
Crimson-winged Woodpecker;Picus puniceus
Streak-throated Woodpecker;Picus xanthopygaeus
Scaly-bellied Woodpecker;Picus squamatus
Red-collared Woodpecker;Picus rabieri
Streak-breasted Woodpecker;Picus viridanus
Laced Woodpecker;Picus vittatus
Streak-breasted/Laced Woodpecker;Picus viridanus/vittatus
Japanese Woodpecker;Picus awokera
Gray-headed Woodpecker;Picus canus
Gray-headed Woodpecker (Gray-headed);Picus canus canus/jessoensis
Gray-headed Woodpecker (Black-naped);Picus canus [guerini Group]
Gray-headed Woodpecker (Sumatran);Picus canus dedemi
Black-headed Woodpecker;Picus erythropygius
Levaillant's Woodpecker;Picus vaillantii
Eurasian Green Woodpecker;Picus viridis
Eurasian Green Woodpecker (Eurasian);Picus viridis viridis/karelini
Eurasian Green Woodpecker (Mesopotamian);Picus viridis innominatus
Gray-headed x Eurasian Green Woodpecker (hybrid);Picus canus x viridis
Gray-headed/Eurasian Green Woodpecker;Picus canus/viridis
Iberian Green Woodpecker;Picus sharpei
Eurasian x Iberian Green Woodpecker (hybrid);Picus viridis x sharpei
Eurasian/Iberian Green Woodpecker;Picus viridis/sharpei
Picus sp.;Picus sp.
Banded Woodpecker;Chrysophlegma miniaceum
Greater Yellownape;Chrysophlegma flavinucha
Lesser/Greater Yellownape;Picus chlorolophus/Chrysophlegma flavinucha
Checker-throated Woodpecker;Chrysophlegma mentale
Checker-throated Woodpecker (Checker-throated);Chrysophlegma mentale humii
Checker-throated Woodpecker (Javan);Chrysophlegma mentale mentale
Ground Woodpecker;Geocolaptes olivaceus
Brown-eared Woodpecker;Pardipicus caroli
Brown-eared Woodpecker (Western);Pardipicus caroli arizelus
Brown-eared Woodpecker (Carol's);Pardipicus caroli caroli
Buff-spotted Woodpecker;Pardipicus nivosus
Tullberg's Woodpecker;Campethera tullbergi
Fine-banded Woodpecker;Campethera taeniolaema
Green-backed Woodpecker;Campethera maculosa
Green-backed Woodpecker (Little Green);Campethera maculosa maculosa
Green-backed Woodpecker (Plain-backed);Campethera maculosa permista
Green-backed Woodpecker (Spot-backed);Campethera maculosa [cailliautii Group]
Nubian Woodpecker;Campethera nubica
Fine-spotted Woodpecker;Campethera punctuligera
Bennett's Woodpecker;Campethera bennettii
Bennett's Woodpecker (Bennett's);Campethera bennettii bennettii
Bennett's Woodpecker (Light-spotted);Campethera bennettii capricorni
Speckle-throated Woodpecker;Campethera scriptoricauda
Knysna Woodpecker;Campethera notata
Golden-tailed Woodpecker;Campethera abingoni
Golden-tailed Woodpecker (Streak-backed);Campethera abingoni chrysura
Golden-tailed Woodpecker (Golden-tailed);Campethera abingoni [abingoni Group]
Mombasa Woodpecker;Campethera mombassica
Ashy Woodpecker;Mulleripicus fulvus
Northern Sooty-Woodpecker;Mulleripicus funebris
Southern Sooty-Woodpecker;Mulleripicus fuliginosus
Great Slaty Woodpecker;Mulleripicus pulverulentus
Lineated Woodpecker;Dryocopus lineatus
Lineated Woodpecker (Lineated);Dryocopus lineatus [lineatus Group]
Lineated Woodpecker (Dusky-winged);Dryocopus lineatus fuscipennis
Campephilus sp./Lineated Woodpecker;Campephilus sp./Dryocopus lineatus
Pileated Woodpecker;Dryocopus pileatus
Black-bodied Woodpecker;Dryocopus schulzii
Lineated x Black-bodied Woodpecker (hybrid);Dryocopus lineatus x schulzii
White-bellied Woodpecker;Dryocopus javensis
Andaman Woodpecker;Dryocopus hodgei
Black Woodpecker;Dryocopus martius
Dryocopus sp.;Dryocopus sp.
Cinnamon Woodpecker;Celeus loricatus
Ringed Woodpecker;Celeus torquatus
Ringed Woodpecker (Ringed);Celeus torquatus torquatus
Ringed Woodpecker (Amazonian Black-breasted);Celeus torquatus occidentalis
Ringed Woodpecker (Atlantic Black-breasted);Celeus torquatus tinnunculus
Helmeted Woodpecker;Celeus galeatus
Chestnut-colored Woodpecker;Celeus castaneus
Waved Woodpecker;Celeus undatus
Waved Woodpecker (Scale-breasted);Celeus undatus [grammicus Group]
Waved Woodpecker (Waved);Celeus undatus [undatus Group]
Cream-colored Woodpecker;Celeus flavus
Rufous-headed Woodpecker;Celeus spectabilis
Kaempfer's Woodpecker;Celeus obrieni
Ochre-backed Woodpecker;Celeus ochraceus
Chestnut Woodpecker;Celeus elegans
Pale-crested Woodpecker;Celeus lugubris
Blond-crested Woodpecker;Celeus flavescens
Ochre-backed/Blond-crested Woodpecker;Celeus ochraceus/flavescens
Celeus sp.;Celeus sp.
Rufous-winged Woodpecker;Piculus simplex
Stripe-cheeked Woodpecker;Piculus callopterus
White-throated Woodpecker;Piculus leucolaemus
Lita Woodpecker;Piculus litae
Yellow-throated Woodpecker;Piculus flavigula
Yellow-throated Woodpecker (Red-moustached);Piculus flavigula flavigula
Yellow-throated Woodpecker (Yellow-faced);Piculus flavigula magnus
Yellow-throated Woodpecker (Red-throated);Piculus flavigula erythropis
Golden-green Woodpecker;Piculus chrysochloros
Golden-green Woodpecker (Gold-throated);Piculus chrysochloros xanthochlorus
Golden-green Woodpecker (Bar-throated);Piculus chrysochloros capistratus
Golden-green Woodpecker (Belem);Piculus chrysochloros paraensis
Golden-green Woodpecker (Spot-throated);Piculus chrysochloros laemostictus
Golden-green Woodpecker (Golden-green);Piculus chrysochloros chrysochloros
Golden-green Woodpecker (Atlantic);Piculus chrysochloros polyzonus
White-browed Woodpecker;Piculus aurulentus
Piculus sp.;Piculus sp.
Golden-olive Woodpecker;Colaptes rubiginosus
Golden-olive Woodpecker (Bronze-winged);Colaptes rubiginosus aeruginosus
Golden-olive Woodpecker (Golden-olive);Colaptes rubiginosus [rubiginosus Group]
Golden-olive Woodpecker (rubripileus);Colaptes rubiginosus rubripileus
Gray-crowned Woodpecker;Colaptes auricularis
Crimson-mantled Woodpecker;Colaptes rivolii
Crimson-mantled Woodpecker (Crimson-mantled);Colaptes rivolii [rivolii Group]
Crimson-mantled Woodpecker (Black-crowned);Colaptes rivolii atriceps
Black-necked Woodpecker;Colaptes atricollis
Spot-breasted Woodpecker;Colaptes punctigula
Green-barred Woodpecker;Colaptes melanochloros
Green-barred Woodpecker (Green-barred);Colaptes melanochloros melanochloros/nattereri
Green-barred Woodpecker (Golden-breasted);Colaptes melanochloros [melanolaimus Group]
Northern Flicker;Colaptes auratus
Northern Flicker (Cuban);Colaptes auratus chrysocaulosus
Northern Flicker (Grand Cayman I.);Colaptes auratus gundlachi
Northern Flicker (Yellow-shafted);Colaptes auratus auratus/luteus
Northern Flicker (Red-shafted);Colaptes auratus [cafer Group]
Northern Flicker (Yellow-shafted x Red-shafted);Colaptes auratus luteus x cafer
Guatemalan Flicker;Colaptes mexicanoides
Gilded Flicker;Colaptes chrysoides
Northern x Gilded Flicker (hybrid);Colaptes auratus x chrysoides
Northern/Gilded Flicker;Colaptes auratus/chrysoides
Bermuda Flicker;Colaptes oceanicus
Fernandina's Flicker;Colaptes fernandinae
Chilean Flicker;Colaptes pitius
Andean Flicker;Colaptes rupicola
Andean Flicker (Northern);Colaptes rupicola cinereicapillus
Andean Flicker (Southern);Colaptes rupicola rupicola/puna
Campo Flicker;Colaptes campestris
Campo Flicker (Campo);Colaptes campestris campestris
Campo Flicker (Field);Colaptes campestris campestroides
Campo Flicker (Campo x Field);Colaptes campestris campestris x campestroides
Colaptes sp.;Colaptes sp.
woodpecker sp.;Picidae sp.
Red-legged Seriema;Cariama cristata
Black-legged Seriema;Chunga burmeisteri
Laughing Falcon;Herpetotheres cachinnans
Buckley's Forest-Falcon;Micrastur buckleyi
Collared Forest-Falcon;Micrastur semitorquatus
Slaty-backed Forest-Falcon;Micrastur mirandollei
Barred Forest-Falcon;Micrastur ruficollis
Cryptic Forest-Falcon;Micrastur mintoni
Plumbeous Forest-Falcon;Micrastur plumbeus
Barred/Plumbeous Forest-Falcon;Micrastur ruficollis/plumbeus
Lined Forest-Falcon;Micrastur gilvicollis
Barred/Lined Forest-Falcon;Micrastur ruficollis/gilvicollis
forest-falcon sp.;Micrastur sp.
Spot-winged Falconet;Spiziapteryx circumcincta
Guadalupe Caracara;Caracara lutosa
Crested Caracara;Caracara plancus
Crested Caracara (Northern);Caracara plancus cheriway
Crested Caracara (Southern);Caracara plancus plancus
Red-throated Caracara;Ibycter americanus
Yellow-headed Caracara;Daptrius chimachima
Black Caracara;Daptrius ater
Chimango Caracara;Daptrius chimango
Carunculated Caracara;Daptrius carunculatus
Mountain Caracara;Daptrius megalopterus
White-throated Caracara;Daptrius albogularis
Mountain/White-throated Caracara;Daptrius megalopterus/albogularis
Striated Caracara;Daptrius australis
Pygmy Falcon;Polihierax semitorquatus
Philippine Falconet;Microhierax erythrogenys
Pied Falconet;Microhierax melanoleucos
Collared Falconet;Microhierax caerulescens
Black-thighed Falconet;Microhierax fringillarius
White-fronted Falconet;Microhierax latifrons
White-rumped Falcon;Neohierax insignis
Lesser Kestrel;Falco naumanni
Eurasian Kestrel;Falco tinnunculus
Eurasian Kestrel (Eurasian);Falco tinnunculus [tinnunculus Group]
Eurasian Kestrel (Canary Is.);Falco tinnunculus canariensis/dacotiae
Eurasian Kestrel (Cape Verde);Falco tinnunculus neglectus/alexandri
Eurasian Kestrel (Rufescent);Falco tinnunculus rufescens
Lesser/Eurasian Kestrel;Falco naumanni/tinnunculus
Rock Kestrel;Falco rupicolus
Lesser/Rock Kestrel;Falco naumanni/rupicolus
Eurasian/Rock Kestrel;Falco tinnunculus/rupicolus
Malagasy Kestrel;Falco newtoni
Mauritius Kestrel;Falco punctatus
Seychelles Kestrel;Falco araeus
Reunion Kestrel;Falco duboisi
Spotted Kestrel;Falco moluccensis
Nankeen Kestrel;Falco cenchroides
Greater Kestrel;Falco rupicoloides
American Kestrel;Falco sparverius
American Kestrel (Northern);Falco sparverius [sparverius Group]
American Kestrel (Southeastern);Falco sparverius paulus
American Kestrel (Eastern Caribbean);Falco sparverius caribaearum
American Kestrel (Hispaniolan);Falco sparverius dominicensis
American Kestrel (Cuban);Falco sparverius sparverioides
American Kestrel (South American);Falco sparverius [cinnamominus Group]
American Kestrel (Juan Fernandez);Falco sparverius fernandensis
Fox Kestrel;Falco alopex
Gray Kestrel;Falco ardosiaceus
Dickinson's Kestrel;Falco dickinsoni
Banded Kestrel;Falco zoniventris
Red-necked Falcon;Falco chicquera
Red-necked Falcon (Asian);Falco chicquera chicquera
Red-necked Falcon (African);Falco chicquera ruficollis/horsbrughi
Red-footed Falcon;Falco vespertinus
Amur Falcon;Falco amurensis
Red-footed/Amur Falcon;Falco vespertinus/amurensis
Eleonora's Falcon;Falco eleonorae
Sooty Falcon;Falco concolor
Merlin;Falco columbarius
Merlin (Eurasian);Falco columbarius [aesalon Group]
Merlin (Pallid);Falco columbarius pallidus
Merlin (Taiga);Falco columbarius columbarius
Merlin (Prairie);Falco columbarius richardsonii
Merlin (Black);Falco columbarius suckleyi
Eurasian Hobby;Falco subbuteo
Amur Falcon/Eurasian Hobby;Falco amurensis/subbuteo
African Hobby;Falco cuvierii
Eurasian/African Hobby;Falco subbuteo/cuvierii
Oriental Hobby;Falco severus
Australian Hobby;Falco longipennis
Oriental/Australian Hobby;Falco severus/longipennis
New Zealand Falcon;Falco novaeseelandiae
Brown Falcon;Falco berigora
Gray Falcon;Falco hypoleucos
Black Falcon;Falco subniger
Aplomado Falcon;Falco femoralis
Bat Falcon;Falco rufigularis
Orange-breasted Falcon;Falco deiroleucus
Lanner Falcon;Falco biarmicus
Laggar Falcon;Falco jugger
Saker Falcon;Falco cherrug
Gyrfalcon;Falco rusticolus
Peregrine Falcon;Falco peregrinus
Peregrine Falcon (North American);Falco peregrinus anatum
Peregrine Falcon (Tundra);Falco peregrinus calidus/tundrius
Peregrine Falcon (Peale's);Falco peregrinus pealei
Peregrine Falcon (South American);Falco peregrinus cassini
Peregrine Falcon (Eurasian);Falco peregrinus [peregrinus Group]
Peregrine Falcon (Mediterranean);Falco peregrinus brookei
Peregrine Falcon (Barbary);Falco peregrinus pelegrinoides
Peregrine Falcon (Cape Verde);Falco peregrinus madens
Peregrine Falcon (Red-capped);Falco peregrinus babylonicus
Peregrine Falcon (African);Falco peregrinus minor
Peregrine Falcon (Malagasy);Falco peregrinus radama
Peregrine Falcon (Shaheen);Falco peregrinus peregrinator
Peregrine Falcon (Indo-Pacific);Falco peregrinus ernesti/nesiotes
Peregrine Falcon (Australian);Falco peregrinus macropus
Prairie Falcon;Falco mexicanus
Peregrine x Prairie Falcon (hybrid);Falco peregrinus x mexicanus
Taita Falcon;Falco fasciinucha
large falcon sp.;Falco sp. (large falcon sp.)
small falcon sp.;Falco sp. (small falcon sp.)
falcon sp.;Falco sp.
diurnal raptor sp.;Accipitriformes/Falconiformes sp.
Kea;Nestor notabilis
Norfolk Island Kaka;Nestor productus
New Zealand Kaka;Nestor meridionalis
Kakapo;Strigops habroptilus
Yellow-tailed Black-Cockatoo;Zanda funerea
Carnaby's Black-Cockatoo;Zanda latirostris
Baudin's Black-Cockatoo;Zanda baudinii
Red-tailed Black-Cockatoo;Calyptorhynchus banksii
Glossy Black-Cockatoo;Calyptorhynchus lathami
black-cockatoo sp.;Calyptorhynchus/Zanda sp.
Cockatiel;Nymphicus hollandicus
Cockatiel (Domestic type);Nymphicus hollandicus (Domestic type)
Palm Cockatoo;Probosciger aterrimus
Gang-gang Cockatoo;Callocephalon fimbriatum
Galah;Eolophus roseicapilla
Pink Cockatoo;Cacatua leadbeateri
Philippine Cockatoo;Cacatua haematuropygia
Tanimbar Corella;Cacatua goffiniana
Solomons Corella;Cacatua ducorpsii
Western Corella;Cacatua pastinator
Little Corella;Cacatua sanguinea
Galah x Little Corella (hybrid);Eolophus roseicapilla x Cacatua sanguinea
Long-billed Corella;Cacatua tenuirostris
Little x Long-billed Corella (hybrid);Cacatua sanguinea x tenuirostris
corella sp.;Cacatua sp. (corella sp.)
White Cockatoo;Cacatua alba
Blue-eyed Cockatoo;Cacatua ophthalmica
Salmon-crested Cockatoo;Cacatua moluccensis
White x Salmon-crested Cockatoo (hybrid);Cacatua alba x moluccensis
Yellow-crested Cockatoo;Cacatua sulphurea
Tanimbar Corella x Yellow-crested Cockatoo (hybrid);Cacatua goffiniana x sulphurea
Citron-crested Cockatoo;Cacatua citrinocristata
Sulphur-crested Cockatoo;Cacatua galerita
Little Corella x Sulphur-crested Cockatoo (hybrid);Cacatua sanguinea x galerita
Long-billed Corella x Sulphur-crested Cockatoo (hybrid);Cacatua tenuirostris x galerita
corella/white cockatoo sp.;Cacatua sp.
Pesquet's Parrot;Psittrichas fulgidus
Greater Vasa Parrot;Coracopsis vasa
Lesser Vasa Parrot;Coracopsis nigra
Greater/Lesser Vasa Parrot;Coracopsis vasa/nigra
Comoro Black Parrot;Coracopsis sibilans
Greater Vasa/Comoro Black Parrot;Coracopsis vasa/sibilans
Seychelles Parrot;Coracopsis barklyi
Yellow-capped Pygmy-Parrot;Micropsitta keiensis
Geelvink Pygmy-Parrot;Micropsitta geelvinkiana
Buff-faced Pygmy-Parrot;Micropsitta pusio
Red-breasted Pygmy-Parrot;Micropsitta bruijnii
Meek's Pygmy-Parrot;Micropsitta meeki
Finsch's Pygmy-Parrot;Micropsitta finschii
pygmy-parrot sp.;Micropsitta sp.
Superb Parrot;Polytelis swainsonii
Regent Parrot;Polytelis anthopeplus
Princess Parrot;Polytelis alexandrae
Australian King-Parrot;Alisterus scapularis
Moluccan King-Parrot;Alisterus amboinensis
Papuan King-Parrot;Alisterus chloropterus
Olive-shouldered Parrot;Aprosmictus jonquillaceus
Red-winged Parrot;Aprosmictus erythropterus
Australian King-Parrot x Red-winged Parrot (hybrid);Alisterus scapularis x Aprosmictus erythropterus
Buru Racquet-tail;Prioniturus mada
Golden-mantled Racquet-tail;Prioniturus platurus
Mindanao Racquet-tail;Prioniturus waterstradti
Luzon Racquet-tail;Prioniturus montanus
Blue-headed Racquet-tail;Prioniturus platenae
Mindoro Racquet-tail;Prioniturus mindorensis
Blue-winged Racquet-tail;Prioniturus verticalis
Yellow-breasted Racquet-tail;Prioniturus flavicans
Green Racquet-tail;Prioniturus luconensis
Blue-crowned Racquet-tail;Prioniturus discurus
Blue-crowned Racquet-tail (Blue-crowned);Prioniturus discurus whiteheadi
Blue-crowned Racquet-tail (Blue-capped);Prioniturus discurus discurus
racquet-tail sp.;Prioniturus sp.
Moluccan Eclectus;Eclectus roratus
Sumba Eclectus;Eclectus cornelia
Tanimbar Eclectus;Eclectus riedeli
Papuan Eclectus;Eclectus polychloros
Oceanic Eclectus;Eclectus infectus
eclectus sp.;Eclectus sp.
Red-cheeked Parrot;Geoffroyus geoffroyi
Blue-collared Parrot;Geoffroyus simplex
Singing Parrot;Geoffroyus heteroclitus
Singing Parrot (Northern);Geoffroyus heteroclitus heteroclitus
Singing Parrot (Rennell);Geoffroyus heteroclitus hyacinthinus
Blue-rumped Parrot;Psittinus cyanurus
Simeulue Parrot;Psittinus abbotti
Mascarene Parrot;Mascarinus mascarinus
Alexandrine Parakeet;Psittacula eupatria
Seychelles Parakeet;Psittacula wardi
Rose-ringed Parakeet;Psittacula krameri
Alexandrine/Rose-ringed Parakeet;Psittacula eupatria/krameri
Echo Parakeet;Psittacula eques
Slaty-headed Parakeet;Psittacula himalayana
Gray-headed Parakeet;Psittacula finschii
Plum-headed Parakeet;Psittacula cyanocephala
Rose-ringed x Plum-headed Parakeet (hybrid);Psittacula krameri x cyanocephala
Slaty-headed x Plum-headed Parakeet (hybrid);Psittacula himalayana x cyanocephala
Blossom-headed Parakeet;Psittacula roseata
Malabar Parakeet;Psittacula columboides
Layard's Parakeet;Psittacula calthrapae
Derbyan Parakeet;Psittacula derbiana
Red-breasted Parakeet;Psittacula alexandri
Nicobar Parakeet;Psittacula caniceps
Newton's Parakeet;Psittacula exsul
Long-tailed Parakeet;Psittacula longicauda
Long-tailed Parakeet (Andaman);Psittacula longicauda tytleri
Long-tailed Parakeet (Nicobar);Psittacula longicauda nicobarica
Long-tailed Parakeet (Long-tailed);Psittacula longicauda longicauda/defontainei
Long-tailed Parakeet (Enggano);Psittacula longicauda modesta
Mauritius Gray Parrot;Psittacula bensoni
Psittacula sp.;Psittacula sp.
Broad-billed Parrot;Lophopsittacus mauritianus
Rodrigues Parrot;Necropsittacus rodricanus
Painted Tiger-Parrot;Psittacella picta
Painted Tiger-Parrot (Snow Mountains);Psittacella picta lorentzi
Painted Tiger-Parrot (Eastern);Psittacella picta picta/excelsa
Brehm's Tiger-Parrot;Psittacella brehmii
Modest Tiger-Parrot;Psittacella modesta
Madarasz's Tiger-Parrot;Psittacella madaraszi
tiger-parrot sp.;Psittacella sp.
Black-lored Parrot;Tanygnathus gramineus
Great-billed Parrot;Tanygnathus megalorynchos
Blue-naped Parrot;Tanygnathus lucionensis
Blue-backed Parrot;Tanygnathus everetti
Azure-rumped Parrot;Tanygnathus sumatranus
Blue-backed/Azure-rumped Parrot;Tanygnathus everetti/sumatranus
Ground Parrot;Pezoporus wallicus
Ground Parrot (Western);Pezoporus wallicus flaviventris
Ground Parrot (Eastern);Pezoporus wallicus wallicus
Night Parrot;Pezoporus occidentalis
Bourke's Parrot;Neopsephotus bourkii
Blue-winged Parrot;Neophema chrysostoma
Elegant Parrot;Neophema elegans
Rock Parrot;Neophema petrophila
Orange-bellied Parrot;Neophema chrysogaster
Turquoise Parrot;Neophema pulchella
Scarlet-chested Parrot;Neophema splendida
Neophema sp.;Neophema sp.
Swift Parrot;Lathamus discolor
Crimson Shining-Parrot;Prosopeia splendens
Red Shining-Parrot;Prosopeia tabuensis
Masked Shining-Parrot;Prosopeia personata
Horned Parakeet;Eunymphicus cornutus
Ouvea Parakeet;Eunymphicus uvaeensis
Raiatea Parakeet;Cyanoramphus ulietanus
Black-fronted Parakeet;Cyanoramphus zealandicus
Antipodes Parakeet;Cyanoramphus unicolor
Red-crowned Parakeet;Cyanoramphus novaezelandiae
Reischek's Parakeet;Cyanoramphus hochstetteri
New Caledonian Parakeet;Cyanoramphus saisseti
Norfolk Island Parakeet;Cyanoramphus cookii
Norfolk Island Parakeet (Norfolk I.);Cyanoramphus cookii cookii
Norfolk Island Parakeet (Lord Howe I.);Cyanoramphus cookii subflavescens
Yellow-crowned Parakeet;Cyanoramphus auriceps
Red-crowned x Yellow-crowned Parakeet (hybrid);Cyanoramphus novaezelandiae x auriceps
Chatham Islands Parakeet;Cyanoramphus forbesi
Red-crowned x Chatham Islands Parakeet (hybrid);Cyanoramphus novaezelandiae x forbesi
Malherbe's Parakeet;Cyanoramphus malherbi
Cyanoramphus sp.;Cyanoramphus sp.
Australian Ringneck;Barnardius zonarius
Australian Ringneck (Twenty-eight);Barnardius zonarius semitorquatus
Australian Ringneck (Port Lincoln);Barnardius zonarius zonarius
Australian Ringneck (Mallee);Barnardius zonarius barnardi
Australian Ringneck (Cloncurry);Barnardius zonarius macgillivrayi
Australian Ringneck (Twenty-eight x Port Lincoln);Barnardius zonarius semitorquatus x zonarius
Australian Ringneck (Port Lincoln x Mallee);Barnardius zonarius zonarius x barnardi
Green Rosella;Platycercus caledonicus
Crimson Rosella;Platycercus elegans
Crimson Rosella (Crimson);Platycercus elegans [elegans Group]
Crimson Rosella (Yellow);Platycercus elegans flaveolus
Crimson Rosella (Crimson x Yellow);Platycercus elegans [elegans Group] x flaveolus
Crimson Rosella (Adelaide);Platycercus elegans adelaidae/subadelaidae
Northern Rosella;Platycercus venustus
Eastern Rosella;Platycercus eximius
Eastern Rosella (Domestic type);Platycercus eximius (Domestic type)
Green x Eastern Rosella (hybrid);Platycercus caledonicus x eximius
Crimson x Eastern Rosella (hybrid);Platycercus elegans x eximius
Pale-headed Rosella;Platycercus adscitus
Eastern x Pale-headed Rosella (hybrid);Platycercus eximius x adscitus
Crimson x Pale-headed Rosella (hybrid);Platycercus elegans x adscitus
Western Rosella;Platycercus icterotis
rosella sp.;Platycercus sp.
Greater Bluebonnet;Northiella haematogaster
Greater Bluebonnet (Yellow-vented);Northiella haematogaster haematogaster/pallescens
Greater Bluebonnet (Red-vented);Northiella haematogaster haematorrhoa
Naretha Bluebonnet;Northiella narethae
Red-rumped Parrot;Psephotus haematonotus
Mulga Parrot;Psephotellus varius
Hooded Parrot;Psephotellus dissimilis
Golden-shouldered Parrot;Psephotellus chrysopterygius
Paradise Parrot;Psephotellus pulcherrimus
Red-capped Parrot;Purpureicephalus spurius
Dusky-cheeked Fig-Parrot;Nannopsittacus melanogenia
Blue-fronted Fig-Parrot;Nannopsittacus gulielmitertii
Black-fronted Fig-Parrot;Nannopsittacus nigrifrons
Black-fronted Fig-Parrot (Black-fronted);Nannopsittacus nigrifrons nigrifrons
Black-fronted Fig-Parrot (Creamy-breasted);Nannopsittacus nigrifrons amabilis/ramuensis
Double-eyed Fig-Parrot;Cyclopsitta diophthalma
Double-eyed Fig-Parrot (Double-eyed);Cyclopsitta diophthalma [diophthalma Group]
Double-eyed Fig-Parrot (Coxen's);Cyclopsitta diophthalma coxeni
Large Fig-Parrot;Cyclopsitta desmarestii
Large Fig-Parrot (Large);Cyclopsitta desmarestii [desmarestii Group]
Large Fig-Parrot (Yellow-naped);Cyclopsitta desmarestii godmani
Large Fig-Parrot (Red-faced);Cyclopsitta desmarestii cervicalis
Edwards's Fig-Parrot;Cyclopsitta edwardsii
Salvadori's Fig-Parrot;Cyclopsitta salvadorii
fig-parrot sp.;Nannopsittacus/Cyclopsitta sp.
Guaiabero;Bolbopsittacus lunulatus
Budgerigar;Melopsittacus undulatus
Budgerigar (Domestic type);Melopsittacus undulatus (Domestic type)
Plum-faced Lorikeet;Oreopsittacus arfaki
Pygmy Lorikeet;Charminetta wilhelminae
Red-fronted Lorikeet;Hypocharmosyna rubronotata
Red-flanked Lorikeet;Hypocharmosyna placentis
Blue-fronted Lorikeet;Charmosynopsis toxopei
Fairy Lorikeet;Charmosynopsis pulchella
Striated Lorikeet;Charmosyna multistriata
Josephine's Lorikeet;Charmosyna josefinae
West Papuan Lorikeet;Charmosyna papou
Stella's Lorikeet;Charmosyna stellae
Duchess Lorikeet;Vini margarethae
Meek's Lorikeet;Vini meeki
New Caledonian Lorikeet;Vini diadema
Red-chinned Lorikeet;Vini rubrigularis
Palm Lorikeet;Vini palmarum
Red-throated Lorikeet;Vini amabilis
Collared Lory;Vini solitaria
Blue-crowned Lorikeet;Vini australis
Ultramarine Lorikeet;Vini ultramarina
Stephen's Lorikeet;Vini stepheni
Kuhl's Lorikeet;Vini kuhlii
Blue Lorikeet;Vini peruviana
Yellow-billed Lorikeet;Neopsittacus musschenbroekii
Orange-billed Lorikeet;Neopsittacus pullicauda
Yellow-billed/Orange-billed Lorikeet;Neopsittacus musschenbroekii/pullicauda
White-naped Lory;Lorius albidinucha
Yellow-bibbed Lory;Lorius chlorocercus
Chattering Lory;Lorius garrulus
Purple-naped Lory;Lorius domicella
Purple-bellied Lory;Lorius hypoinochrous
Black-capped Lory;Lorius lory
Black-capped Lory (Vogelkop);Lorius lory lory
Black-capped Lory (Biak);Lorius lory cyanauchen
Black-capped Lory (Northern);Lorius lory [jobiensis Group]
Black-capped Lory (Southern);Lorius lory erythrothorax
Black-capped Lory (Fly River);Lorius lory somu
Varied Lorikeet;Psitteuteles versicolor
Little Lorikeet;Psitteuteles pusillus
Purple-crowned Lorikeet;Psitteuteles porphyrocephalus
Dusky Lory;Chalcopsitta fuscata
Cardinal Lory;Chalcopsitta cardinalis
Brown Lory;Chalcopsitta duivenbodei
Black Lory;Chalcopsitta atra
Yellow-streaked Lory;Chalcopsitta scintillata
Goldie's Lorikeet;Glossoptilus goldiei
Musk Lorikeet;Trichoglossus concinnus
Mindanao Lorikeet;Trichoglossus johnstoniae
Iris Lorikeet;Trichoglossus iris
Ornate Lorikeet;Trichoglossus ornatus
Yellow-cheeked Lorikeet;Trichoglossus meyeri
Sula Lorikeet;Trichoglossus flavoviridis
Blue-streaked Lory;Trichoglossus reticulatus
Blue-eared Lory;Trichoglossus semilarvatus
Red Lory;Trichoglossus borneus
Black-winged Lory;Trichoglossus cyanogenius
Red-and-blue Lory;Trichoglossus histrio
Violet-necked Lory;Trichoglossus squamatus
Pohnpei Lorikeet;Trichoglossus rubiginosus
Scaly-breasted Lorikeet;Trichoglossus chlorolepidotus
Coconut Lorikeet;Trichoglossus haematodus
Biak Lorikeet;Trichoglossus rosenbergii
Rainbow Lorikeet;Trichoglossus moluccanus
Musk x Rainbow Lorikeet (hybrid);Trichoglossus concinnus x moluccanus
Scaly-breasted x Rainbow Lorikeet (hybrid);Trichoglossus chlorolepidotus x moluccanus
Scaly-breasted/Rainbow Lorikeet;Trichoglossus chlorolepidotus/moluccanus
lorikeet sp. (Musk/Rainbow/Scaly-breasted Lorikeet hybrid);Trichoglossus sp. (Musk/Rainbow/Scaly-breasted Lorikeet hybrid)
Red-collared Lorikeet;Trichoglossus rubritorquis
Rainbow x Red-collared Lorikeet (hybrid);Trichoglossus moluccanus x rubritorquis
Rainbow/Red-collared Lorikeet;Trichoglossus moluccanus/rubritorquis
Olive-headed Lorikeet;Trichoglossus euteles
Marigold Lorikeet;Trichoglossus capistratus
Leaf Lorikeet;Trichoglossus weberi
Sunset Lorikeet;Trichoglossus forsteni
rainbow lorikeet sp.;Trichoglossus sp. (rainbow lorikeet complex)
lorikeet sp.;Psittaculidae sp. (lorikeet sp.)
Vernal Hanging-Parrot;Loriculus vernalis
Sri Lanka Hanging-Parrot;Loriculus beryllinus
Philippine Hanging-Parrot;Loriculus philippensis
Camiguin Hanging-Parrot;Loriculus camiguinensis
Black-billed Hanging-Parrot;Loriculus bonapartei
Blue-crowned Hanging-Parrot;Loriculus galgulus
Sulawesi Hanging-Parrot;Loriculus stigmatus
Sula Hanging-Parrot;Loriculus sclateri
Moluccan Hanging-Parrot;Loriculus amabilis
Sangihe Hanging-Parrot;Loriculus catamene
Papuan Hanging-Parrot;Loriculus aurantiifrons
Green-fronted Hanging-Parrot;Loriculus tener
Pygmy Hanging-Parrot;Loriculus exilis
Yellow-throated Hanging-Parrot;Loriculus pusillus
Wallace's Hanging-Parrot;Loriculus flosculus
hanging-parrot sp.;Loriculus sp.
Black-collared Lovebird;Agapornis swindernianus
Gray-headed Lovebird;Agapornis canus
Red-headed Lovebird;Agapornis pullarius
Black-winged Lovebird;Agapornis taranta
Rosy-faced Lovebird;Agapornis roseicollis
Rosy-faced Lovebird (Domestic type);Agapornis roseicollis (Domestic type)
Fischer's Lovebird;Agapornis fischeri
Fischer's Lovebird (Domestic type);Agapornis fischeri (Domestic type)
Yellow-collared Lovebird;Agapornis personatus
Yellow-collared Lovebird (Domestic type);Agapornis personatus (Domestic type)
Fischer's x Yellow-collared Lovebird (hybrid);Agapornis fischeri x personatus
Fischer's/Yellow-collared Lovebird;Agapornis fischeri/personatus
Lilian's Lovebird;Agapornis lilianae
Black-cheeked Lovebird;Agapornis nigrigenis
Domestic lovebird sp. (Domestic type);Agapornis sp. (Domestic type)
lovebird sp.;Agapornis sp.
Timneh Parrot;Psittacus timneh
Gray Parrot;Psittacus erithacus
Gray Parrot (Gray);Psittacus erithacus erithacus
Gray Parrot (Principe);Psittacus erithacus princeps
Timneh/Gray Parrot;Psittacus timneh/erithacus
Brown-necked Parrot;Poicephalus fuscicollis
Brown-necked Parrot (Brown-necked);Poicephalus fuscicollis fuscicollis
Brown-necked Parrot (Gray-headed);Poicephalus fuscicollis suahelicus
Cape Parrot;Poicephalus robustus
Red-fronted Parrot;Poicephalus gulielmi
Red-fronted Parrot (Guinean);Poicephalus gulielmi fantiensis
Red-fronted Parrot (Red-fronted);Poicephalus gulielmi gulielmi/massaicus
Meyer's Parrot;Poicephalus meyeri
Rüppell's Parrot;Poicephalus rueppellii
Brown-headed Parrot;Poicephalus cryptoxanthus
Meyer's x Brown-headed Parrot (hybrid);Poicephalus meyeri x cryptoxanthus
Niam-Niam Parrot;Poicephalus crassus
Red-bellied Parrot;Poicephalus rufiventris
Senegal Parrot;Poicephalus senegalus
Yellow-fronted Parrot;Poicephalus flavifrons
Poicephalus sp.;Poicephalus sp.
Lilac-tailed Parrotlet;Touit batavicus
Scarlet-shouldered Parrotlet;Touit huetii
Red-fronted Parrotlet;Touit costaricensis
Blue-fronted Parrotlet;Touit dilectissimus
Sapphire-rumped Parrotlet;Touit purpuratus
Brown-backed Parrotlet;Touit melanonotus
Golden-tailed Parrotlet;Touit surdus
Spot-winged Parrotlet;Touit stictopterus
Touit sp.;Touit sp.
Gray-hooded Parakeet;Psilopsiagon aymara
Mountain Parakeet;Psilopsiagon aurifrons
Barred Parakeet;Bolborhynchus lineola
Rufous-fronted Parakeet;Bolborhynchus ferrugineifrons
Andean Parakeet;Bolborhynchus orbygnesius
Barred/Andean Parakeet;Bolborhynchus lineola/orbygnesius
Tepui Parrotlet;Nannopsittaca panychlora
Amazonian Parrotlet;Nannopsittaca dachilleae
Monk Parakeet;Myiopsitta monachus
Cliff Parakeet;Myiopsitta luchsi
Monk/Cliff Parakeet;Myiopsitta monachus/luchsi
Tui Parakeet;Brotogeris sanctithomae
Plain Parakeet;Brotogeris tirica
White-winged Parakeet;Brotogeris versicolurus
Yellow-chevroned Parakeet;Brotogeris chiriri
White-winged x Yellow-chevroned Parakeet (hybrid);Brotogeris versicolurus x chiriri
White-winged/Yellow-chevroned Parakeet;Brotogeris versicolurus/chiriri
Gray-cheeked Parakeet;Brotogeris pyrrhoptera
Orange-chinned Parakeet;Brotogeris jugularis
Cobalt-winged Parakeet;Brotogeris cyanoptera
Golden-winged Parakeet;Brotogeris chrysoptera
Brotogeris sp.;Brotogeris sp.
Pileated Parrot;Pionopsitta pileata
Blue-bellied Parrot;Triclaria malachitacea
Rusty-faced Parrot;Hapalopsittaca amazonina
Indigo-winged Parrot;Hapalopsittaca fuertesi
Red-faced Parrot;Hapalopsittaca pyrrhops
Black-winged Parrot;Hapalopsittaca melanotis
Brown-hooded Parrot;Pyrilia haematotis
Rose-faced Parrot;Pyrilia pulchra
Saffron-headed Parrot;Pyrilia pyrilia
Orange-cheeked Parrot;Pyrilia barrabandi
Caica Parrot;Pyrilia caica
Bald Parrot;Pyrilia aurantiocephala
Vulturine Parrot;Pyrilia vulturina
Pyrilia sp.;Pyrilia sp.
Dusky Parrot;Pionus fuscus
Red-billed Parrot;Pionus sordidus
Scaly-headed Parrot;Pionus maximiliani
Speckle-faced Parrot;Pionus tumultuosus
Speckle-faced Parrot (White-capped);Pionus tumultuosus seniloides
Speckle-faced Parrot (Plum-crowned);Pionus tumultuosus tumultuosus
Blue-headed Parrot;Pionus menstruus
Blue-headed Parrot (Blue-headed);Pionus menstruus menstruus/rubrigularis
Blue-headed Parrot (Reichenow's);Pionus menstruus reichenowi
White-crowned Parrot;Pionus senilis
Bronze-winged Parrot;Pionus chalcopterus
Pionus sp.;Pionus sp.
Short-tailed Parrot;Graydidascalus brachyurus
Yellow-faced Parrot;Alipiopsitta xanthops
Festive Amazon;Amazona festiva
Festive Amazon (Northern);Amazona festiva bodini
Festive Amazon (Southern);Amazona festiva festiva
Vinaceous-breasted Amazon;Amazona vinacea
Tucuman Amazon;Amazona tucumana
Red-spectacled Amazon;Amazona pretrei
Red-crowned Amazon;Amazona viridigenalis
Lilac-crowned Amazon;Amazona finschi
Red-crowned x Lilac-crowned Amazon (hybrid);Amazona viridigenalis x finschi
Red-crowned/Lilac-crowned Amazon;Amazona viridigenalis/finschi
Red-lored Amazon;Amazona autumnalis
Red-lored Amazon (Red-lored);Amazona autumnalis autumnalis
Red-lored Amazon (Salvin's);Amazona autumnalis salvini
Red-crowned x Red-lored Amazon (hybrid);Amazona viridigenalis x autumnalis
Lilacine Amazon;Amazona lilacina
Red-lored/Lilacine Amazon;Amazona autumnalis/lilacina
Diademed Amazon;Amazona diadema
Blue-cheeked Amazon;Amazona dufresniana
Red-browed Amazon;Amazona rhodocorytha
Red-necked Amazon;Amazona arausiaca
Martinique Amazon;Amazona martinicana
St. Lucia Amazon;Amazona versicolor
Yellow-naped Amazon;Amazona auropalliata
Yellow-headed Amazon;Amazona oratrix
Yellow-headed Amazon (Tres Marias Is.);Amazona oratrix tresmariae
Yellow-headed Amazon (Mainland);Amazona oratrix [oratrix Group]
Yellow-naped x Yellow-headed Amazon (hybrid);Amazona auropalliata x oratrix
Yellow-naped/Yellow-headed Amazon;Amazona auropalliata/oratrix
Yellow-crowned Amazon;Amazona ochrocephala
Yellow-shouldered Amazon;Amazona barbadensis
Turquoise-fronted Amazon;Amazona aestiva
Black-billed Amazon;Amazona agilis
White-fronted Amazon;Amazona albifrons
Yellow-lored Amazon;Amazona xantholora
Yellow-billed Amazon;Amazona collaria
Black-billed/Yellow-billed Amazon;Amazona agilis/collaria
Cuban Amazon;Amazona leucocephala
Cuban Amazon (Cuban);Amazona leucocephala leucocephala
Cuban Amazon (Bahamas);Amazona leucocephala bahamensis
Cuban Amazon (Cayman Is.);Amazona leucocephala caymanensis/hesterna
Hispaniolan Amazon;Amazona ventralis
Puerto Rican Amazon;Amazona vittata
Mealy Amazon;Amazona farinosa
Mealy Amazon (Northern);Amazona farinosa guatemalae/virenticeps
Mealy Amazon (Southern);Amazona farinosa farinosa
Kawall's Amazon;Amazona kawalli
Imperial Amazon;Amazona imperialis
Guadeloupe Amazon;Amazona violacea
Red-tailed Amazon;Amazona brasiliensis
St. Vincent Amazon;Amazona guildingii
Orange-winged Amazon;Amazona amazonica
Red-crowned x Orange-winged Amazon (hybrid);Amazona viridigenalis x amazonica
Scaly-naped Amazon;Amazona mercenarius
amazon sp.;Amazona sp.
Dusky-billed Parrotlet;Forpus modestus
Dusky-billed Parrotlet (Schomburgk's);Forpus modestus modestus
Dusky-billed Parrotlet (Dusky-billed);Forpus modestus sclateri
Mexican Parrotlet;Forpus cyanopygius
Mexican Parrotlet (Mexican);Forpus cyanopygius cyanopygius
Mexican Parrotlet (Tres Marias Is.);Forpus cyanopygius insularis
Turquoise-winged Parrotlet;Forpus spengeli
Riparian Parrotlet;Forpus crassirostris
Cobalt-rumped Parrotlet;Forpus xanthopterygius
Green-rumped Parrotlet;Forpus passerinus
Spectacled Parrotlet;Forpus conspicillatus
Pacific Parrotlet;Forpus coelestis
Yellow-faced Parrotlet;Forpus xanthops
Forpus sp.;Forpus sp.
Black-headed Parrot;Pionites melanocephalus
White-bellied Parrot;Pionites leucogaster
White-bellied Parrot (Black-legged);Pionites leucogaster xanthomerius
White-bellied Parrot (Yellow-tailed);Pionites leucogaster xanthurus
White-bellied Parrot (Green-thighed);Pionites leucogaster leucogaster
Red-fan Parrot;Deroptyus accipitrinus
Ochre-marked Parakeet;Pyrrhura cruentata
Blaze-winged Parakeet;Pyrrhura devillei
Maroon-bellied Parakeet;Pyrrhura frontalis
Maroon-bellied Parakeet (Maroon-tailed);Pyrrhura frontalis frontalis
Maroon-bellied Parakeet (Green-tailed);Pyrrhura frontalis chiripepe
Pearly Parakeet;Pyrrhura lepida
Pearly Parakeet (lepida);Pyrrhura lepida lepida
Pearly Parakeet (anerythra);Pyrrhura lepida anerythra
Pearly Parakeet (coerulescens);Pyrrhura lepida coerulescens
Crimson-bellied Parakeet;Pyrrhura perlata
Green-cheeked Parakeet;Pyrrhura molinae
Pfrimer's Parakeet;Pyrrhura pfrimeri
Gray-breasted Parakeet;Pyrrhura griseipectus
Maroon-faced Parakeet;Pyrrhura leucotis
Gray-breasted/Maroon-faced Parakeet;Pyrrhura griseipectus/leucotis
Subandean Parakeet;Pyrrhura subandina
Subandean Parakeet (Azuero);Pyrrhura subandina eisenmanni
Subandean Parakeet (Sinu);Pyrrhura subandina subandina
Perija Parakeet;Pyrrhura caeruleiceps
Venezuelan Parakeet;Pyrrhura emma
Painted Parakeet;Pyrrhura picta
Santarem Parakeet;Pyrrhura amazonum
Santarem Parakeet (Santarem);Pyrrhura amazonum amazonum
Santarem Parakeet (Madeira);Pyrrhura amazonum snethlageae
Santarem Parakeet (Cristalino);Pyrrhura amazonum lucida
Bonaparte's Parakeet;Pyrrhura lucianii
Rose-fronted Parakeet;Pyrrhura roseifrons
Rose-fronted Parakeet (Wavy-breasted);Pyrrhura roseifrons peruviana/dilutissima
Rose-fronted Parakeet (Garlepp's);Pyrrhura roseifrons parvifrons
Rose-fronted Parakeet (Rose-fronted);Pyrrhura roseifrons roseifrons
Santa Marta Parakeet;Pyrrhura viridicata
Fiery-shouldered Parakeet;Pyrrhura egregia
Maroon-tailed Parakeet;Pyrrhura melanura
Maroon-tailed Parakeet (Choco);Pyrrhura melanura pacifica
Maroon-tailed Parakeet (Huila);Pyrrhura melanura chapmani
Maroon-tailed Parakeet (Maroon-tailed);Pyrrhura melanura [melanura Group]
El Oro Parakeet;Pyrrhura orcesi
Black-capped Parakeet;Pyrrhura rupicola
White-necked Parakeet;Pyrrhura albipectus
Brown-breasted Parakeet;Pyrrhura calliptera
Red-eared Parakeet;Pyrrhura hoematotis
Rose-headed Parakeet;Pyrrhura rhodocephala
Sulphur-winged Parakeet;Pyrrhura hoffmanni
Pyrrhura sp.;Pyrrhura sp.
Austral Parakeet;Enicognathus ferrugineus
Slender-billed Parakeet;Enicognathus leptorhynchus
Austral/Slender-billed Parakeet;Enicognathus ferrugineus/leptorhynchus
Burrowing Parakeet;Cyanoliseus patagonus
Burrowing Parakeet (Olive);Cyanoliseus patagonus andinus
Burrowing Parakeet (Burrowing);Cyanoliseus patagonus patagonus/conlara
Burrowing Parakeet (Chilean);Cyanoliseus patagonus bloxami
Hyacinth Macaw;Anodorhynchus hyacinthinus
Glaucous Macaw;Anodorhynchus glaucus
Indigo Macaw;Anodorhynchus leari
Thick-billed Parrot;Rhynchopsitta pachyrhyncha
Maroon-fronted Parrot;Rhynchopsitta terrisi
Olive-throated Parakeet;Eupsittula nana
Olive-throated Parakeet (Aztec);Eupsittula nana astec/vicinalis
Olive-throated Parakeet (Jamaican);Eupsittula nana nana
Orange-fronted Parakeet;Eupsittula canicularis
Peach-fronted Parakeet;Eupsittula aurea
Brown-throated Parakeet;Eupsittula pertinax
Brown-throated Parakeet (Veraguas);Eupsittula pertinax ocularis
Brown-throated Parakeet (Colombian);Eupsittula pertinax [aeruginosa Group]
Brown-throated Parakeet (Gold-faced);Eupsittula pertinax pertinax/xanthogenia
Brown-throated Parakeet (Venezuelan);Eupsittula pertinax [chrysophrys Group]
Brown-throated Parakeet (Amazonian);Eupsittula pertinax chrysogenys/paraensis
Cactus Parakeet;Eupsittula cactorum
Carolina Parakeet;Conuropsis carolinensis
Dusky-headed Parakeet;Aratinga weddellii
Nanday Parakeet;Aratinga nenday
Sun Parakeet;Aratinga solstitialis
Sulphur-breasted Parakeet;Aratinga maculata
Jandaya Parakeet;Aratinga jandaya
Golden-capped Parakeet;Aratinga auricapillus
Spix's Macaw;Cyanopsitta spixii
Red-bellied Macaw;Orthopsittaca manilatus
Blue-winged Macaw;Primolius maracana
Blue-headed Macaw;Primolius couloni
Yellow-collared Macaw;Primolius auricollis
Blue-and-yellow Macaw;Ara ararauna
Blue-throated Macaw;Ara glaucogularis
Chestnut-fronted Macaw;Ara severus
Cuban Macaw;Ara tricolor
Red-fronted Macaw;Ara rubrogenys
Military Macaw;Ara militaris
Great Green Macaw;Ara ambiguus
Scarlet Macaw;Ara macao
Blue-and-yellow x Scarlet Macaw (hybrid);Ara ararauna x macao
Great Green x Scarlet Macaw (hybrid);Ara ambiguus x macao
Red-and-green Macaw;Ara chloropterus
Blue-and-yellow x Red-and-green Macaw (hybrid);Ara ararauna x chloropterus
Scarlet/Red-and-green Macaw;Ara macao/chloropterus
large macaw sp.;Ara sp.
Golden-plumed Parakeet;Leptosittaca branickii
Yellow-eared Parrot;Ognorhynchus icterotis
Golden Parakeet;Guaruba guarouba
Blue-crowned Parakeet;Thectocercus acuticaudatus
Blue-crowned Parakeet (Blue-crowned);Thectocercus acuticaudatus [haemorrhous Group]
Blue-crowned Parakeet (Blue-headed);Thectocercus acuticaudatus acuticaudatus/neumanni
Red-shouldered Macaw;Diopsittaca nobilis
Red-shouldered Macaw (Northern);Diopsittaca nobilis nobilis
Red-shouldered Macaw (Southern);Diopsittaca nobilis cumanensis/longipennis
small macaw sp.;Orthopsittaca/Primolius/Diopsittaca sp.
Green Parakeet;Psittacara holochlorus
Green Parakeet (Green);Psittacara holochlorus holochlorus/brewsteri
Green Parakeet (Red-throated);Psittacara holochlorus rubritorquis
Socorro Parakeet;Psittacara brevipes
Pacific Parakeet;Psittacara strenuus
Green x Pacific Parakeet (hybrid);Psittacara holochlorus x strenuus
Green/Pacific Parakeet;Psittacara holochlorus/strenuus
Crimson-fronted Parakeet;Psittacara finschi
Green x Crimson-fronted Parakeet (hybrid);Psittacara holochlorus x finschi
Scarlet-fronted Parakeet;Psittacara wagleri
Cordilleran Parakeet;Psittacara frontatus
Scarlet-fronted/Cordilleran Parakeet;Psittacara wagleri/frontatus
Mitred Parakeet;Psittacara mitratus
Mitred Parakeet (Mitred);Psittacara mitratus [mitratus Group]
Mitred Parakeet (Chapman's);Psittacara mitratus alticola
Cordilleran/Mitred Parakeet;Psittacara frontatus/mitratus
Red-masked Parakeet;Psittacara erythrogenys
Mitred/Red-masked Parakeet;Psittacara mitratus/erythrogenys
White-eyed Parakeet;Psittacara leucophthalmus
Cuban Parakeet;Psittacara euops
Hispaniolan Parakeet;Psittacara chloropterus
Puerto Rican Parakeet;Psittacara maugei
Guadeloupe Parakeet;Psittacara labati
Psittacara sp.;Psittacara sp.
large parakeet sp. (former Aratinga sp.);Eupsittula/Aratinga/Thectocercus/Psittacara sp.
parakeet sp.;Psittaciformes sp. (parakeet sp.)
parrot sp.;Psittaciformes sp. (parrot sp.)
Stephens Island Wren;Traversia lyalli
Rifleman;Acanthisitta chloris
Bush Wren;Xenicus longipes
South Island Wren;Xenicus gilviventris
African Broadbill;Smithornis capensis
Gray-headed Broadbill;Smithornis sharpei
Gray-headed Broadbill (Zenker's);Smithornis sharpei zenkeri
Gray-headed Broadbill (Sharpe's);Smithornis sharpei sharpei
Gray-headed Broadbill (Gray-headed);Smithornis sharpei eurylaemus
Rufous-sided Broadbill;Smithornis rufolateralis
Smithornis sp.;Smithornis sp.
Green Broadbill;Calyptomena viridis
Hose's Broadbill;Calyptomena hosii
Whitehead's Broadbill;Calyptomena whiteheadi
Grauer's Broadbill;Pseudocalyptomena graueri
Long-tailed Broadbill;Psarisomus dalhousiae
Dusky Broadbill;Corydon sumatranus
Visayan Broadbill;Sarcophanops samarensis
Wattled Broadbill;Sarcophanops steerii
Silver-breasted Broadbill;Serilophus lunatus
Gray-lored Broadbill;Serilophus rubropygius
Silver-breasted/Gray-lored Broadbill;Serilophus lunatus/rubropygius
Black-and-red Broadbill;Cymbirhynchus macrorhynchos
Black-and-red Broadbill (Irrawaddy);Cymbirhynchus macrorhynchos affinis
Black-and-red Broadbill (Black-and-red);Cymbirhynchus macrorhynchos [macrorhynchos Group]
Banded Broadbill;Eurylaimus javanicus
Banded Broadbill (Banded);Eurylaimus javanicus [harterti Group]
Banded Broadbill (Javan);Eurylaimus javanicus javanicus
Black-and-yellow Broadbill;Eurylaimus ochromalus
Banded/Black-and-yellow Broadbill;Eurylaimus javanicus/ochromalus
asian broadbill sp.;Eurylaimidae sp.
Sapayoa;Sapayoa aenigma
Velvet Asity;Philepitta castanea
Schlegel's Asity;Philepitta schlegeli
Common Sunbird-Asity;Neodrepanis coruscans
Yellow-bellied Sunbird-Asity;Neodrepanis hypoxantha
Common/Yellow-bellied Sunbird-Asity;Neodrepanis coruscans/hypoxantha
Whiskered Pitta;Erythropitta kochi
Philippine Pitta;Erythropitta erythrogaster
Philippine Pitta (Philippine);Erythropitta erythrogaster [erythrogaster Group]
Philippine Pitta (Talaud);Erythropitta erythrogaster inspeculata
Sula Pitta;Erythropitta dohertyi
Sulawesi Pitta;Erythropitta celebensis
Sulawesi Pitta (Sulawesi);Erythropitta celebensis celebensis
Sulawesi Pitta (Sangihe);Erythropitta celebensis caeruleitorques
Sulawesi Pitta (Siau);Erythropitta celebensis palliceps
North Moluccan Pitta;Erythropitta rufiventris
South Moluccan Pitta;Erythropitta rubrinucha
Papuan Pitta;Erythropitta macklotii
Papuan Pitta (Northern);Erythropitta macklotii habenichti
Papuan Pitta (Southern);Erythropitta macklotii [macklotii Group]
Papuan Pitta (D'Entrecasteaux);Erythropitta macklotii finschii
Bismarck Pitta;Erythropitta novaehibernicae
Bismarck Pitta (New Ireland);Erythropitta novaehibernicae novaehibernicae/extima
Bismarck Pitta (Tabar);Erythropitta novaehibernicae splendida
Bismarck Pitta (New Britain);Erythropitta novaehibernicae gazellae
Louisiade Pitta;Erythropitta meeki
Graceful Pitta;Erythropitta venusta
Black-crowned Pitta;Erythropitta ussheri
Blue-banded Pitta;Erythropitta arquata
Garnet Pitta;Erythropitta granatina
Erythropitta sp.;Erythropitta sp.
Eared Pitta;Hydrornis phayrei
Rusty-naped Pitta;Hydrornis oatesi
Blue-naped Pitta;Hydrornis nipalensis
Blue-rumped Pitta;Hydrornis soror
Giant Pitta;Hydrornis caeruleus
Schneider's Pitta;Hydrornis schneideri
Malayan Banded-Pitta;Hydrornis irena
Javan Banded-Pitta;Hydrornis guajanus
Bornean Banded-Pitta;Hydrornis schwaneri
Blue-headed Pitta;Hydrornis baudii
Blue Pitta;Hydrornis cyaneus
Bar-bellied Pitta;Hydrornis elliotii
Gurney's Pitta;Hydrornis gurneyi
Hydrornis sp.;Hydrornis sp.
African Pitta;Pitta angolensis
Green-breasted Pitta;Pitta reichenowi
Indian Pitta;Pitta brachyura
Blue-winged Pitta;Pitta moluccensis
Fairy Pitta;Pitta nympha
Nicobar Hooded Pitta;Pitta abbotti
Western Hooded Pitta;Pitta sordida
Western Hooded Pitta (Chestnut-crowned);Pitta sordida cucullata
Western Hooded Pitta (Sunda);Pitta sordida mulleri/bangkana
Western Hooded Pitta (Philippine);Pitta sordida sordida/palawanensis
Western Hooded Pitta (Sangihe);Pitta sordida sanghirana
Nicobar/Western Hooded Pitta;Pitta abbotti/sordida
Minahasa Hooded Pitta;Pitta forsteni
Eastern Hooded Pitta;Pitta novaeguineae
Eastern Hooded Pitta (Papuan);Pitta novaeguineae novaeguineae/goodfellowi
Eastern Hooded Pitta (Numfor);Pitta novaeguineae mefoorana
Biak Hooded Pitta;Pitta rosenbergii
Azure-breasted Pitta;Pitta steerii
Noisy Pitta;Pitta versicolor
Ivory-breasted Pitta;Pitta maxima
Ivory-breasted Pitta (Ivory-breasted);Pitta maxima maxima
Ivory-breasted Pitta (Morotai);Pitta maxima morotaiensis
Ornate Pitta;Pitta concinna
Elegant Pitta;Pitta elegans
Banda Sea Pitta;Pitta vigorsii
Ornate/Elegant/Banda Sea Pitta;Pitta concinna/elegans/vigorsii
Black-faced Pitta;Pitta anerythra
Black-faced Pitta (Bougainville);Pitta anerythra pallida
Black-faced Pitta (Central Solomons);Pitta anerythra anerythra/nigrifrons
Mangrove Pitta;Pitta megarhyncha
Superb Pitta;Pitta superba
Rainbow Pitta;Pitta iris
Pitta sp. (genus Pitta);Pitta sp.
pitta sp. (genus Erythropitta/Hydrornis/Pitta);Pittidae sp.
Rufous-rumped Antwren;Euchrepomis callinota
Chestnut-shouldered Antwren;Euchrepomis humeralis
Yellow-rumped Antwren;Euchrepomis sharpei
Ash-winged Antwren;Euchrepomis spodioptila
Euchrepomis sp.;Euchrepomis sp.
Fasciated Antshrike;Cymbilaimus lineatus
Bamboo Antshrike;Cymbilaimus sanctaemariae
Spot-backed Antshrike;Hypoedaleus guttatus
Giant Antshrike;Batara cinerea
Large-tailed Antshrike;Mackenziaena leachii
Tufted Antshrike;Mackenziaena severa
Black-throated Antshrike;Frederickena viridis
Undulated Antshrike;Frederickena unduliger
Fulvous Antshrike;Frederickena fulva
Undulated/Fulvous Antshrike;Frederickena unduliger/fulva
Great Antshrike;Taraba major
Black-crested Antshrike;Sakesphorus canadensis
Black-crested Antshrike (Streak-fronted);Sakesphorus canadensis pulchellus
Black-crested Antshrike (Black-crested);Sakesphorus canadensis [canadensis Group]
Glossy Antshrike;Sakesphorus luctuosus
Silvery-cheeked Antshrike;Sakesphoroides cristatus
Silvery-cheeked Antshrike (Northern);Sakesphoroides cristatus niedeguidonae
Silvery-cheeked Antshrike (Southern);Sakesphoroides cristatus cristatus
Caatinga Antwren;Radinopsyche sellowi
White-bearded Antshrike;Biatas nigropectus
Barred Antshrike;Thamnophilus doliatus
Barred Antshrike (Barred);Thamnophilus doliatus [doliatus Group]
Barred Antshrike (Caatinga);Thamnophilus doliatus capistratus
Rufous-capped Antshrike;Thamnophilus ruficapillus
Rufous-capped Antshrike (Northern);Thamnophilus ruficapillus [subfasciatus Group]
Rufous-capped Antshrike (Southern);Thamnophilus ruficapillus ruficapillus/cochabambae
Rufous-winged Antshrike;Thamnophilus torquatus
Rufous-capped/Rufous-winged Antshrike;Thamnophilus ruficapillus/torquatus
Chapman's Antshrike;Thamnophilus zarumae
Bar-crested Antshrike;Thamnophilus multistriatus
Lined Antshrike;Thamnophilus tenuepunctatus
Chestnut-backed Antshrike;Thamnophilus palliatus
Collared Antshrike;Thamnophilus bernardi
Marañon Antshrike;Thamnophilus shumbae
Collared/Marañon Antshrike;Thamnophilus bernardi/shumbae
Inirida Antshrike (undescribed form);Thamnophilus [undescribed form]
Black-crowned Antshrike;Thamnophilus atrinucha
Black-hooded Antshrike;Thamnophilus bridgesi
Plain-winged Antshrike;Thamnophilus schistaceus
Mouse-colored Antshrike;Thamnophilus murinus
Plain-winged/Mouse-colored Antshrike;Thamnophilus schistaceus/murinus
Black Antshrike;Thamnophilus nigriceps
Cocha Antshrike;Thamnophilus praecox
Castelnau's Antshrike;Thamnophilus cryptoleucus
Blackish-gray Antshrike;Thamnophilus nigrocinereus
Northern Slaty-Antshrike;Thamnophilus punctatus
Northern Slaty-Antshrike (Guianan);Thamnophilus punctatus punctatus/interpositus
Northern Slaty-Antshrike (Peruvian);Thamnophilus punctatus leucogaster/huallagae
Natterer's Slaty-Antshrike;Thamnophilus stictocephalus
Bolivian Slaty-Antshrike;Thamnophilus sticturus
Planalto Slaty-Antshrike;Thamnophilus pelzelni
Sooretama Slaty-Antshrike;Thamnophilus ambiguus
Variable Antshrike;Thamnophilus caerulescens
Uniform Antshrike;Thamnophilus unicolor
White-shouldered Antshrike;Thamnophilus aethiops
Upland Antshrike;Thamnophilus aroyae
Black-backed Antshrike;Thamnophilus melanonotus
Band-tailed Antshrike;Thamnophilus melanothorax
Amazonian Antshrike;Thamnophilus amazonicus
Streak-backed Antshrike;Thamnophilus insignis
Acre Antshrike;Thamnophilus divisorius
Thamnophilus sp.;Thamnophilus sp.
Star-throated Antwren;Rhopias gularis
Pearly Antshrike;Megastictus margaritatus
Black Bushbird;Neoctantes niger
Recurve-billed Bushbird;Clytoctantes alixii
Rondonia Bushbird;Clytoctantes atrogularis
Russet Antshrike;Thamnistes anabatinus
Russet Antshrike (Tawny);Thamnistes anabatinus [anabatinus Group]
Russet Antshrike (Andean);Thamnistes anabatinus aequatorialis/gularis
Rufescent Antshrike;Thamnistes rufescens
Russet/Rufescent Antshrike;Thamnistes anabatinus/rufescens
antshrike sp.;Thamnophilidae sp. (antshrike sp.)
Spot-breasted Antvireo;Dysithamnus stictothorax
Plain Antvireo;Dysithamnus mentalis
Streak-crowned Antvireo;Dysithamnus striaticeps
Spot-crowned Antvireo;Dysithamnus puncticeps
Rufous-backed Antvireo;Dysithamnus xanthopterus
Bicolored Antvireo;Dysithamnus occidentalis
Plumbeous Antvireo;Dysithamnus plumbeus
White-streaked Antvireo;Dysithamnus leucostictus
White-streaked Antvireo (White-streaked);Dysithamnus leucostictus leucostictus
White-streaked Antvireo (Venezuelan);Dysithamnus leucostictus tucuyensis
antvireo sp.;Dysithamnus sp.
Dusky-throated Antshrike;Thamnomanes ardesiacus
Saturnine Antshrike;Thamnomanes saturninus
Dusky-throated/Saturnine Antshrike;Thamnomanes ardesiacus/saturninus
Cinereous Antshrike;Thamnomanes caesius
Bluish-slate Antshrike;Thamnomanes schistogynus
Cinereous/Bluish-slate Antshrike;Thamnomanes caesius/schistogynus
Spiny-faced Antshrike;Xenornis setifrons
Plain-throated Antwren;Isleria hauxwelli
Rufous-bellied Antwren;Isleria guttata
Spot-winged Antshrike;Pygiptila stellaris
Checker-throated Stipplethroat;Epinecrophylla fulviventris
Brown-bellied Stipplethroat;Epinecrophylla gutturalis
White-eyed Stipplethroat;Epinecrophylla leucophthalma
Rufous-backed Stipplethroat;Epinecrophylla haematonota
Rufous-backed Stipplethroat (Rio Negro);Epinecrophylla haematonota pyrrhonota
Rufous-backed Stipplethroat (Yasuni);Epinecrophylla haematonota fjeldsaai
Rufous-backed Stipplethroat (Rufous-backed);Epinecrophylla haematonota haematonota
Rufous-backed Stipplethroat (Yasuni x Rufous-backed);Epinecrophylla haematonota fjeldsaai x haematonota
Rio Madeira Stipplethroat;Epinecrophylla amazonica
Rio Madeira Stipplethroat (Madeira);Epinecrophylla amazonica amazonica
Rio Madeira Stipplethroat (Roosevelt);Epinecrophylla amazonica dentei
Rufous-backed/Rio Madeira Stipplethroat;Epinecrophylla haematonota/amazonica
Foothill Stipplethroat;Epinecrophylla spodionota
Ornate Stipplethroat;Epinecrophylla ornata
Ornate Stipplethroat (Western);Epinecrophylla ornata [ornata Group]
Ornate Stipplethroat (Plain-backed);Epinecrophylla ornata meridionalis
Ornate Stipplethroat (Eastern);Epinecrophylla ornata hoffmannsi
Rufous-tailed Stipplethroat;Epinecrophylla erythrura
stipplethroat sp.;Epinecrophylla sp.
Pygmy Antwren;Myrmotherula brachyura
Moustached Antwren;Myrmotherula ignota
Moustached Antwren (Moustached);Myrmotherula ignota ignota
Moustached Antwren (Short-billed);Myrmotherula ignota obscura
Yellow-throated Antwren;Myrmotherula ambigua
Sclater's Antwren;Myrmotherula sclateri
Guianan Streaked-Antwren;Myrmotherula surinamensis
Amazonian Streaked-Antwren;Myrmotherula multostriata
Pacific Antwren;Myrmotherula pacifica
Cherrie's Antwren;Myrmotherula cherriei
Klages's Antwren;Myrmotherula klagesi
Stripe-chested Antwren;Myrmotherula longicauda
White-flanked Antwren;Myrmotherula axillaris
White-flanked Antwren (Black-backed);Myrmotherula axillaris melaena/albigula
White-flanked Antwren (Gray-backed);Myrmotherula axillaris [axillaris Group]
White-flanked Antwren (Silvery-flanked);Myrmotherula axillaris luctuosa
Slaty Antwren;Myrmotherula schisticolor
Slaty Antwren (Western);Myrmotherula schisticolor schisticolor
Slaty Antwren (Eastern);Myrmotherula schisticolor sanctaemartae/interior
Rio Suno Antwren;Myrmotherula sunensis
Salvadori's Antwren;Myrmotherula minor
Long-winged Antwren;Myrmotherula longipennis
Long-winged Antwren (Northern);Myrmotherula longipennis longipennis
Long-winged Antwren (Western);Myrmotherula longipennis garbei/zimmeri
Long-winged Antwren (Southern);Myrmotherula longipennis [paraensis Group]
Band-tailed Antwren;Myrmotherula urosticta
Ihering's Antwren;Myrmotherula iheringi
Ihering's Antwren (Purus);Myrmotherula iheringi heteroptera
Ihering's Antwren (Ihering's);Myrmotherula iheringi iheringi
Ihering's Antwren (Bamboo);Myrmotherula iheringi oreni
Rio de Janeiro Antwren;Myrmotherula fluminensis
Ashy Antwren;Myrmotherula grisea
Unicolored Antwren;Myrmotherula unicolor
Alagoas Antwren;Myrmotherula snowi
Plain-winged Antwren;Myrmotherula behni
Plain-winged Antwren (Tepui);Myrmotherula behni [inornata Group]
Plain-winged Antwren (Ecuadorian);Myrmotherula behni behni
Gray Antwren;Myrmotherula menetriesii
Gray Antwren (North Amazonian);Myrmotherula menetriesii cinereiventris/pallida
Gray Antwren (West Amazonian);Myrmotherula menetriesii menetriesii/berlepschi
Gray Antwren (Northeastern);Myrmotherula menetriesii omissa
Leaden Antwren;Myrmotherula assimilis
Myrmotherula sp.;Myrmotherula sp.
Banded Antbird;Dichrozona cincta
Stripe-backed Antbird;Myrmorchilus strigilatus
Bahia Antwren;Herpsilochmus pileatus
Black-capped Antwren;Herpsilochmus atricapillus
Predicted Antwren;Herpsilochmus praedictus
Aripuana Antwren;Herpsilochmus stotzi
Creamy-bellied Antwren;Herpsilochmus motacilloides
Ash-throated Antwren;Herpsilochmus parkeri
Inambari-Tambopata Antwren (undescribed form);Herpsilochmus [undescribed Inambari-Tambopata form]
Loreto Antwren (undescribed form);Herpsilochmus [undescribed Loreto form]
Spot-tailed Antwren;Herpsilochmus sticturus
Dugand's Antwren;Herpsilochmus dugandi
Todd's Antwren;Herpsilochmus stictocephalus
Ancient Antwren;Herpsilochmus gentryi
Spot-backed Antwren;Herpsilochmus dorsimaculatus
Roraiman Antwren;Herpsilochmus roraimae
Pectoral Antwren;Herpsilochmus pectoralis
Large-billed Antwren;Herpsilochmus longirostris
Yellow-breasted Antwren;Herpsilochmus axillaris
Rusty-winged Antwren;Herpsilochmus frater
Rufous-margined Antwren;Herpsilochmus rufimarginatus
Herpsilochmus sp.;Herpsilochmus sp.
Dot-winged Antwren;Microrhopias quixensis
Dot-winged Antwren (Boucard's);Microrhopias quixensis [boucardi Group]
Dot-winged Antwren (microstictus);Microrhopias quixensis microstictus
Dot-winged Antwren (quixensis);Microrhopias quixensis quixensis
Dot-winged Antwren (nigriventris);Microrhopias quixensis nigriventris
Dot-winged Antwren (White-tailed);Microrhopias quixensis albicauda/intercedens
Dot-winged Antwren (bicolor);Microrhopias quixensis bicolor
Dot-winged Antwren (emiliae);Microrhopias quixensis emiliae
Narrow-billed Antwren;Formicivora iheringi
Black-hooded Antwren;Formicivora erythronotos
Northern White-fringed Antwren;Formicivora intermedia
Southern White-fringed Antwren;Formicivora grisea
Northern/Southern White-fringed Antwren;Formicivora intermedia/grisea
Serra Antwren;Formicivora serrana
Serra Antwren (Serra);Formicivora serrana serrana/interposita
Serra Antwren (Restinga);Formicivora serrana littoralis
Black-bellied Antwren;Formicivora melanogaster
Rusty-backed Antwren;Formicivora rufa
Sincora Antwren;Formicivora grantsaui
Marsh Antwren;Formicivora acutirostris
Marsh Antwren (Parana);Formicivora acutirostris acutirostris
Marsh Antwren (Sao Paulo);Formicivora acutirostris paludicola
antwren sp.;Thamnophilidae sp. (antwren sp.)
Ferruginous Antbird;Drymophila ferruginea
Bertoni's Antbird;Drymophila rubricollis
Rufous-tailed Antbird;Drymophila genei
Ochre-rumped Antbird;Drymophila ochropyga
Dusky-tailed Antbird;Drymophila malura
Scaled Antbird;Drymophila squamata
Striated Antbird;Drymophila devillei
Striated Antbird (Western);Drymophila devillei devillei
Striated Antbird (Eastern);Drymophila devillei subochracea
East Andean Antbird;Drymophila caudata
Klages's Antbird;Drymophila klagesi
Santa Marta Antbird;Drymophila hellmayri
Streak-headed Antbird;Drymophila striaticeps
Drymophila sp.;Drymophila sp.
Guianan Warbling-Antbird;Hypocnemis cantator
Imeri Warbling-Antbird;Hypocnemis flavescens
Peruvian Warbling-Antbird;Hypocnemis peruviana
Yellow-breasted Warbling-Antbird;Hypocnemis subflava
Rondonia Warbling-Antbird;Hypocnemis ochrogyna
Spix's Warbling-Antbird;Hypocnemis striata
Rondonia x Spix's Warbling-Antbird (hybrid);Hypocnemis ochrogyna x striata
Manicore Warbling-Antbird;Hypocnemis rondoni
warbling-antbird sp.;Hypocnemis sp. (warbling-antbird sp.)
Yellow-browed Antbird;Hypocnemis hypoxantha
Orange-bellied Antwren;Terenura sicki
Streak-capped Antwren;Terenura maculata
Willis's Antbird;Cercomacroides laeta
Parker's Antbird;Cercomacroides parkeri
Dusky Antbird;Cercomacroides tyrannina
Dusky Antbird (tyrannina/crepera);Cercomacroides tyrannina tyrannina/crepera
Dusky Antbird (saturatior/vicina);Cercomacroides tyrannina saturatior/vicina
Black Antbird;Cercomacroides serva
Blackish Antbird;Cercomacroides nigrescens
Blackish Antbird (Guianan);Cercomacroides nigrescens nigrescens
Blackish Antbird (Andean);Cercomacroides nigrescens notata/aequatorialis
Blackish Antbird (Amazonian);Cercomacroides nigrescens approximans/ochrogyna
Riparian Antbird;Cercomacroides fuscicauda
Blackish/Riparian Antbird;Cercomacroides nigrescens/fuscicauda
Cercomacroides sp.;Cercomacroides sp.
Manu Antbird;Cercomacra manu
Gray Antbird;Cercomacra cinerascens
Gray Antbird (Northern);Cercomacra cinerascens cinerascens/immaculata
Gray Antbird (Southern);Cercomacra cinerascens sclateri/iterata
Rio de Janeiro Antbird;Cercomacra brasiliana
Mato Grosso Antbird;Cercomacra melanaria
Bananal Antbird;Cercomacra ferdinandi
Jet Antbird;Cercomacra nigricans
Rio Branco Antbird;Cercomacra carbonaria
Western Fire-eye;Pyriglena maura
Western Fire-eye (Pacific);Pyriglena maura pacifica
Western Fire-eye (Black-bellied);Pyriglena maura castanoptera
Western Fire-eye (Black-headed);Pyriglena maura picea
Western Fire-eye (maura Group);Pyriglena maura [maura Group]
Tapajos Fire-eye;Pyriglena similis
East Amazonian Fire-eye;Pyriglena leuconota
Fringe-backed Fire-eye;Pyriglena atra
White-shouldered Fire-eye;Pyriglena leucoptera
Slender Antbird;Rhopornis ardesiacus
White-browed Antbird;Myrmoborus leucophrys
Ash-breasted Antbird;Myrmoborus lugubris
Black-faced Antbird;Myrmoborus myotherinus
Black-tailed Antbird;Myrmoborus melanurus
White-lined Antbird;Myrmoborus lophotes
Black-chinned Antbird;Hypocnemoides melanopogon
Band-tailed Antbird;Hypocnemoides maculicauda
Black-and-white Antbird;Myrmochanes hemileucus
Bare-crowned Antbird;Gymnocichla nudiceps
Silvered Antbird;Sclateria naevia
Silvered Antbird (Eastern);Sclateria naevia [naevia Group]
Silvered Antbird (Western);Sclateria naevia argentata
Black-headed Antbird;Percnostola rufifrons
Black-headed Antbird (Amazonas);Percnostola rufifrons minor/jensoni
Black-headed Antbird (Hellmayr's);Percnostola rufifrons rufifrons/subcristata
Allpahuayo Antbird;Percnostola arenarum
Slate-colored Antbird;Myrmelastes schistaceus
Roraiman Antbird;Myrmelastes saturatus
Plumbeous Antbird;Myrmelastes hyperythrus
Spot-winged Antbird;Myrmelastes leucostigma
Humaita Antbird;Myrmelastes humaythae
Brownish-headed Antbird;Myrmelastes brunneiceps
Rufous-faced Antbird;Myrmelastes rufifacies
Caura Antbird;Myrmelastes caurensis
Myrmelastes sp.;Myrmelastes sp.
White-bellied Antbird;Myrmeciza longipes
Chestnut-backed Antbird;Poliocrania exsul
Chestnut-backed Antbird (Chestnut-backed);Poliocrania exsul [exsul Group]
Chestnut-backed Antbird (Short-tailed);Poliocrania exsul maculifer/cassini
Gray-headed Antbird;Ampelornis griseiceps
Dull-mantled Antbird;Sipia laemosticta
Magdalena Antbird;Sipia palliata
Esmeraldas Antbird;Sipia nigricauda
Stub-tailed Antbird;Sipia berlepschi
Chestnut-tailed Antbird;Sciaphylax hemimelaena
Chestnut-tailed Antbird (hemimelaena);Sciaphylax hemimelaena hemimelaena
Chestnut-tailed Antbird (pallens);Sciaphylax hemimelaena pallens
Aripuana Antbird (undescribed form);Sciaphylax [undescribed form]
Zimmer's Antbird;Sciaphylax castanea
Chestnut-tailed/Zimmer's Antbird;Sciaphylax hemimelaena/castanea
Ferruginous-backed Antbird;Myrmoderus ferrugineus
Cordillera Azul Antbird;Myrmoderus eowilsoni
Scalloped Antbird;Myrmoderus ruficauda
White-bibbed Antbird;Myrmoderus loricatus
Squamate Antbird;Myrmoderus squamosus
White-shouldered Antbird;Akletos melanoceps
Goeldi's Antbird;Akletos goeldii
Sooty Antbird;Hafferia fortis
Zeledon's Antbird;Hafferia zeledoni
Zeledon's Antbird (Zeledon's);Hafferia zeledoni zeledoni
Zeledon's Antbird (Choco);Hafferia zeledoni berlepschi
Blue-lored Antbird;Hafferia immaculata
Blue-lored Antbird (Andean);Hafferia immaculata immaculata
Blue-lored Antbird (Concepcion);Hafferia immaculata concepcion
Yapacana Antbird;Aprositornis disjuncta
Black-throated Antbird;Myrmophylax atrothorax
Gray-bellied Antbird;Ammonastes pelzelni
Wing-banded Antbird;Myrmornis torquata
Wing-banded Antbird (Buff-banded);Myrmornis torquata stictoptera
Wing-banded Antbird (Wing-banded);Myrmornis torquata torquata
White-plumed Antbird;Pithys albifrons
White-masked Antbird;Pithys castaneus
Bicolored Antbird;Gymnopithys bicolor
White-cheeked Antbird;Gymnopithys leucaspis
Rufous-throated Antbird;Gymnopithys rufigula
White-throated Antbird;Oneillornis salvini
Lunulated Antbird;Oneillornis lunulatus
Bare-eyed Antbird;Rhegmatorhina gymnops
Harlequin Antbird;Rhegmatorhina berlepschi
White-breasted Antbird;Rhegmatorhina hoffmannsi
Bare-eyed x White-breasted Antbird (hybrid);Rhegmatorhina gymnops x hoffmannsi
Harlequin x White-breasted Antbird (hybrid);Rhegmatorhina berlepschi x hoffmannsi
Chestnut-crested Antbird;Rhegmatorhina cristata
Hairy-crested Antbird;Rhegmatorhina melanosticta
Hairy-crested Antbird (Gray-crested);Rhegmatorhina melanosticta melanosticta
Hairy-crested Antbird (Rufous-crested);Rhegmatorhina melanosticta purusiana/brunneiceps
Spotted Antbird;Hylophylax naevioides
Spot-backed Antbird;Hylophylax naevius
Dot-backed Antbird;Hylophylax punctulatus
Common Scale-backed Antbird;Willisornis poecilinotus
Common Scale-backed Antbird (Common Scale-backed);Willisornis poecilinotus poecilinotus
Common Scale-backed Antbird (Buff-breasted);Willisornis poecilinotus lepidonota/duidae
Common Scale-backed Antbird (Black-bibbed);Willisornis poecilinotus gutturalis
Common Scale-backed Antbird (Gray-breasted);Willisornis poecilinotus griseiventris
Xingu Scale-backed Antbird;Willisornis vidua
Xingu Scale-backed Antbird (Tapajos);Willisornis vidua nigrigula
Xingu Scale-backed Antbird (Xingu);Willisornis vidua vidua
Common x Xingu Scale-backed Antbird (hybrid);Willisornis poecilinotus x vidua
antbird sp.;Thamnophilidae sp. (antbird sp.)
Black-spotted Bare-eye;Phlegopsis nigromaculata
Reddish-winged Bare-eye;Phlegopsis erythroptera
Pale-faced Bare-eye;Phlegopsis borbae
Ocellated Antbird;Phaenostictus mcleannani
Collared Crescentchest;Melanopareia torquata
Collared Crescentchest (Double-collared);Melanopareia torquata bitorquata
Collared Crescentchest (Collared);Melanopareia torquata torquata/rufescens
Olive-crowned Crescentchest;Melanopareia maximiliani
Olive-crowned Crescentchest (Sierran);Melanopareia maximiliani maximiliani/argentina
Olive-crowned Crescentchest (Chaco);Melanopareia maximiliani pallida
Marañon Crescentchest;Melanopareia maranonica
Elegant Crescentchest;Melanopareia elegans
Black-crowned Antpitta;Pittasoma michleri
Rufous-crowned Antpitta;Pittasoma rufopileatum
Black-bellied Gnateater;Conopophaga melanogaster
Black-cheeked Gnateater;Conopophaga melanops
Chestnut-belted Gnateater;Conopophaga aurita
Black-breasted Gnateater;Conopophaga snethlageae
Ash-throated Gnateater;Conopophaga peruviana
Ceara Gnateater;Conopophaga cearae
Hooded Gnateater;Conopophaga roberti
Rufous Gnateater;Conopophaga lineata
Chestnut-crowned Gnateater;Conopophaga castaneiceps
Slaty Gnateater;Conopophaga ardesiaca
Undulated Antpitta;Grallaria squamigera
Giant Antpitta;Grallaria gigantea
Giant Antpitta (Western);Grallaria gigantea hylodroma
Giant Antpitta (Eastern);Grallaria gigantea gigantea/lehmanni
Great Antpitta;Grallaria excelsa
Variegated Antpitta;Grallaria varia
Variegated Antpitta (Amazonian);Grallaria varia [varia Group]
Variegated Antpitta (Atlantic);Grallaria varia imperator/intercedens
Moustached Antpitta;Grallaria alleni
Scaled Antpitta;Grallaria guatimalensis
Scaled Antpitta (guatimalensis Group);Grallaria guatimalensis [guatimalensis Group]
Scaled Antpitta (princeps/chocoensis);Grallaria guatimalensis princeps/chocoensis
Scaled Antpitta (aripoensis);Grallaria guatimalensis aripoensis
Scaled Antpitta (roraimae);Grallaria guatimalensis roraimae
Scaled Antpitta (regulus/carmelitae);Grallaria guatimalensis regulus/carmelitae
Scaled Antpitta (sororia);Grallaria guatimalensis sororia
Tachira Antpitta;Grallaria chthonia
Plain-backed Antpitta;Grallaria haplonota
Ochre-striped Antpitta;Grallaria dignissima
Elusive Antpitta;Grallaria eludens
Chestnut-crowned Antpitta;Grallaria ruficapilla
Watkins's Antpitta;Grallaria watkinsi
Santa Marta Antpitta;Grallaria bangsi
Cundinamarca Antpitta;Grallaria kaestneri
Stripe-headed Antpitta;Grallaria andicolus
Gray-naped Antpitta;Grallaria griseonucha
Jocotoco Antpitta;Grallaria ridgelyi
Chestnut-naped Antpitta;Grallaria nuchalis
Pale-billed Antpitta;Grallaria carrikeri
White-throated Antpitta;Grallaria albigula
Yellow-breasted Antpitta;Grallaria flavotincta
White-bellied Antpitta;Grallaria hypoleuca
Rusty-tinged Antpitta;Grallaria przewalskii
Bay Antpitta;Grallaria capitalis
Red-and-white Antpitta;Grallaria erythroleuca
Sierra Nevada Antpitta;Grallaria spatiator
Perija Antpitta;Grallaria saltuensis
Bicolored Antpitta;Grallaria rufocinerea
Muisca Antpitta;Grallaria rufula
Oxapampa Antpitta;Grallaria centralis
Ayacucho Antpitta;Grallaria ayacuchensis
Urubamba Antpitta;Grallaria occabambae
Puno Antpitta;Grallaria sinaensis
Bolivian Antpitta;Grallaria cochabambae
Chami Antpitta;Grallaria alvarezi
Equatorial Antpitta;Grallaria saturata
Muisca/Equatorial Antpitta;Grallaria rufula/saturata
Cajamarca Antpitta;Grallaria cajamarcae
Chestnut Antpitta;Grallaria blakei
Chachapoyas Antpitta;Grallaria gravesi
Panao Antpitta;Grallaria oneilli
Junin Antpitta;Grallaria obscura
antpitta sp. (Rufous/Chestnut Antpitta complex);Grallaria sp. (rufula/blakei complex)
Boyaca Antpitta;Grallaria alticola
Tawny Antpitta;Grallaria quitensis
Paisa Antpitta (undescribed form);Grallaria [undescribed form]
Atuen Antpitta;Grallaria atuensis
Urrao Antpitta;Grallaria urraoensis
Brown-banded Antpitta;Grallaria milleri
Rufous-faced Antpitta;Grallaria erythrotis
Grallaria sp.;Grallaria sp.
Speckle-breasted Antpitta;Cryptopezus nattereri
Streak-chested Antpitta;Hylopezus perspicillatus
Streak-chested Antpitta (Atlantic Slope);Hylopezus perspicillatus intermedius
Streak-chested Antpitta (Pacific Slope);Hylopezus perspicillatus lizanoi
Streak-chested Antpitta (Eastern Panama);Hylopezus perspicillatus perspicillatus
Streak-chested Antpitta (Baudo);Hylopezus perspicillatus periophthalmicus
Streak-chested Antpitta (Colombian Valleys);Hylopezus perspicillatus pallidior
Spotted Antpitta;Hylopezus macularius
Spotted Antpitta (Spotted);Hylopezus macularius macularius
Spotted Antpitta (Zimmer's);Hylopezus macularius dilutus
Snethlage's Antpitta;Hylopezus paraensis
Alta Floresta Antpitta;Hylopezus whittakeri
Masked Antpitta;Hylopezus auricularis
White-browed Antpitta;Hylopezus ochroleucus
White-lored Antpitta;Myrmothera fulviventris
Amazonian Antpitta;Myrmothera berlepschi
Thicket Antpitta;Myrmothera dives
Thrush-like Antpitta;Myrmothera campanisona
Tapajos Antpitta;Myrmothera subcanescens
Tepui Antpitta;Myrmothera simplex
Thrush-like/Tepui Antpitta;Myrmothera campanisona/simplex
Ochre-breasted Antpitta;Grallaricula flavirostris
Scallop-breasted Antpitta;Grallaricula loricata
Hooded Antpitta;Grallaricula cucullata
Cali Antpitta (undescribed form);Grallaricula [undescribed Cali form]
Peruvian Antpitta;Grallaricula peruviana
Ochre-fronted Antpitta;Grallaricula ochraceifrons
Rusty-breasted Antpitta;Grallaricula ferrugineipectus
Rusty-breasted Antpitta (rara);Grallaricula ferrugineipectus rara
Rusty-breasted Antpitta (Rusty-breasted);Grallaricula ferrugineipectus ferrugineipectus
Leymebamba Antpitta;Grallaricula leymebambae
Slate-crowned Antpitta;Grallaricula nana
Slate-crowned Antpitta (Slate-crowned);Grallaricula nana [nana Group]
Slate-crowned Antpitta (Guianan);Grallaricula nana kukenamensis
Sucre Antpitta;Grallaricula cumanensis
Crescent-faced Antpitta;Grallaricula lineifrons
Chestnut-throated Huet-huet;Pteroptochos castaneus
Black-throated Huet-huet;Pteroptochos tarnii
Moustached Turca;Pteroptochos megapodius
White-throated Tapaculo;Scelorchilus albicollis
Chucao Tapaculo;Scelorchilus rubecula
Rusty-belted Tapaculo;Liosceles thoracicus
Ocellated Tapaculo;Acropternis orthonyx
Crested Gallito;Rhinocrypta lanceolata
Sandy Gallito;Teledromas fuscus
Spotted Bamboowren;Psilorhamphus guttatus
Slaty Bristlefront;Merulaxis ater
Stresemann's Bristlefront;Merulaxis stresemanni
Ochre-flanked Tapaculo;Eugralla paradoxa
Ash-colored Tapaculo;Myornis senilis
White-breasted Tapaculo;Eleoscytalopus indigoticus
Bahia Tapaculo;Eleoscytalopus psychopompus
Marsh Tapaculo;Scytalopus iraiensis
Diamantina Tapaculo;Scytalopus diamantinensis
Brasilia Tapaculo;Scytalopus novacapitalis
Rock Tapaculo;Scytalopus petrophilus
Planalto Tapaculo;Scytalopus pachecoi
Boa Nova Tapaculo;Scytalopus gonzagai
Mouse-colored Tapaculo;Scytalopus speluncae
Dusky Tapaculo;Scytalopus fuscus
Magellanic Tapaculo;Scytalopus magellanicus
Ancash Tapaculo;Scytalopus affinis
White-winged Tapaculo;Scytalopus krabbei
Loja Tapaculo;Scytalopus androstictus
Paramo Tapaculo;Scytalopus opacus
Paramillo Tapaculo;Scytalopus canus
White-browed Tapaculo;Scytalopus superciliaris
Zimmer's Tapaculo;Scytalopus zimmeri
Puna Tapaculo;Scytalopus simonsi
Diademed Tapaculo;Scytalopus schulenbergi
Vilcabamba Tapaculo;Scytalopus urubambae
Ampay Tapaculo;Scytalopus whitneyi
Ampay Tapaculo (Apurimac);Scytalopus whitneyi [Apurimac form]
Ampay Tapaculo (Ayacucho);Scytalopus whitneyi [undescribed Ayacucho form]
Jalca Tapaculo;Scytalopus frankeae
Neblina Tapaculo;Scytalopus altirostris
Trilling Tapaculo;Scytalopus parvirostris
Bolivian Tapaculo;Scytalopus bolivianus
White-crowned Tapaculo;Scytalopus atratus
Santa Marta Tapaculo;Scytalopus sanctaemartae
Long-tailed Tapaculo;Scytalopus micropterus
Rufous-vented Tapaculo;Scytalopus femoralis
Utcubamba Tapaculo;Scytalopus intermedius
Large-footed Tapaculo;Scytalopus macropus
Junin Tapaculo;Scytalopus gettyae
Unicolored Tapaculo;Scytalopus unicolor
Tschudi's Tapaculo;Scytalopus acutirostris
Blackish Tapaculo;Scytalopus latrans
Blackish Tapaculo (Blackish);Scytalopus latrans latrans
Blackish Tapaculo (Pacific);Scytalopus latrans subcinereus
Lambayeque Tapaculo (undescribed form);Scytalopus [undescribed Lambayeque form]
Silvery-fronted Tapaculo;Scytalopus argentifrons
Silvery-fronted Tapaculo (Silvery-fronted);Scytalopus argentifrons argentifrons
Silvery-fronted Tapaculo (Chiriqui);Scytalopus argentifrons chiriquensis
Nariño Tapaculo;Scytalopus vicinior
Tacarcuna Tapaculo;Scytalopus panamensis
Choco Tapaculo;Scytalopus chocoensis
Magdalena Tapaculo;Scytalopus rodriguezi
Magdalena Tapaculo (Yariguies);Scytalopus rodriguezi yariguiorum
Magdalena Tapaculo (Upper Magdalena);Scytalopus rodriguezi rodriguezi
Stiles's Tapaculo;Scytalopus stilesi
Tatama Tapaculo;Scytalopus alvarezlopezi
Ecuadorian Tapaculo;Scytalopus robbinsi
Caracas Tapaculo;Scytalopus caracae
Turimiquire Tapaculo (undescribed form);Scytalopus [undescribed Turimiquire form]
Pale-bellied Tapaculo;Scytalopus griseicollis
Brown-rumped Tapaculo;Scytalopus latebricola
Perija Tapaculo;Scytalopus perijanus
Merida Tapaculo;Scytalopus meridanus
Merida Tapaculo (Merida);Scytalopus meridanus meridanus
Merida Tapaculo (Lara);Scytalopus meridanus fuscicauda
Chusquea Tapaculo;Scytalopus parkeri
Spillmann's Tapaculo;Scytalopus spillmanni
Scytalopus sp.;Scytalopus sp.
tapaculo sp.;Rhinocryptidae sp.
Rufous-capped Antthrush;Formicarius colma
Rufous-capped Antthrush (Rufous-capped);Formicarius colma [colma Group]
Rufous-capped Antthrush (Rufous-fronted);Formicarius colma ruficeps
Mayan Antthrush;Formicarius moniliger
Black-faced Antthrush;Formicarius analis
Black-faced Antthrush (Central American);Formicarius analis [hoffmanni Group]
Black-faced Antthrush (Black-faced);Formicarius analis [analis Group]
Rufous-fronted Antthrush;Formicarius rufifrons
Black-capped Antthrush;Formicarius nigricapillus
Black-hooded Antthrush;Formicarius destructus
Rufous-breasted Antthrush;Formicarius rufipectus
Rufous-breasted Antthrush (Rufous-breasted);Formicarius rufipectus [rufipectus Group]
Rufous-breasted Antthrush (Southern);Formicarius rufipectus thoracicus
Formicarius sp.;Formicarius sp.
Short-tailed Antthrush;Chamaeza campanisona
Short-tailed Antthrush (Tepui);Chamaeza campanisona [fulvescens Group]
Short-tailed Antthrush (North Andean);Chamaeza campanisona [columbiana Group]
Short-tailed Antthrush (South Andean);Chamaeza campanisona [olivacea Group]
Short-tailed Antthrush (Atlantic);Chamaeza campanisona campanisona/tshororo
Striated Antthrush;Chamaeza nobilis
Striated Antthrush (Striated);Chamaeza nobilis nobilis/rubida
Striated Antthrush (Ochre-breasted);Chamaeza nobilis fulvipectus
Such's Antthrush;Chamaeza meruloides
Schwartz's Antthrush;Chamaeza turdina
Rufous-tailed Antthrush;Chamaeza ruficauda
Barred Antthrush;Chamaeza mollissima
Barred Antthrush (Barred);Chamaeza mollissima mollissima
Barred Antthrush (Yungas);Chamaeza mollissima yungae
Chamaeza sp.;Chamaeza sp.
antthrush sp.;Formicarius/Chamaeza sp.
Middle American Leaftosser;Sclerurus mexicanus
Middle American Leaftosser (Mexican);Sclerurus mexicanus mexicanus
Middle American Leaftosser (Costa Rican);Sclerurus mexicanus pullus
South American Leaftosser;Sclerurus obscurior
South American Leaftosser (Andean);Sclerurus obscurior andinus
South American Leaftosser (Dusky);Sclerurus obscurior obscurior
South American Leaftosser (Amazonian);Sclerurus obscurior peruvianus
South American Leaftosser (Guianan);Sclerurus obscurior macconnelli
South American Leaftosser (Atlantic);Sclerurus obscurior bahiae
Middle American/South American Leaftosser;Sclerurus mexicanus/obscurior
Short-billed Leaftosser;Sclerurus rufigularis
Scaly-throated Leaftosser;Sclerurus guatemalensis
Black-tailed Leaftosser;Sclerurus caudacutus
Gray-throated Leaftosser;Sclerurus albigularis
Gray-throated Leaftosser (Central American);Sclerurus albigularis canigularis
Gray-throated Leaftosser (South American);Sclerurus albigularis [albigularis Group]
Rufous-breasted Leaftosser;Sclerurus scansor
Rufous-breasted Leaftosser (Ceara);Sclerurus scansor cearensis
Rufous-breasted Leaftosser (Rufous-breasted);Sclerurus scansor scansor
leaftosser sp.;Sclerurus sp.
Coastal Miner;Geositta peruviana
Slender-billed Miner;Geositta tenuirostris
Common Miner;Geositta cunicularia
Common Miner (Altiplano);Geositta cunicularia [frobeni Group]
Common Miner (georgei);Geositta cunicularia georgei
Common Miner (Coastal Desert);Geositta cunicularia deserticolor
Common Miner (Central Chile);Geositta cunicularia fissirostris
Common Miner (Patagonian);Geositta cunicularia [cunicularia Group]
Puna Miner;Geositta punensis
Common/Puna Miner;Geositta cunicularia/punensis
Campo Miner;Geositta poeciloptera
Thick-billed Miner;Geositta crassirostris
Rufous-banded Miner;Geositta rufipennis
Grayish Miner;Geositta maritima
Short-billed Miner;Geositta antarctica
Dark-winged Miner;Geositta saxicolina
Creamy-rumped Miner;Geositta isabellina
miner sp. (Geositta sp.);Geositta sp.
Spot-throated Woodcreeper;Certhiasomus stictolaemus
Olivaceous Woodcreeper;Sittasomus griseicapillus
Olivaceous Woodcreeper (Grayish);Sittasomus griseicapillus [griseus Group]
Olivaceous Woodcreeper (Pacific);Sittasomus griseicapillus aequatorialis
Olivaceous Woodcreeper (Amazonian);Sittasomus griseicapillus [griseicapillus Group]
Olivaceous Woodcreeper (Reiser's);Sittasomus griseicapillus reiseri
Olivaceous Woodcreeper (Olivaceous);Sittasomus griseicapillus sylviellus/olivaceus
Piping Long-tailed Woodcreeper;Deconychura typica
Whistling Long-tailed Woodcreeper;Deconychura longicauda
Mournful Long-tailed Woodcreeper;Deconychura pallida
Yungas Long-tailed Woodcreeper (undescribed form);Deconychura [undescribed form]
Tyrannine Woodcreeper;Dendrocincla tyrannina
White-chinned Woodcreeper;Dendrocincla merula
White-chinned Woodcreeper (Northern);Dendrocincla merula merula/obidensis
White-chinned Woodcreeper (Southern);Dendrocincla merula [castanoptera Group]
Ruddy Woodcreeper;Dendrocincla homochroa
Tawny-winged Woodcreeper;Dendrocincla anabatina
Plain-brown Woodcreeper;Dendrocincla fuliginosa
Plain-brown Woodcreeper (Plain-brown);Dendrocincla fuliginosa [meruloides Group]
Plain-brown Woodcreeper (Line-throated);Dendrocincla fuliginosa fuliginosa/rufoolivacea
Plain-brown Woodcreeper (atrirostris/trumaii);Dendrocincla fuliginosa atrirostris/trumaii
Plain-winged Woodcreeper;Dendrocincla turdina
Plain-winged Woodcreeper (Pernambuco);Dendrocincla turdina taunayi
Plain-winged Woodcreeper (Plain-winged);Dendrocincla turdina turdina
Dendrocincla sp.;Dendrocincla sp.
Wedge-billed Woodcreeper;Glyphorynchus spirurus
Wedge-billed Woodcreeper (pectoralis Group);Glyphorynchus spirurus [pectoralis Group]
Wedge-billed Woodcreeper (spirurus Group);Glyphorynchus spirurus [spirurus Group]
Wedge-billed Woodcreeper (albigularis);Glyphorynchus spirurus albigularis
Wedge-billed Woodcreeper (cuneatus Group);Glyphorynchus spirurus [cuneatus Group]
Cinnamon-throated Woodcreeper;Dendrexetastes rufigula
Cinnamon-throated Woodcreeper (devillei);Dendrexetastes rufigula devillei
Cinnamon-throated Woodcreeper (rufigula);Dendrexetastes rufigula rufigula
Cinnamon-throated Woodcreeper (paraensis/moniliger);Dendrexetastes rufigula paraensis/moniliger
Long-billed Woodcreeper;Nasica longirostris
Northern Barred-Woodcreeper;Dendrocolaptes sanctithomae
Northern Barred-Woodcreeper (Western);Dendrocolaptes sanctithomae [sanctithomae Group]
Northern Barred-Woodcreeper (Eastern);Dendrocolaptes sanctithomae punctipectus
Amazonian Barred-Woodcreeper;Dendrocolaptes certhia
Amazonian Barred-Woodcreeper (Napo);Dendrocolaptes certhia radiolatus
Amazonian Barred-Woodcreeper (Amazonian);Dendrocolaptes certhia certhia
Amazonian Barred-Woodcreeper (Jurua);Dendrocolaptes certhia juruanus/polyzonus
Amazonian Barred-Woodcreeper (Plain-colored);Dendrocolaptes certhia concolor
Amazonian Barred-Woodcreeper (Ridgway's);Dendrocolaptes certhia ridgwayi
Amazonian Barred-Woodcreeper (Xingu);Dendrocolaptes certhia retentus
Amazonian Barred-Woodcreeper (Todd's);Dendrocolaptes certhia medius
Black-banded Woodcreeper;Dendrocolaptes picumnus
Black-banded Woodcreeper (Mexican);Dendrocolaptes picumnus puncticollis
Black-banded Woodcreeper (Costa Rican);Dendrocolaptes picumnus costaricensis
Black-banded Woodcreeper (Caribbean);Dendrocolaptes picumnus seilerni
Black-banded Woodcreeper (Andean);Dendrocolaptes picumnus multistrigatus
Black-banded Woodcreeper (Amazonian);Dendrocolaptes picumnus picumnus/validus
Black-banded Woodcreeper (Tapajos);Dendrocolaptes picumnus transfasciatus
Black-banded Woodcreeper (Bolivian);Dendrocolaptes picumnus olivaceus
Black-banded Woodcreeper (Southern);Dendrocolaptes picumnus pallescens/casaresi
Hoffmanns's Woodcreeper;Dendrocolaptes hoffmannsi
Planalto Woodcreeper;Dendrocolaptes platyrostris
Dendrocolaptes sp.;Dendrocolaptes sp.
Bar-bellied Woodcreeper;Hylexetastes stresemanni
Red-billed Woodcreeper;Hylexetastes perrotii
Uniform Woodcreeper;Hylexetastes uniformis
Uniform Woodcreeper (Uniform);Hylexetastes uniformis uniformis
Uniform Woodcreeper (Brigida's);Hylexetastes uniformis brigidai
Strong-billed Woodcreeper;Xiphocolaptes promeropirhynchus
Strong-billed Woodcreeper (Central American);Xiphocolaptes promeropirhynchus [emigrans Group]
Strong-billed Woodcreeper (Andean/Northern);Xiphocolaptes promeropirhynchus [promeropirhynchus Group]
Strong-billed Woodcreeper (Amazonian);Xiphocolaptes promeropirhynchus [orenocensis Group]
Strong-billed Woodcreeper (Carajas);Xiphocolaptes promeropirhynchus carajaensis
Moustached Woodcreeper;Xiphocolaptes falcirostris
White-throated Woodcreeper;Xiphocolaptes albicollis
Great Rufous Woodcreeper;Xiphocolaptes major
Striped Woodcreeper;Xiphorhynchus obsoletus
Ceara Woodcreeper;Xiphorhynchus atlanticus
Lesser Woodcreeper;Xiphorhynchus fuscus
Chestnut-rumped Woodcreeper;Xiphorhynchus pardalotus
Ocellated Woodcreeper;Xiphorhynchus ocellatus
Ocellated Woodcreeper (Tschudi's);Xiphorhynchus ocellatus [chunchotambo Group]
Ocellated Woodcreeper (Line-crowned);Xiphorhynchus ocellatus beauperthuysii/lineatocapilla
Ocellated Woodcreeper (Ocellated);Xiphorhynchus ocellatus ocellatus/perplexus
Elegant Woodcreeper;Xiphorhynchus elegans
Spix's Woodcreeper;Xiphorhynchus spixii
Cocoa Woodcreeper;Xiphorhynchus susurrans
Cocoa Woodcreeper (Lawrence's);Xiphorhynchus susurrans [nana Group]
Cocoa Woodcreeper (Cocoa);Xiphorhynchus susurrans [susurrans Group]
Buff-throated Woodcreeper;Xiphorhynchus guttatus
Buff-throated Woodcreeper (Buff-throated);Xiphorhynchus guttatus [guttatus Group]
Buff-throated Woodcreeper (Lafresnaye's);Xiphorhynchus guttatus guttatoides/dorbignyanus
Buff-throated Woodcreeper (Dusky-billed);Xiphorhynchus guttatus [eytoni Group]
Ivory-billed Woodcreeper;Xiphorhynchus flavigaster
Black-striped Woodcreeper;Xiphorhynchus lachrymosus
Spotted Woodcreeper;Xiphorhynchus erythropygius
Spotted Woodcreeper (Spotted);Xiphorhynchus erythropygius erythropygius/parvus
Spotted Woodcreeper (Berlepsch's);Xiphorhynchus erythropygius [aequatorialis Group]
Olive-backed Woodcreeper;Xiphorhynchus triangularis
Xiphorhynchus sp.;Xiphorhynchus sp.
Straight-billed Woodcreeper;Dendroplex picus
Zimmer's Woodcreeper;Dendroplex kienerii
Straight-billed/Zimmer's Woodcreeper;Dendroplex picus/kienerii
Red-billed Scythebill;Campylorhamphus trochilirostris
Red-billed Scythebill (Northern);Campylorhamphus trochilirostris venezuelensis/brevipennis
Red-billed Scythebill (Trans-Andean);Campylorhamphus trochilirostris thoracicus/zarumillanus
Red-billed Scythebill (Amazonian);Campylorhamphus trochilirostris [trochilirostris Group]
Black-billed Scythebill;Campylorhamphus falcularius
Curve-billed Scythebill;Campylorhamphus procurvoides
Curve-billed Scythebill (Zimmer's);Campylorhamphus procurvoides sanus
Curve-billed Scythebill (Curve-billed);Campylorhamphus procurvoides procurvoides
Curve-billed Scythebill (Tupana);Campylorhamphus procurvoides gyldenstolpei
Tapajos Scythebill;Campylorhamphus probatus
Tapajos Scythebill (Rondonia);Campylorhamphus probatus probatus
Tapajos Scythebill (Tapajos);Campylorhamphus probatus cardosoi
Xingu Scythebill;Campylorhamphus multostriatus
Brown-billed Scythebill;Campylorhamphus pusillus
scythebill sp.;Campylorhamphus sp.
Greater Scythebill;Drymotoxeres pucheranii
Scimitar-billed Woodcreeper;Drymornis bridgesii
Streak-headed Woodcreeper;Lepidocolaptes souleyetii
Narrow-billed Woodcreeper;Lepidocolaptes angustirostris
White-striped Woodcreeper;Lepidocolaptes leucogaster
Spot-crowned Woodcreeper;Lepidocolaptes affinis
Spot-crowned Woodcreeper (Northern);Lepidocolaptes affinis affinis/lignicida
Spot-crowned Woodcreeper (Southern);Lepidocolaptes affinis neglectus
Montane Woodcreeper;Lepidocolaptes lacrymiger
Scaled Woodcreeper;Lepidocolaptes squamatus
Scaled Woodcreeper (Wagler's);Lepidocolaptes squamatus wagleri
Scaled Woodcreeper (Scaled);Lepidocolaptes squamatus squamatus
Scalloped Woodcreeper;Lepidocolaptes falcinellus
Duida Woodcreeper;Lepidocolaptes duidae
Guianan Woodcreeper;Lepidocolaptes albolineatus
Inambari Woodcreeper;Lepidocolaptes fatimalimae
Duida/Inambari Woodcreeper;Lepidocolaptes duidae/fatimalimae
Dusky-capped Woodcreeper;Lepidocolaptes fuscicapillus
Dusky-capped Woodcreeper (Rondonia);Lepidocolaptes fuscicapillus fuscicapillus
Dusky-capped Woodcreeper (Layard's);Lepidocolaptes fuscicapillus layardi
Lepidocolaptes sp.;Lepidocolaptes sp.
woodcreeper sp.;Dendrocolaptinae sp.
Slender-billed Xenops;Xenops tenuirostris
Northern Plain-Xenops;Xenops mexicanus
Amazonian Plain-Xenops;Xenops genibarbis
Atlantic Plain-Xenops;Xenops minutus
Streaked Xenops;Xenops rutilans
Slender-billed/Streaked Xenops;Xenops tenuirostris/rutilans
xenops sp.;Xenops sp.
Point-tailed Palmcreeper;Berlepschia rikeri
Rufous-tailed Xenops;Microxenops milleri
White-throated Treerunner;Pygarrhichas albogularis
Rock Earthcreeper;Ochetorhynchus andaecola
Straight-billed Earthcreeper;Ochetorhynchus ruficaudus
Band-tailed Earthcreeper;Ochetorhynchus phoenicurus
Crag Chilia;Ochetorhynchus melanurus
Buffy Tuftedcheek;Pseudocolaptes lawrencii
Pacific Tuftedcheek;Pseudocolaptes johnsoni
Streaked Tuftedcheek;Pseudocolaptes boissonneautii
Rusty-winged Barbtail;Premnornis guttuliger
Bolivian Earthcreeper;Tarphonomus harterti
Chaco Earthcreeper;Tarphonomus certhioides
Wing-banded Hornero;Furnarius figulus
Pacific Hornero;Furnarius cinnamomeus
Caribbean Hornero;Furnarius longirostris
Pale-legged Hornero;Furnarius leucopus
Pale-billed Hornero;Furnarius torridus
Lesser Hornero;Furnarius minor
Rufous Hornero;Furnarius rufus
Crested Hornero;Furnarius cristatus
hornero sp.;Furnarius sp.
Sharp-tailed Streamcreeper;Lochmias nematura
Wren-like Rushbird;Phleocryptes melanops
Curve-billed Reedhaunter;Limnornis curvirostris
Striated Earthcreeper;Geocerthia serrana
Patagonian Forest Earthcreeper;Upucerthia saturatior
Scale-throated Earthcreeper;Upucerthia dumetaria
Patagonian Forest/Scale-throated Earthcreeper;Upucerthia saturatior/dumetaria
White-throated Earthcreeper;Upucerthia albigula
Buff-breasted Earthcreeper;Upucerthia validirostris
Buff-breasted Earthcreeper (Plain-breasted);Upucerthia validirostris jelskii/saturata
Buff-breasted Earthcreeper (Buff-breasted);Upucerthia validirostris validirostris
Upucerthia sp.;Upucerthia sp.
Long-tailed Cinclodes;Cinclodes pabsti
Long-tailed Cinclodes (Cipo);Cinclodes pabsti espinhacensis
Long-tailed Cinclodes (Long-tailed);Cinclodes pabsti pabsti
Buff-winged Cinclodes;Cinclodes fuscus
Blackish Cinclodes;Cinclodes antarcticus
Blackish Cinclodes (Black);Cinclodes antarcticus maculirostris
Blackish Cinclodes (Blackish);Cinclodes antarcticus antarcticus
Cordoba Cinclodes;Cinclodes comechingonus
Chestnut-winged Cinclodes;Cinclodes albidiventris
Olrog's Cinclodes;Cinclodes olrogi
Cream-winged Cinclodes;Cinclodes albiventris
bar-winged cinclodes sp.;Cinclodes albidiventris/albiventris/fuscus
Gray-flanked Cinclodes;Cinclodes oustaleti
Stout-billed Cinclodes;Cinclodes excelsior
Royal Cinclodes;Cinclodes aricomae
White-bellied Cinclodes;Cinclodes palliatus
White-winged Cinclodes;Cinclodes atacamensis
Dark-bellied Cinclodes;Cinclodes patagonicus
Surf Cinclodes;Cinclodes taczanowskii
Seaside Cinclodes;Cinclodes nigrofumosus
cinclodes sp.;Cinclodes sp.
Dusky-cheeked Foliage-gleaner;Anabazenops dorsalis
White-collared Foliage-gleaner;Anabazenops fuscus
Great Xenops;Megaxenops parnaguae
Pale-browed Treehunter;Cichlocolaptes leucophrus
Pale-browed Treehunter (Pale-tailed);Cichlocolaptes leucophrus leucophrus
Pale-browed Treehunter (Rufous-tailed);Cichlocolaptes leucophrus holti
Cryptic Treehunter;Cichlocolaptes mazarbarnetti
Sharp-billed Treehunter;Heliobletus contaminatus
Bahia Treehunter (undescribed form);Heliobletus [undescribed form]
Slaty-winged Foliage-gleaner;Neophilydor fuscipenne
Slaty-winged Foliage-gleaner (Dusky-winged);Neophilydor fuscipenne fuscipenne
Slaty-winged Foliage-gleaner (Rufous-backed);Neophilydor fuscipenne erythronotum
Rufous-rumped Foliage-gleaner;Neophilydor erythrocercum
Alagoas Foliage-gleaner;Philydor novaesi
Cryptic Treehunter/Alagoas Foliage-gleaner;Cichlocolaptes mazarbarnetti/Philydor novaesi
Black-capped Foliage-gleaner;Philydor atricapillus
Cinnamon-rumped Foliage-gleaner;Philydor pyrrhodes
Philydor sp.;Philydor sp.
Scaly-throated Foliage-gleaner;Anabacerthia variegaticeps
Scaly-throated Foliage-gleaner (Scaly-throated);Anabacerthia variegaticeps variegaticeps
Scaly-throated Foliage-gleaner (Spot-breasted);Anabacerthia variegaticeps temporalis
Montane Foliage-gleaner;Anabacerthia striaticollis
Rufous-tailed Foliage-gleaner;Anabacerthia ruficaudata
White-browed Foliage-gleaner;Anabacerthia amaurotis
Ochre-breasted Foliage-gleaner;Anabacerthia lichtensteini
Anabacerthia sp.;Anabacerthia sp.
Guttulate Foliage-gleaner;Syndactyla guttulata
Lineated Foliage-gleaner;Syndactyla subalaris
Buff-browed Foliage-gleaner;Syndactyla rufosuperciliata
Rufous-necked Foliage-gleaner;Syndactyla ruficollis
Russet-mantled Foliage-gleaner;Syndactyla dimidiata
White-throated Foliage-gleaner;Syndactyla roraimae
Peruvian Recurvebill;Syndactyla ucayalae
Bolivian Recurvebill;Syndactyla striata
Syndactyla sp.;Syndactyla sp.
Chestnut-winged Hookbill;Ancistrops strigilatus
Buff-fronted Foliage-gleaner;Dendroma rufa
Chestnut-winged Foliage-gleaner;Dendroma erythroptera
Chestnut-capped Foliage-gleaner;Clibanornis rectirostris
Canebrake Groundcreeper;Clibanornis dendrocolaptoides
Henna-hooded Foliage-gleaner;Clibanornis erythrocephalus
Ruddy Foliage-gleaner;Clibanornis rubiginosus
Ruddy Foliage-gleaner (Rusty);Clibanornis rubiginosus [rubiginosus Group]
Ruddy Foliage-gleaner (Black-tailed);Clibanornis rubiginosus [nigricauda Group]
Ruddy Foliage-gleaner (Cinnamon-throated);Clibanornis rubiginosus cinnamomeigula
Ruddy Foliage-gleaner (Dusky);Clibanornis rubiginosus [obscurus Group]
Ruddy Foliage-gleaner (Watkins's);Clibanornis rubiginosus watkinsi
Santa Marta Foliage-gleaner;Clibanornis rufipectus
Uniform Treehunter;Thripadectes ignobilis
Flammulated Treehunter;Thripadectes flammulatus
Rufous-backed Treehunter;Thripadectes scrutator
Striped Treehunter;Thripadectes holostictus
Streak-capped Treehunter;Thripadectes virgaticeps
Streak-breasted Treehunter;Thripadectes rufobrunneus
Black-billed Treehunter;Thripadectes melanorhynchus
Chestnut-crowned Foliage-gleaner;Automolus rufipileatus
Brown-rumped Foliage-gleaner;Automolus melanopezus
Fawn-throated Foliage-gleaner;Automolus cervinigularis
Fawn-throated Foliage-gleaner (Mexican);Automolus cervinigularis cervinigularis
Fawn-throated Foliage-gleaner (hypophaeus);Automolus cervinigularis hypophaeus
Chiriqui Foliage-gleaner;Automolus exsertus
Ochre-throated Foliage-gleaner;Automolus ochrolaemus
Ochre-throated Foliage-gleaner (pallidigularis);Automolus ochrolaemus pallidigularis
Ochre-throated Foliage-gleaner (turdinus);Automolus ochrolaemus turdinus
Ochre-throated Foliage-gleaner (ochrolaemus);Automolus ochrolaemus ochrolaemus
Ochre-throated Foliage-gleaner (auricularis);Automolus ochrolaemus auricularis
Fawn-throated/Ochre-throated Foliage-gleaner;Automolus cervinigularis/ochrolaemus
Western Woodhaunter;Automolus virgatus
Eastern Woodhaunter;Automolus subulatus
Olive-backed Foliage-gleaner;Automolus infuscatus
Olive-backed Foliage-gleaner (Olive-capped);Automolus infuscatus cervicalis/badius
Olive-backed Foliage-gleaner (Olive-backed);Automolus infuscatus infuscatus/purusianus
Para Foliage-gleaner;Automolus paraensis
Pernambuco Foliage-gleaner;Automolus lammi
White-eyed Foliage-gleaner;Automolus leucophthalmus
Automolus sp.;Automolus sp.
foliage-gleaner sp.;Furnariidae sp. (foliage-gleaner sp.)
Spotted Barbtail;Premnoplex brunnescens
White-throated Barbtail;Premnoplex tatei
White-throated Barbtail (White-throated);Premnoplex tatei tatei
White-throated Barbtail (Paria);Premnoplex tatei pariae
Beautiful Treerunner;Margarornis bellulus
Ruddy Treerunner;Margarornis rubiginosus
Fulvous-dotted Treerunner;Margarornis stellatus
Pearled Treerunner;Margarornis squamiger
Thorn-tailed Rayadito;Aphrastura spinicauda
Masafuera Rayadito;Aphrastura masafuerae
Des Murs's Wiretail;Sylviorthorhynchus desmursii
Tawny Tit-Spinetail;Sylviorthorhynchus yanacensis
Brown-capped Tit-Spinetail;Leptasthenura fuliginiceps
Tufted Tit-Spinetail;Leptasthenura platensis
Plain-mantled Tit-Spinetail;Leptasthenura aegithaloides
Plain-mantled Tit-Spinetail (grisescens);Leptasthenura aegithaloides grisescens
Plain-mantled Tit-Spinetail (berlepschi);Leptasthenura aegithaloides berlepschi
Plain-mantled Tit-Spinetail (aegithaloides);Leptasthenura aegithaloides aegithaloides
Plain-mantled Tit-Spinetail (pallida);Leptasthenura aegithaloides pallida
Striolated Tit-Spinetail;Leptasthenura striolata
Rusty-crowned Tit-Spinetail;Leptasthenura pileata
White-browed Tit-Spinetail;Leptasthenura xenothorax
Streaked Tit-Spinetail;Leptasthenura striata
Streaked Tit-Spinetail (Streak-throated);Leptasthenura striata striata/superciliaris
Streaked Tit-Spinetail (White-throated);Leptasthenura striata albigularis
Andean Tit-Spinetail;Leptasthenura andicola
Araucaria Tit-Spinetail;Leptasthenura setaria
tit-spinetail sp.;Leptasthenura sp.
Plain Thornbird;Phacellodomus inornatus
Rufous-fronted Thornbird;Phacellodomus rufifrons
Rufous-fronted Thornbird (Rufous-fronted);Phacellodomus rufifrons [rufifrons Group]
Rufous-fronted Thornbird (Rufous-winged);Phacellodomus rufifrons specularis
Mantaro Thornbird (undescribed form);Phacellodomus [undescribed form]
Streak-fronted Thornbird;Phacellodomus striaticeps
Little Thornbird;Phacellodomus sibilatrix
Chestnut-backed Thornbird;Phacellodomus dorsalis
Spot-breasted Thornbird;Phacellodomus maculipectus
Freckle-breasted Thornbird;Phacellodomus striaticollis
Greater Thornbird;Phacellodomus ruber
Orange-eyed Thornbird;Phacellodomus erythrophthalmus
Orange-breasted Thornbird;Phacellodomus ferrugineigula
Orange-eyed/Orange-breasted Thornbird;Phacellodomus erythrophthalmus/ferrugineigula
thornbird sp.;Phacellodomus sp.
White-browed Spinetail;Hellmayrea gularis
White-browed Spinetail (gularis);Hellmayrea gularis gularis
White-browed Spinetail (brunneidorsalis);Hellmayrea gularis brunneidorsalis
White-browed Spinetail (cinereiventris);Hellmayrea gularis cinereiventris
White-browed Spinetail (rufiventris);Hellmayrea gularis rufiventris
Firewood-gatherer;Anumbius annumbi
Lark-like Brushrunner;Coryphistera alaudina
Pale-tailed Canastero;Asthenes huancavelicae
Pale-tailed Canastero (Santa Valley);Asthenes huancavelicae [undescribed Ancash form]
Pale-tailed Canastero (Huancavelica);Asthenes huancavelicae huancavelicae
Pale-tailed Canastero (Pale-tailed);Asthenes huancavelicae usheri
Dark-winged Canastero;Asthenes arequipae
Dark-winged Canastero (Ayacucho);Asthenes arequipae [undescribed Ayacucho form]
Dark-winged Canastero (Southern);Asthenes arequipae [Southern form]
Rusty-vented Canastero;Asthenes dorbignyi
Berlepsch's Canastero;Asthenes berlepschi
Short-billed Canastero;Asthenes baeri
Cipo Canastero;Asthenes luizae
Hudson's Canastero;Asthenes hudsoni
Austral Canastero;Asthenes anthoides
Line-fronted Canastero;Asthenes urubambensis
Many-striped Canastero;Asthenes flammulata
Junin Canastero;Asthenes virgata
Scribble-tailed Canastero;Asthenes maculicauda
Streak-backed Canastero;Asthenes wyatti
Streak-backed Canastero (Streak-backed);Asthenes wyatti [wyatti Group]
Streak-backed Canastero (Puna);Asthenes wyatti [sclateri Group]
Streak-throated Canastero;Asthenes humilis
Cordilleran Canastero;Asthenes modesta
Itatiaia Spinetail;Asthenes moreirae
Sharp-billed Canastero;Asthenes pyrrholeuca
Black-throated Thistletail;Asthenes harterti
Puna Thistletail;Asthenes helleri
Ayacucho Thistletail;Asthenes ayacuchensis
Vilcabamba Thistletail;Asthenes vilcabambae
Canyon Canastero;Asthenes pudibunda
Rusty-fronted Canastero;Asthenes ottonis
Maquis Canastero;Asthenes heterura
Eye-ringed Thistletail;Asthenes palpebralis
Ochre-browed Thistletail;Asthenes coryi
Perija Thistletail;Asthenes perijana
White-chinned Thistletail;Asthenes fuliginosa
White-chinned Thistletail (fumigata);Asthenes fuliginosa fumigata
White-chinned Thistletail (fuliginosa);Asthenes fuliginosa fuliginosa
White-chinned Thistletail (peruviana/plengei);Asthenes fuliginosa peruviana/plengei
Mouse-colored Thistletail;Asthenes griseomurina
canastero sp.;Asthenes sp.
Pink-legged Graveteiro;Acrobatornis fonsecai
Orange-fronted Plushcrown;Metopothrix aurantiaca
Double-banded Graytail;Xenerpestes minlosi
Equatorial Graytail;Xenerpestes singularis
Spectacled Prickletail;Siptornis striaticollis
Roraiman Barbtail;Roraimia adusta
Speckled Spinetail;Thripophaga gutturata
Striated Softtail;Thripophaga macroura
Orinoco Softtail;Thripophaga cherriei
Delta Amacuro Softtail;Thripophaga amacurensis
Plain Softtail;Thripophaga fusciceps
Plain Softtail (dimorpha);Thripophaga fusciceps dimorpha
Plain Softtail (obidensis);Thripophaga fusciceps obidensis
Plain Softtail (fusciceps);Thripophaga fusciceps fusciceps
softtail sp.;Thripophaga sp.
Straight-billed Reedhaunter;Limnoctites rectirostris
Curve-billed/Straight-billed Reedhaunter;Limnornis curvirostris/Limnoctites rectirostris
Sulphur-bearded Reedhaunter;Limnoctites sulphuriferus
Russet-mantled Softtail;Cranioleuca berlepschi
Vilcabamba Spinetail;Cranioleuca weskei
Marcapata Spinetail;Cranioleuca marcapatae
Light-crowned Spinetail;Cranioleuca albiceps
Light-crowned Spinetail (White-crowned);Cranioleuca albiceps albiceps
Light-crowned Spinetail (Buffy-crowned);Cranioleuca albiceps discolor
Rusty-backed Spinetail;Cranioleuca vulpina
Coiba Spinetail;Cranioleuca dissita
Parker's Spinetail;Cranioleuca vulpecula
Crested Spinetail;Cranioleuca subcristata
Stripe-crowned Spinetail;Cranioleuca pyrrhophia
Bolivian Spinetail;Cranioleuca henricae
Olive Spinetail;Cranioleuca obsoleta
Stripe-crowned x Olive Spinetail (hybrid);Cranioleuca pyrrhophia x obsoleta
Pallid Spinetail;Cranioleuca pallida
Gray-headed Spinetail;Cranioleuca semicinerea
Creamy-crested Spinetail;Cranioleuca albicapilla
Red-faced Spinetail;Cranioleuca erythrops
Tepui Spinetail;Cranioleuca demissa
Streak-capped Spinetail;Cranioleuca hellmayri
Ash-browed Spinetail;Cranioleuca curtata
Line-cheeked Spinetail;Cranioleuca antisiensis
Line-cheeked Spinetail (Line-cheeked);Cranioleuca antisiensis antisiensis/palamblae
Line-cheeked Spinetail (Baron's);Cranioleuca antisiensis [baroni Group]
Scaled Spinetail;Cranioleuca muelleri
Cranioleuca sp.;Cranioleuca sp.
Dusky-tailed Canastero;Pseudasthenes humicola
Patagonian Canastero;Pseudasthenes patagonica
Steinbach's Canastero;Pseudasthenes steinbachi
Cactus Canastero;Pseudasthenes cactorum
Bay-capped Wren-Spinetail;Spartonoica maluroides
Caatinga Cacholote;Pseudoseisura cristata
Rufous Cacholote;Pseudoseisura unirufa
Brown Cacholote;Pseudoseisura lophotes
White-throated Cacholote;Pseudoseisura gutturalis
Yellow-chinned Spinetail;Certhiaxis cinnamomeus
Red-and-white Spinetail;Certhiaxis mustelinus
Yellow-chinned/Red-and-white Spinetail;Certhiaxis cinnamomeus/mustelinus
Tocantins Spinetail (undescribed form);Certhiaxis [undescribed form]
White-bellied Spinetail;Mazaria propinqua
Chotoy Spinetail;Schoeniophylax phryganophilus
Ochre-cheeked Spinetail;Synallaxis scutata
Gray-bellied Spinetail;Synallaxis cinerascens
Plain-crowned Spinetail;Synallaxis gujanensis
White-lored Spinetail;Synallaxis albilora
Araguaia Spinetail;Synallaxis simoni
Marañon Spinetail;Synallaxis maranonica
Great Spinetail;Synallaxis hypochondriaca
Necklaced Spinetail;Synallaxis stictothorax
Necklaced Spinetail (La Libertad);Synallaxis stictothorax [undescribed La Libertad form]
Chinchipe Spinetail;Synallaxis chinchipensis
Russet-bellied Spinetail;Synallaxis zimmeri
Slaty Spinetail;Synallaxis brachyura
Silvery-throated Spinetail;Synallaxis subpudica
Red-shouldered Spinetail;Synallaxis hellmayri
Rufous-capped Spinetail;Synallaxis ruficapilla
Bahia Spinetail;Synallaxis cinerea
Pinto's Spinetail;Synallaxis infuscata
Amazonian Spinetail (undescribed form);Synallaxis [undescribed Amazonian form]
Dusky Spinetail;Synallaxis moesta
McConnell's Spinetail;Synallaxis macconnelli
Cabanis's Spinetail;Synallaxis cabanisi
Cinereous-breasted Spinetail;Synallaxis hypospodia
Spix's Spinetail;Synallaxis spixi
Dark-breasted Spinetail;Synallaxis albigularis
Rio Orinoco Spinetail;Synallaxis beverlyae
Pale-breasted Spinetail;Synallaxis albescens
Pale-breasted Spinetail (Pale-breasted);Synallaxis albescens [albescens Group]
Pale-breasted Spinetail (Austral);Synallaxis albescens australis
Sooty-fronted Spinetail;Synallaxis frontalis
Azara's Spinetail;Synallaxis azarae
Mantaro Spinetail (undescribed form);Synallaxis [undescribed Mantaro form]
Apurimac Spinetail;Synallaxis courseni
Azara's/Apurimac Spinetail;Synallaxis azarae/courseni
Hoary-throated Spinetail;Synallaxis kollari
Rufous-breasted Spinetail;Synallaxis erythrothorax
White-whiskered Spinetail;Synallaxis candei
Blackish-headed Spinetail;Synallaxis tithys
Rusty-headed Spinetail;Synallaxis fuscorufa
Rufous Spinetail;Synallaxis unirufa
Rufous Spinetail (unirufa);Synallaxis unirufa unirufa
Rufous Spinetail (munoztebari);Synallaxis unirufa munoztebari
Rufous Spinetail (meridana);Synallaxis unirufa meridana
Rufous Spinetail (ochrogaster);Synallaxis unirufa ochrogaster
Black-throated Spinetail;Synallaxis castanea
Stripe-breasted Spinetail;Synallaxis cinnamomea
Ruddy Spinetail;Synallaxis rutilans
Ruddy Spinetail (Ruddy);Synallaxis rutilans [rutilans Group]
Ruddy Spinetail (Sooty);Synallaxis rutilans omissa
Chestnut-throated Spinetail;Synallaxis cherriei
Synallaxis sp.;Synallaxis sp.
spinetail sp.;Furnariidae sp. (spinetail sp.)
furnariid sp.;Furnariidae sp.
Dwarf Tyrant-Manakin;Tyranneutes stolzmanni
Tiny Tyrant-Manakin;Tyranneutes virescens
Pale-bellied Tyrant-Manakin;Neopelma pallescens
Saffron-crested Tyrant-Manakin;Neopelma chrysocephalum
Wied's Tyrant-Manakin;Neopelma aurifrons
Sulphur-bellied Tyrant-Manakin;Neopelma sulphureiventer
Serra do Mar Tyrant-Manakin;Protopelma chrysolophum
Yellow-headed Manakin;Chloropipo flavicapilla
Jet Manakin;Chloropipo unicolor
Araripe Manakin;Chiroxiphia bokermanni
Helmeted Manakin;Chiroxiphia galeata
Lance-tailed Manakin;Chiroxiphia lanceolata
Long-tailed Manakin;Chiroxiphia linearis
Blue-backed Manakin;Chiroxiphia pareola
Blue-backed Manakin (pareola/atlantica);Chiroxiphia pareola pareola/atlantica
Blue-backed Manakin (napensis);Chiroxiphia pareola napensis
Blue-backed Manakin (regina);Chiroxiphia pareola regina
Helmeted x Blue-backed Manakin (hybrid);Chiroxiphia galeata x pareola
Yungas Manakin;Chiroxiphia boliviana
Swallow-tailed Manakin;Chiroxiphia caudata
Helmeted x Swallow-tailed Manakin (hybrid);Chiroxiphia galeata x caudata
Pin-tailed Manakin;Ilicura militaris
Golden-winged Manakin;Masius chrysopterus
White-ruffed Manakin;Corapipo altera
White-bibbed Manakin;Corapipo leucorrhoa
White-throated Manakin;Corapipo gutturalis
Olive Manakin;Xenopipo uniformis
Black Manakin;Xenopipo atronitens
Choco Manakin;Cryptopipo litae
Green Manakin;Cryptopipo holochlora
Velvety Manakin;Lepidothrix velutina
Blue-capped Manakin;Lepidothrix coronata
Blue-capped Manakin (Blue-capped);Lepidothrix coronata [coronata Group]
Blue-capped Manakin (Exquisite);Lepidothrix coronata [exquisita Group]
Snow-capped Manakin;Lepidothrix nattereri
Golden-crowned Manakin;Lepidothrix vilasboasi
Opal-crowned Manakin;Lepidothrix iris
Orange-bellied Manakin;Lepidothrix suavissima
White-fronted Manakin;Lepidothrix serena
Orange-bellied/White-fronted Manakin;Lepidothrix suavissima/serena
Blue-rumped Manakin;Lepidothrix isidorei
Cerulean-capped Manakin;Lepidothrix coeruleocapilla
Lepidothrix sp.;Lepidothrix sp.
Orange-crowned Manakin;Heterocercus aurantiivertex
Yellow-crowned Manakin;Heterocercus flavivertex
Flame-crowned Manakin;Heterocercus linteatus
Heterocercus sp.;Heterocercus sp.
White-collared Manakin;Manacus candei
Orange-collared Manakin;Manacus aurantiacus
Golden-collared Manakin;Manacus vitellinus
White-collared x Golden-collared Manakin (hybrid);Manacus candei x vitellinus
White-bearded Manakin;Manacus manacus
Golden-collared x White-bearded Manakin (hybrid);Manacus vitellinus x manacus
Golden-collared/White-bearded Manakin;Manacus vitellinus/manacus
Crimson-hooded Manakin;Pipra aureola
Wire-tailed Manakin;Pipra filicauda
Band-tailed Manakin;Pipra fasciicauda
Club-winged Manakin;Machaeropterus deliciosus
Striolated Manakin;Machaeropterus striolatus
Striolated Manakin (Striolated);Machaeropterus striolatus [striolatus Group]
Striolated Manakin (aureopectus);Machaeropterus striolatus aureopectus
Painted Manakin;Machaeropterus eckelberryi
Striolated/Painted Manakin;Machaeropterus striolatus/eckelberryi
Kinglet Manakin;Machaeropterus regulus
Fiery-capped Manakin;Machaeropterus pyrocephalus
White-crowned Manakin;Pseudopipra pipra
White-crowned Manakin (Zeledon's);Pseudopipra pipra anthracina
White-crowned Manakin (Choco);Pseudopipra pipra minima
White-crowned Manakin (Colombian);Pseudopipra pipra unica/bolivari
White-crowned Manakin (Foothills);Pseudopipra pipra coracina
White-crowned Manakin (Subtropical);Pseudopipra pipra comata/occulta
White-crowned Manakin (Guianan);Pseudopipra pipra pipra
White-crowned Manakin (Amazonian);Pseudopipra pipra [microlopha Group]
White-crowned Manakin (Atlantic);Pseudopipra pipra cephaleucos
Scarlet-horned Manakin;Ceratopipra cornuta
Red-capped Manakin;Ceratopipra mentalis
Golden-headed Manakin;Ceratopipra erythrocephala
Red-headed Manakin;Ceratopipra rubrocapilla
Round-tailed Manakin;Ceratopipra chloromeros
manakin sp.;Pipridae sp.
Hooded Berryeater;Carpornis cucullata
Black-headed Berryeater;Carpornis melanocephala
Green-and-black Fruiteater;Pipreola riefferii
Green-and-black Fruiteater (Green-and-black);Pipreola riefferii [riefferii Group]
Green-and-black Fruiteater (Sira);Pipreola riefferii tallmanorum
Band-tailed Fruiteater;Pipreola intermedia
Band-tailed Fruiteater (intermedia);Pipreola intermedia intermedia
Band-tailed Fruiteater (signata);Pipreola intermedia signata
Barred Fruiteater;Pipreola arcuata
Golden-breasted Fruiteater;Pipreola aureopectus
Orange-breasted Fruiteater;Pipreola jucunda
Black-chested Fruiteater;Pipreola lubomirskii
Masked Fruiteater;Pipreola pulchra
Scarlet-breasted Fruiteater;Pipreola frontalis
Scarlet-breasted Fruiteater (squamipectus);Pipreola frontalis squamipectus
Scarlet-breasted Fruiteater (frontalis);Pipreola frontalis frontalis
Fiery-throated Fruiteater;Pipreola chlorolepidota
Handsome Fruiteater;Pipreola formosa
Red-banded Fruiteater;Pipreola whitelyi
Pipreola sp.;Pipreola sp.
Scaled Fruiteater;Ampelioides tschudii
White-cheeked Cotinga;Zaratornis stresemanni
Peruvian Plantcutter;Phytotoma raimondii
White-tipped Plantcutter;Phytotoma rutila
Rufous-tailed Plantcutter;Phytotoma rara
Swallow-tailed Cotinga;Phibalura flavirostris
Swallow-tailed Cotinga (Palkachupa);Phibalura flavirostris boliviana
Swallow-tailed Cotinga (Swallow-tailed);Phibalura flavirostris flavirostris
Chestnut-bellied Cotinga;Doliornis remseni
Bay-vented Cotinga;Doliornis sclateri
Red-crested Cotinga;Ampelion rubrocristatus
Chestnut-crested Cotinga;Ampelion rufaxilla
Guianan Red-Cotinga;Phoenicircus carnifex
Black-necked Red-Cotinga;Phoenicircus nigricollis
Guianan Cock-of-the-rock;Rupicola rupicola
Andean Cock-of-the-rock;Rupicola peruvianus
Gray-tailed Piha;Snowornis subalaris
Olivaceous Piha;Snowornis cryptolophus
Crimson Fruitcrow;Haematoderus militaris
Purple-throated Fruitcrow;Querula purpurata
Red-ruffed Fruitcrow;Pyroderus scutatus
Bare-necked Umbrellabird;Cephalopterus glabricollis
Amazonian Umbrellabird;Cephalopterus ornatus
Long-wattled Umbrellabird;Cephalopterus penduliger
Capuchinbird;Perissocephalus tricolor
Lovely Cotinga;Cotinga amabilis
Turquoise Cotinga;Cotinga ridgwayi
Blue Cotinga;Cotinga nattererii
Plum-throated Cotinga;Cotinga maynana
Purple-breasted Cotinga;Cotinga cotinga
Banded Cotinga;Cotinga maculata
Spangled Cotinga;Cotinga cayana
blue cotinga sp.;Cotinga sp.
Rufous Piha;Lipaugus unirufus
Rose-collared Piha;Lipaugus streptophorus
Screaming Piha;Lipaugus vociferans
Cinnamon-vented Piha;Lipaugus lanioides
Black-and-gold Cotinga;Lipaugus ater
Gray-winged Cotinga;Lipaugus conditus
Chestnut-capped Piha;Lipaugus weberi
Dusky Piha;Lipaugus fuscocinereus
Scimitar-winged Piha;Lipaugus uropygialis
Three-wattled Bellbird;Procnias tricarunculatus
White Bellbird;Procnias albus
Bearded Bellbird;Procnias averano
Bare-throated Bellbird;Procnias nudicollis
Purple-throated Cotinga;Porphyrolaema porphyrolaema
Black-tipped Cotinga;Carpodectes hopkei
Yellow-billed Cotinga;Carpodectes antoniae
Snowy Cotinga;Carpodectes nitidus
Pompadour Cotinga;Xipholena punicea
White-tailed Cotinga;Xipholena lamellipennis
White-winged Cotinga;Xipholena atropurpurea
Bare-necked Fruitcrow;Gymnoderus foetidus
Black-faced Cotinga;Conioptilon mcilhennyi
Black-tailed Tityra;Tityra cayana
Black-tailed Tityra (Eastern);Tityra cayana braziliensis
Black-tailed Tityra (Western);Tityra cayana cayana
Black-crowned Tityra;Tityra inquisitor
White-tailed Tityra;Tityra leucura
Masked Tityra;Tityra semifasciata
tityra sp.;Tityra sp.
Varzea Schiffornis;Schiffornis major
Olivaceous Schiffornis;Schiffornis olivacea
Northern Schiffornis;Schiffornis veraepacis
Northern Schiffornis (Northern);Schiffornis veraepacis [veraepacis Group]
Northern Schiffornis (Ecuadorian);Schiffornis veraepacis rosenbergi
Foothill Schiffornis;Schiffornis aenea
Russet-winged Schiffornis;Schiffornis stenorhyncha
Brown-winged Schiffornis;Schiffornis turdina
Brown-winged Schiffornis (West Amazonian);Schiffornis turdina amazonum
Brown-winged Schiffornis (East Amazonian);Schiffornis turdina wallacii
Brown-winged Schiffornis (Peruvian);Schiffornis turdina steinbachi
Brown-winged Schiffornis (Atlantic);Schiffornis turdina turdina/intermedia
Greenish Schiffornis;Schiffornis virescens
schiffornis sp.;Schiffornis sp.
Cinereous Mourner;Laniocera hypopyrra
Speckled Mourner;Laniocera rufescens
White-browed Purpletuft;Iodopleura isabellae
Dusky Purpletuft;Iodopleura fusca
Buff-throated Purpletuft;Iodopleura pipra
Buff-throated Purpletuft (Northern);Iodopleura pipra leucopygia
Buff-throated Purpletuft (Southern);Iodopleura pipra pipra
Andean Laniisoma;Laniisoma buckleyi
Brazilian Laniisoma;Laniisoma elegans
White-naped Xenopsaris;Xenopsaris albinucha
Green-backed Becard;Pachyramphus viridis
Green-backed Becard (Yellow-cheeked);Pachyramphus viridis xanthogenys/peruanus
Green-backed Becard (Green-cheeked);Pachyramphus viridis griseigularis
Green-backed Becard (Green-backed);Pachyramphus viridis viridis
Barred Becard;Pachyramphus versicolor
Slaty Becard;Pachyramphus spodiurus
Cinereous Becard;Pachyramphus rufus
Cinnamon Becard;Pachyramphus cinnamomeus
Chestnut-crowned Becard;Pachyramphus castaneus
White-winged Becard;Pachyramphus polychopterus
Black-and-white Becard;Pachyramphus albogriseus
Cryptic Becard;Pachyramphus salvini
Black-and-white/Cryptic Becard;Pachyramphus albogriseus/salvini
Gray-collared Becard;Pachyramphus major
Gray-collared Becard (Western);Pachyramphus major uropygialis
Gray-collared Becard (Eastern);Pachyramphus major [major Group]
Black-capped Becard;Pachyramphus marginatus
Glossy-backed Becard;Pachyramphus surinamus
Rose-throated Becard;Pachyramphus aglaiae
Jamaican Becard;Pachyramphus niger
One-colored Becard;Pachyramphus homochrous
Pink-throated Becard;Pachyramphus minor
Crested Becard;Pachyramphus validus
becard sp.;Pachyramphus sp.
Sharpbill;Oxyruncus cristatus
Tropical Royal Flycatcher;Onychorhynchus coronatus
Tropical Royal Flycatcher (Northern);Onychorhynchus coronatus mexicanus/fraterculus
Tropical Royal Flycatcher (Pacific);Onychorhynchus coronatus occidentalis
Tropical Royal Flycatcher (Amazonian);Onychorhynchus coronatus coronatus/castelnaui
Atlantic Royal Flycatcher;Onychorhynchus swainsoni
Ruddy-tailed Flycatcher;Terenotriccus erythrurus
Tawny-breasted Flycatcher;Myiobius villosus
Sulphur-rumped Flycatcher;Myiobius sulphureipygius
Whiskered Flycatcher;Myiobius barbatus
Whiskered Flycatcher (Whiskered);Myiobius barbatus [barbatus Group]
Whiskered Flycatcher (Yellow-rumped);Myiobius barbatus mastacalis
Black-tailed Flycatcher;Myiobius atricaudus
Black-tailed Flycatcher (Black-tailed);Myiobius atricaudus [atricaudus Group]
Black-tailed Flycatcher (Buff-rumped);Myiobius atricaudus ridgwayi
Sulphur-rumped/Black-tailed Flycatcher;Myiobius sulphureipygius/atricaudus
Whiskered/Black-tailed Flycatcher;Myiobius barbatus/atricaudus
Myiobius sp.;Myiobius sp.
Wing-barred Piprites;Piprites chloris
Gray-headed Piprites;Piprites griseiceps
Black-capped Piprites;Piprites pileata
Cinnamon Manakin-Tyrant;Neopipo cinnamomea
Kinglet Calyptura;Calyptura cristata
Cinnamon-crested Spadebill;Platyrinchus saturatus
Stub-tailed Spadebill;Platyrinchus cancrominus
White-throated Spadebill;Platyrinchus mystaceus
White-throated Spadebill (Western);Platyrinchus mystaceus [albogularis Group]
White-throated Spadebill (Eastern);Platyrinchus mystaceus [mystaceus Group]
Golden-crowned Spadebill;Platyrinchus coronatus
Yellow-throated Spadebill;Platyrinchus flavigularis
White-crested Spadebill;Platyrinchus platyrhynchos
Russet-winged Spadebill;Platyrinchus leucoryphus
spadebill sp.;Platyrinchus sp.
Many-colored Rush Tyrant;Tachuris rubrigastra
Streak-necked Flycatcher;Mionectes striaticollis
Olive-streaked Flycatcher;Mionectes olivaceus
Olive-striped Flycatcher;Mionectes galbinus
Streak-necked/Olive-striped Flycatcher;Mionectes striaticollis/galbinus
Olive-streaked/Olive-striped Flycatcher;Mionectes olivaceus/galbinus
Ochre-bellied Flycatcher;Mionectes oleagineus
Ochre-bellied Flycatcher (assimilis);Mionectes oleagineus assimilis
Ochre-bellied Flycatcher (parcus);Mionectes oleagineus parcus
Ochre-bellied Flycatcher (pacificus);Mionectes oleagineus pacificus
Ochre-bellied Flycatcher (oleagineus Group);Mionectes oleagineus [oleagineus Group]
McConnell's Flycatcher;Mionectes macconnelli
McConnell's Flycatcher (Guianan);Mionectes macconnelli macconnelli
McConnell's Flycatcher (Inambari);Mionectes macconnelli amazonus/peruanus
Ochre-bellied/McConnell's Flycatcher;Mionectes oleagineus/macconnelli
Sierra de Lema Flycatcher;Mionectes roraimae
McConnell's/Sierra de Lema Flycatcher;Mionectes macconnelli/roraimae
Gray-hooded Flycatcher;Mionectes rufiventris
Mionectes sp.;Mionectes sp.
Sepia-capped Flycatcher;Leptopogon amaurocephalus
Slaty-capped Flycatcher;Leptopogon superciliaris
Slaty-capped Flycatcher (transandinus);Leptopogon superciliaris transandinus
Slaty-capped Flycatcher (superciliaris);Leptopogon superciliaris superciliaris
Slaty-capped Flycatcher (albidiventer);Leptopogon superciliaris albidiventer
Rufous-breasted Flycatcher;Leptopogon rufipectus
Inca Flycatcher;Leptopogon taczanowskii
Serra do Mar Bristle-Tyrant;Pogonotriccus difficilis
Southern Bristle-Tyrant;Pogonotriccus eximius
Marble-faced Bristle-Tyrant;Pogonotriccus ophthalmicus
Antioquia Bristle-Tyrant;Pogonotriccus lanyoni
Sao Paulo Bristle-Tyrant;Pogonotriccus paulista
Variegated Bristle-Tyrant;Pogonotriccus poecilotis
Venezuelan Bristle-Tyrant;Pogonotriccus venezuelanus
Spectacled Bristle-Tyrant;Pogonotriccus orbitalis
Chapman's Bristle-Tyrant;Pogonotriccus chapmani
Oustalet's Tyrannulet;Phylloscartes oustaleti
Yellow-green Tyrannulet;Phylloscartes flavovirens
Olive-green Tyrannulet;Phylloscartes virescens
Mottle-cheeked Tyrannulet;Phylloscartes ventralis
Bahia Tyrannulet;Phylloscartes beckeri
Restinga Tyrannulet;Phylloscartes kronei
Bay-ringed Tyrannulet;Phylloscartes sylviolus
Alagoas Tyrannulet;Phylloscartes ceciliae
Minas Gerais Tyrannulet;Phylloscartes roquettei
Rufous-browed Tyrannulet;Phylloscartes superciliaris
Black-fronted Tyrannulet;Phylloscartes nigrifrons
Rufous-lored Tyrannulet;Phylloscartes flaviventris
Ecuadorian Tyrannulet;Phylloscartes gualaquizae
Cinnamon-faced Tyrannulet;Phylloscartes parkeri
Phylloscartes sp.;Phylloscartes sp.
Bronze-olive Pygmy-Tyrant;Pseudotriccus pelzelni
Bronze-olive Pygmy-Tyrant (annectens/berlepschi);Pseudotriccus pelzelni annectens/berlepschi
Bronze-olive Pygmy-Tyrant (pelzelni/peruvianus);Pseudotriccus pelzelni pelzelni/peruvianus
Hazel-fronted Pygmy-Tyrant;Pseudotriccus simplex
Rufous-headed Pygmy-Tyrant;Pseudotriccus ruficeps
Ringed Antpipit;Corythopis torquatus
Southern Antpipit;Corythopis delalandi
Eared Pygmy-Tyrant;Myiornis auricularis
Eared Pygmy-Tyrant (Pernambuco);Myiornis auricularis [undescribed form]
Maranhao-Piaui Pygmy-Tyrant (undescribed form);Myiornis [undescribed form]
White-bellied Pygmy-Tyrant;Myiornis albiventris
Black-capped Pygmy-Tyrant;Myiornis atricapillus
Short-tailed Pygmy-Tyrant;Myiornis ecaudatus
Scale-crested Pygmy-Tyrant;Lophotriccus pileatus
Double-banded Pygmy-Tyrant;Lophotriccus vitiosus
Long-crested Pygmy-Tyrant;Lophotriccus eulophotes
Helmeted Pygmy-Tyrant;Lophotriccus galeatus
Lophotriccus sp.;Lophotriccus sp.
Pale-eyed Pygmy-Tyrant;Atalotriccus pilaris
Northern Bentbill;Oncostoma cinereigulare
Southern Bentbill;Oncostoma olivaceum
Snethlage's Tody-Tyrant;Hemitriccus minor
Snethlage's Tody-Tyrant (Igapo);Hemitriccus minor pallens
Snethlage's Tody-Tyrant (E of Madeira);Hemitriccus minor minor/snethlageae
Snethlage's Tody-Tyrant (W of Madeira);Hemitriccus minor [undescribed form]
Yungas Tody-Tyrant;Hemitriccus spodiops
Acre Tody-Tyrant;Hemitriccus cohnhafti
Flammulated Pygmy-Tyrant;Hemitriccus flammulatus
Drab-breasted Pygmy-Tyrant;Hemitriccus diops
Brown-breasted Pygmy-Tyrant;Hemitriccus obsoletus
Boat-billed Tody-Tyrant;Hemitriccus josephinae
White-eyed Tody-Tyrant;Hemitriccus zosterops
White-eyed Tody-Tyrant (White-eyed);Hemitriccus zosterops zosterops/flaviviridis
White-eyed Tody-Tyrant (Guianan);Hemitriccus zosterops [undescribed form]
White-bellied Tody-Tyrant;Hemitriccus griseipectus
White-bellied Tody-Tyrant (White-bellied);Hemitriccus griseipectus griseipectus
White-bellied Tody-Tyrant (Pernambuco);Hemitriccus griseipectus naumburgae
Eye-ringed Tody-Tyrant;Hemitriccus orbitatus
Johannes's Tody-Tyrant;Hemitriccus iohannis
Stripe-necked Tody-Tyrant;Hemitriccus striaticollis
Hangnest Tody-Tyrant;Hemitriccus nidipendulus
Pearly-vented Tody-Tyrant;Hemitriccus margaritaceiventer
Pelzeln's Tody-Tyrant;Hemitriccus inornatus
Zimmer's Tody-Tyrant;Hemitriccus minimus
Black-throated Tody-Tyrant;Hemitriccus granadensis
Cinnamon-breasted Tody-Tyrant;Hemitriccus cinnamomeipectus
Buff-breasted Tody-Tyrant;Hemitriccus mirandae
Kaempfer's Tody-Tyrant;Hemitriccus kaempferi
Buff-throated Tody-Tyrant;Hemitriccus rufigularis
Fork-tailed Pygmy-Tyrant;Hemitriccus furcatus
Hemitriccus sp.;Hemitriccus sp.
Rufous-crowned Tody-Flycatcher;Poecilotriccus ruficeps
Johnson's Tody-Flycatcher;Poecilotriccus luluae
White-cheeked Tody-Flycatcher;Poecilotriccus albifacies
Black-and-white Tody-Flycatcher;Poecilotriccus capitalis
Buff-cheeked Tody-Flycatcher;Poecilotriccus senex
Ruddy Tody-Flycatcher;Poecilotriccus russatus
Ochre-faced Tody-Flycatcher;Poecilotriccus plumbeiceps
Smoky-fronted Tody-Flycatcher;Poecilotriccus fumifrons
Rusty-fronted Tody-Flycatcher;Poecilotriccus latirostris
Slate-headed Tody-Flycatcher;Poecilotriccus sylvia
Golden-winged Tody-Flycatcher;Poecilotriccus calopterus
Black-backed Tody-Flycatcher;Poecilotriccus pulchellus
Poecilotriccus sp.;Poecilotriccus sp.
Black-chested Tyrant;Taeniotriccus andrei
Spotted Tody-Flycatcher;Todirostrum maculatum
Gray-headed Tody-Flycatcher;Todirostrum poliocephalum
Common Tody-Flycatcher;Todirostrum cinereum
Common Tody-Flycatcher (cinereum Group);Todirostrum cinereum [cinereum Group]
Common Tody-Flycatcher (sclateri);Todirostrum cinereum sclateri
Maracaibo Tody-Flycatcher;Todirostrum viridanum
Black-headed Tody-Flycatcher;Todirostrum nigriceps
Painted Tody-Flycatcher;Todirostrum pictum
Yellow-browed Tody-Flycatcher;Todirostrum chrysocrotaphum
Todirostrum sp.;Todirostrum sp.
Brownish Twistwing;Cnipodectes subbrunneus
Rufous Twistwing;Cnipodectes superrufus
Eye-ringed Flatbill;Rhynchocyclus brevirostris
Western Olivaceous Flatbill;Rhynchocyclus aequinoctialis
Western Olivaceous Flatbill (Western);Rhynchocyclus aequinoctialis [aequinoctialis Group]
Western Olivaceous Flatbill (Cryptic);Rhynchocyclus aequinoctialis cryptus
Eastern Olivaceous Flatbill;Rhynchocyclus olivaceus
Eastern Olivaceous Flatbill (Guianan);Rhynchocyclus olivaceus guianensis/sordidus
Eastern Olivaceous Flatbill (Olivaceous);Rhynchocyclus olivaceus olivaceus
Western/Eastern Olivaceous Flatbill;Rhynchocyclus aequinoctialis/olivaceus
Pacific Flatbill;Rhynchocyclus pacificus
Fulvous-breasted Flatbill;Rhynchocyclus fulvipectus
Rhynchocyclus sp.;Rhynchocyclus sp.
Yellow-olive Flatbill;Tolmomyias sulphurescens
Yellow-olive Flatbill (Gray-headed);Tolmomyias sulphurescens cinereiceps
Yellow-olive Flatbill (Yellow-olive);Tolmomyias sulphurescens flavoolivaceus
Yellow-olive Flatbill (asemus);Tolmomyias sulphurescens asemus
Yellow-olive Flatbill (confusus);Tolmomyias sulphurescens confusus
Yellow-olive Flatbill (exortivus);Tolmomyias sulphurescens exortivus
Yellow-olive Flatbill (Trinidad);Tolmomyias sulphurescens berlepschi
Yellow-olive Flatbill (Guianan);Tolmomyias sulphurescens cherriei/duidae
Yellow-olive Flatbill (Equatorial);Tolmomyias sulphurescens aequatorialis
Yellow-olive Flatbill (Andes);Tolmomyias sulphurescens peruvianus
Yellow-olive Flatbill (Riverine);Tolmomyias sulphurescens insignis
Yellow-olive Flatbill (Para);Tolmomyias sulphurescens mixtus
Yellow-olive Flatbill (inornatus);Tolmomyias sulphurescens inornatus
Yellow-olive Flatbill (Mato Grosso);Tolmomyias sulphurescens pallescens
Yellow-olive Flatbill (grisescens);Tolmomyias sulphurescens grisescens
Yellow-olive Flatbill (Sooretama);Tolmomyias sulphurescens sulphurescens
Orange-eyed Flatbill;Tolmomyias traylori
Yellow-winged Flatbill;Tolmomyias flavotectus
Yellow-margined Flatbill;Tolmomyias assimilis
Yellow-margined Flatbill (neglectus);Tolmomyias assimilis neglectus
Yellow-margined Flatbill (examinatus);Tolmomyias assimilis examinatus
Yellow-margined Flatbill (obscuriceps);Tolmomyias assimilis obscuriceps
Yellow-margined Flatbill (assimilis Group);Tolmomyias assimilis [assimilis Group]
Yellow-margined Flatbill (Sucunduri);Tolmomyias assimilis sucunduri
Yellow-margined Flatbill (paraensis);Tolmomyias assimilis paraensis
Gray-crowned Flatbill;Tolmomyias poliocephalus
Olive-faced Flatbill;Tolmomyias viridiceps
Ochre-lored Flatbill;Tolmomyias flaviventris
Olive-faced/Ochre-lored Flatbill;Tolmomyias viridiceps/flaviventris
Tolmomyias sp.;Tolmomyias sp.
Cinnamon Flycatcher;Pyrrhomyias cinnamomeus
Cinnamon Flycatcher (Santa Marta);Pyrrhomyias cinnamomeus assimilis
Cinnamon Flycatcher (Venezuelan);Pyrrhomyias cinnamomeus [vieillotioides Group]
Cinnamon Flycatcher (Andean);Pyrrhomyias cinnamomeus cinnamomeus/pyrrhopterus
Cliff Flycatcher;Hirundinea ferruginea
Cliff Flycatcher (Cliff);Hirundinea ferruginea ferruginea/sclateri
Cliff Flycatcher (Swallow);Hirundinea ferruginea bellicosa/pallidior
Ornate Flycatcher;Myiotriccus ornatus
Ornate Flycatcher (Western);Myiotriccus ornatus ornatus/stellatus
Ornate Flycatcher (Eastern);Myiotriccus ornatus phoenicurus/aureiventris
Handsome Flycatcher;Nephelomyias pulcher
Orange-banded Flycatcher;Nephelomyias lintoni
Ochraceous-breasted Flycatcher;Nephelomyias ochraceiventris
Yellow-bellied Tyrannulet;Ornithion semiflavum
Brown-capped Tyrannulet;Ornithion brunneicapillus
White-lored Tyrannulet;Ornithion inerme
Northern Beardless-Tyrannulet;Camptostoma imberbe
Northern Beardless-Tyrannulet (Northern);Camptostoma imberbe imberbe
Northern Beardless-Tyrannulet (Yucatan);Camptostoma imberbe thyellophilum
Southern Beardless-Tyrannulet;Camptostoma obsoletum
Southern Beardless-Tyrannulet (Central American);Camptostoma obsoletum [flaviventre Group]
Southern Beardless-Tyrannulet (Colombian);Camptostoma obsoletum caucae
Southern Beardless-Tyrannulet (Caribbean);Camptostoma obsoletum pusillum
Southern Beardless-Tyrannulet (Amazonian);Camptostoma obsoletum napaeum/olivaceum
Southern Beardless-Tyrannulet (Peruvian);Camptostoma obsoletum [sclateri Group]
Southern Beardless-Tyrannulet (Southern);Camptostoma obsoletum [obsoletum Group]
Suiriri Flycatcher;Suiriri suiriri
White-tailed Tyrannulet;Mecocerculus poecilocercus
Buff-banded Tyrannulet;Mecocerculus hellmayri
White-banded Tyrannulet;Mecocerculus stictopterus
White-throated Tyrannulet;Mecocerculus leucophrys
Rufous-winged Tyrannulet;Mecocerculus calopterus
Sulphur-bellied Tyrannulet;Mecocerculus minor
Black-crested Tit-Tyrant;Anairetes nigrocristatus
Pied-crested Tit-Tyrant;Anairetes reguloides
Ash-breasted Tit-Tyrant;Anairetes alpinus
Cocuy Tit-Tyrant (undescribed form);Anairetes [undescribed form]
Yellow-billed Tit-Tyrant;Anairetes flavirostris
Tufted Tit-Tyrant;Anairetes parulus
Juan Fernandez Tit-Tyrant;Anairetes fernandezianus
Anairetes sp.;Anairetes sp.
Agile Tit-Tyrant;Uromyias agilis
Unstreaked Tit-Tyrant;Uromyias agraphia
Tumbesian Tyrannulet;Nesotriccus tumbezanus
Marañon Tyrannulet;Nesotriccus maranonicus
Tumbesian/Marañon Tyrannulet;Nesotriccus tumbezanus/maranonicus
Cocos Tyrannulet;Nesotriccus ridgwayi
Mouse-colored Tyrannulet;Nesotriccus murinus
Mouse-colored Tyrannulet (Northern);Nesotriccus murinus incomtus/eremonomus
Mouse-colored Tyrannulet (Southern);Nesotriccus murinus murinus/wagae
Nesotriccus sp.;Nesotriccus sp.
Yellow Tyrannulet;Capsiempis flaveola
Bearded Tachuri;Polystictus pectoralis
Gray-backed Tachuri;Polystictus superciliaris
Sharp-tailed Tyrant;Culicivora caudacuta
Crested Doradito;Pseudocolopteryx sclateri
Subtropical Doradito;Pseudocolopteryx acutipennis
Dinelli's Doradito;Pseudocolopteryx dinelliana
Warbling Doradito;Pseudocolopteryx flaviventris
Ticking Doradito;Pseudocolopteryx citreola
Warbling/Ticking Doradito;Pseudocolopteryx flaviventris/citreola
doradito sp.;Pseudocolopteryx sp.
Yellow-crowned Tyrannulet;Tyrannulus elatus
Forest Elaenia;Myiopagis gaimardii
Choco Elaenia;Myiopagis parambae
Amazonian Elaenia;Myiopagis cinerea
Foothill Elaenia;Myiopagis olallai
Foothill Elaenia (Antioquia);Myiopagis olallai coopmansi
Foothill Elaenia (Perija);Myiopagis olallai incognita
Foothill Elaenia (Foothill);Myiopagis olallai olallai
Gray-headed Elaenia;Myiopagis caniceps
Pacific Elaenia;Myiopagis subplacens
Yellow-crowned Elaenia;Myiopagis flavivertex
Jamaican Elaenia;Myiopagis cotta
Greenish Elaenia;Myiopagis viridicata
Greenish Elaenia (West Mexico);Myiopagis viridicata minima/jaliscensis
Greenish Elaenia (Greenish);Myiopagis viridicata [viridicata Group]
elaenia sp. (genus Myiopagis);Myiopagis sp.
Plain-crested Elaenia;Elaenia cristata
Rufous-crowned Elaenia;Elaenia ruficeps
Slaty Elaenia;Elaenia strepera
Mottle-backed Elaenia;Elaenia gigas
Small-headed Elaenia;Elaenia sordida
Great Elaenia;Elaenia dayi
Highland Elaenia;Elaenia obscura
Yellow-bellied Elaenia;Elaenia flavogaster
Small-billed Elaenia;Elaenia parvirostris
Brownish Elaenia;Elaenia pelzelni
Large Elaenia;Elaenia spectabilis
Noronha Elaenia;Elaenia ridleyana
Olivaceous Elaenia;Elaenia mesoleuca
Lesser Elaenia;Elaenia chiriquensis
Coopmans's Elaenia;Elaenia brachyptera
White-crested Elaenia;Elaenia albiceps
White-crested Elaenia (White-crested);Elaenia albiceps [albiceps Group]
White-crested Elaenia (Chilean);Elaenia albiceps chilensis
White-crested Elaenia (Peruvian);Elaenia albiceps modesta
Small-billed/White-crested Elaenia;Elaenia parvirostris/albiceps
Sierran Elaenia;Elaenia pallatangae
Mountain Elaenia;Elaenia frantzii
Tepui Elaenia;Elaenia olivina
Caribbean Elaenia;Elaenia martinica
Caribbean Elaenia (Caribbean);Elaenia martinica [martinica Group]
Caribbean Elaenia (Chinchorro);Elaenia martinica [cinerascens Group]
Blue Mountain Elaenia;Elaenia fallax
Hispaniolan Elaenia;Elaenia cherriei
elaenia sp. (genus Elaenia);Elaenia sp.
Torrent Tyrannulet;Serpophaga cinerea
River Tyrannulet;Serpophaga hypoleuca
Sooty Tyrannulet;Serpophaga nigricans
White-crested Tyrannulet;Serpophaga subcristata
White-crested Tyrannulet (Sulphur-bellied);Serpophaga subcristata subcristata/straminea
White-crested Tyrannulet (White-bellied);Serpophaga subcristata munda
Straneck's Tyrannulet;Serpophaga griseicapilla
White-crested/Straneck's Tyrannulet;Serpophaga subcristata/griseicapilla
Serpophaga sp.;Serpophaga sp.
Greenish Tyrannulet;Phyllomyias virescens
Reiser's Tyrannulet;Phyllomyias reiseri
Urich's Tyrannulet;Phyllomyias urichi
Sclater's Tyrannulet;Phyllomyias sclateri
Planalto Tyrannulet;Phyllomyias fasciatus
Yungas Tyrannulet;Phyllomyias weedeni
Sooty-headed Tyrannulet;Phyllomyias griseiceps
Sooty-headed Tyrannulet (griseiceps);Phyllomyias griseiceps griseiceps
Sooty-headed Tyrannulet (cristatus);Phyllomyias griseiceps cristatus
Sooty-headed Tyrannulet (caucae);Phyllomyias griseiceps caucae
Sooty-headed Tyrannulet (pallidiceps);Phyllomyias griseiceps pallidiceps
Plumbeous-crowned Tyrannulet;Phyllomyias plumbeiceps
Gray-capped Tyrannulet;Phyllomyias griseocapilla
Phyllomyias sp.;Phyllomyias sp.
White-fronted Tyrannulet;Acrochordopus zeledoni
White-fronted Tyrannulet (Zeledon's);Acrochordopus zeledoni zeledoni
White-fronted Tyrannulet (White-fronted);Acrochordopus zeledoni [leucogonys Group]
Rough-legged Tyrannulet;Acrochordopus burmeisteri
Black-capped Tyrannulet;Tyranniscus nigrocapillus
Ashy-headed Tyrannulet;Tyranniscus cinereiceps
Tawny-rumped Tyrannulet;Tyranniscus uropygialis
Red-billed Tyrannulet;Zimmerius cinereicapilla
Mishana Tyrannulet;Zimmerius villarejoi
Chico's Tyrannulet;Zimmerius chicomendesi
Guianan Tyrannulet;Zimmerius acer
Guatemalan Tyrannulet;Zimmerius vilissimus
Mistletoe Tyrannulet;Zimmerius parvus
Guatemalan/Mistletoe Tyrannulet;Zimmerius vilissimus/parvus
Choco Tyrannulet;Zimmerius albigularis
Spectacled Tyrannulet;Zimmerius improbus
Golden-faced Tyrannulet;Zimmerius chrysops
Golden-faced Tyrannulet (Coopmans's);Zimmerius chrysops minimus/cumanensis
Golden-faced Tyrannulet (Golden-faced);Zimmerius chrysops chrysops
Peruvian Tyrannulet;Zimmerius viridiflavus
Peruvian Tyrannulet (Loja);Zimmerius viridiflavus flavidifrons
Peruvian Tyrannulet (Peruvian);Zimmerius viridiflavus viridiflavus
Peruvian Tyrannulet (Amazonas);Zimmerius viridiflavus [undescribed form]
Bolivian Tyrannulet;Zimmerius bolivianus
Venezuelan Tyrannulet;Zimmerius petersi
Slender-footed Tyrannulet;Zimmerius gracilipes
Zimmerius sp.;Zimmerius sp.
Fulvous-faced Scrub-Tyrant;Euscarthmus fulviceps
Fulvous-crowned Scrub-Tyrant;Euscarthmus meloryphus
Rufous-sided Scrub-Tyrant;Euscarthmus rufomarginatus
Gray-and-white Tyrannulet;Pseudelaenia leucospodia
Lesser Wagtail-Tyrant;Stigmatura napensis
Bahia Wagtail-Tyrant;Stigmatura bahiae
Orinoco Wagtail-Tyrant (undescribed form);Stigmatura [undescribed form]
Greater Wagtail-Tyrant;Stigmatura budytoides
Greater Wagtail-Tyrant (Greater);Stigmatura budytoides [budytoides Group]
Greater Wagtail-Tyrant (Caatinga);Stigmatura budytoides gracilis
Slender-billed Tyrannulet;Inezia tenuirostris
Plain Tyrannulet;Inezia inornata
Amazonian Tyrannulet;Inezia subflava
Pale-tipped Tyrannulet;Inezia caudata
Flavescent Flycatcher;Myiophobus flavicans
Orange-crested Flycatcher;Myiophobus phoenicomitra
Unadorned Flycatcher;Myiophobus inornatus
Roraiman Flycatcher;Myiophobus roraimae
Olive-chested Flycatcher;Myiophobus cryptoxanthus
Bran-colored Flycatcher;Myiophobus fasciatus
Mouse-gray Flycatcher;Myiophobus crypterythrus
Bran-colored/Mouse-gray Flycatcher;Myiophobus fasciatus/crypterythrus
Rufescent Flycatcher;Myiophobus rufescens
Mouse-gray/Rufescent Flycatcher;Myiophobus crypterythrus/rufescens
Myiophobus sp.;Myiophobus sp.
Euler's Flycatcher;Lathrotriccus euleri
Euler's Flycatcher (Lawrence's);Lathrotriccus euleri [flaviventris Group]
Euler's Flycatcher (Euler's);Lathrotriccus euleri euleri/argentinus
Gray-breasted Flycatcher;Lathrotriccus griseipectus
Tawny-chested Flycatcher;Aphanotriccus capitalis
Black-billed Flycatcher;Aphanotriccus audax
Belted Flycatcher;Xenotriccus callizonus
Pileated Flycatcher;Xenotriccus mexicanus
Tufted Flycatcher;Mitrephanes phaeocercus
Tufted Flycatcher (Mexican);Mitrephanes phaeocercus phaeocercus/tenuirostris
Tufted Flycatcher (Costa Rican);Mitrephanes phaeocercus aurantiiventris
Tufted Flycatcher (South American);Mitrephanes phaeocercus berlepschi
Olive Flycatcher;Mitrephanes olivaceus
Olive-sided Flycatcher;Contopus cooperi
Ochraceous Pewee;Contopus ochraceus
Greater Pewee;Contopus pertinax
Greater Pewee (Mexican);Contopus pertinax pertinax
Greater Pewee (Central American);Contopus pertinax minor
Dark Pewee;Contopus lugubris
Smoke-colored Pewee;Contopus fumigatus
Jamaican Pewee;Contopus pallidus
Tumbes Pewee;Contopus punensis
White-throated Pewee;Contopus albogularis
Blackish Pewee;Contopus nigrescens
Southern Tropical Pewee;Contopus cinereus
Western Wood-Pewee;Contopus sordidulus
Northern Tropical Pewee;Contopus bogotensis
tropical pewee sp.;Contopus punensis/cinereus/bogotensis
Eastern Wood-Pewee;Contopus virens
Western x Eastern Wood-Pewee (hybrid);Contopus sordidulus x virens
Western/Eastern Wood-Pewee;Contopus sordidulus/virens
Cuban Pewee;Contopus caribaeus
Hispaniolan Pewee;Contopus hispaniolensis
Lesser Antillean Pewee;Contopus latirostris
Lesser Antillean Pewee (Lesser Antilles);Contopus latirostris brunneicapillus
Lesser Antillean Pewee (Puerto Rico);Contopus latirostris blancoi
Lesser Antillean Pewee (St. Lucia);Contopus latirostris latirostris
pewee sp. (Contopus sp.);Contopus sp.
Fuscous Flycatcher;Cnemotriccus fuscatus
Fuscous Flycatcher (Campina);Cnemotriccus fuscatus duidae
Fuscous Flycatcher (Fuscous);Cnemotriccus fuscatus [fuscatus Group]
Yellow-bellied Flycatcher;Empidonax flaviventris
Acadian Flycatcher;Empidonax virescens
Alder Flycatcher;Empidonax alnorum
Willow Flycatcher;Empidonax traillii
Willow Flycatcher (Eastern);Empidonax traillii traillii
Willow Flycatcher (Northwestern);Empidonax traillii brewsteri/adastus
Willow Flycatcher (Southwestern);Empidonax traillii extimus
Alder/Willow Flycatcher (Traill's Flycatcher);Empidonax alnorum/traillii
White-throated Flycatcher;Empidonax albigularis
Least Flycatcher;Empidonax minimus
Hammond's Flycatcher;Empidonax hammondii
Gray Flycatcher;Empidonax wrightii
Dusky Flycatcher;Empidonax oberholseri
Hammond's/Dusky Flycatcher;Empidonax hammondii/oberholseri
Gray/Dusky Flycatcher;Empidonax wrightii/oberholseri
Pine Flycatcher;Empidonax affinis
Western Flycatcher;Empidonax difficilis
Western Flycatcher (Pacific-slope);Empidonax difficilis [difficilis Group]
Western Flycatcher (Cordilleran);Empidonax difficilis occidentalis/hellmayri
Western Flycatcher (Pacific-slope x Cordilleran Flycatcher);Empidonax difficilis difficilis x hellmayri
Yellowish Flycatcher;Empidonax flavescens
Yellowish Flycatcher (Northern);Empidonax flavescens imperturbatus/salvini
Yellowish Flycatcher (Southern);Empidonax flavescens flavescens
Buff-breasted Flycatcher;Empidonax fulvifrons
Black-capped Flycatcher;Empidonax atriceps
Empidonax sp.;Empidonax sp.
Black Phoebe;Sayornis nigricans
Black Phoebe (Northern);Sayornis nigricans [nigricans Group]
Black Phoebe (White-winged);Sayornis nigricans latirostris/angustirostris
Eastern Phoebe;Sayornis phoebe
Black x Eastern Phoebe (hybrid);Sayornis nigricans x phoebe
Black/Eastern Phoebe;Sayornis nigricans/phoebe
Say's Phoebe;Sayornis saya
Black x Say's Phoebe (hybrid);Sayornis nigricans x saya
phoebe sp.;Sayornis sp.
Chapada Flycatcher;Guyramemua affine
Suiriri/Chapada Flycatcher;Suiriri suiriri/Guyramemua affine
Northern Scrub-Flycatcher;Sublegatus arenarum
Amazonian Scrub-Flycatcher;Sublegatus obscurior
Southern Scrub-Flycatcher;Sublegatus modestus
scrub-flycatcher sp.;Sublegatus sp.
Vermilion Flycatcher;Pyrocephalus rubinus
Vermilion Flycatcher (Northern);Pyrocephalus rubinus [mexicanus Group]
Vermilion Flycatcher (saturatus);Pyrocephalus rubinus saturatus
Vermilion Flycatcher (obscurus Group);Pyrocephalus rubinus [obscurus Group]
Vermilion Flycatcher (Austral);Pyrocephalus rubinus rubinus
Brujo Flycatcher;Pyrocephalus nanus
Brujo Flycatcher (Galapagos);Pyrocephalus nanus nanus
Brujo Flycatcher (San Cristobal);Pyrocephalus nanus dubius
Austral Negrito;Lessonia rufa
Andean Negrito;Lessonia oreas
Austral/Andean Negrito;Lessonia rufa/oreas
Riverside Tyrant;Knipolegus orenocensis
Riverside Tyrant (Orinoco);Knipolegus orenocensis orenocensis
Riverside Tyrant (Sclater's);Knipolegus orenocensis sclateri
Riverside Tyrant (Xingu);Knipolegus orenocensis xinguensis
Rufous-tailed Tyrant;Knipolegus poecilurus
Amazonian Black-Tyrant;Knipolegus poecilocercus
Caatinga Black-Tyrant;Knipolegus franciscanus
Crested Black-Tyrant;Knipolegus lophotes
Velvety Black-Tyrant;Knipolegus nigerrimus
Jelski's Black-Tyrant;Knipolegus signatus
Plumbeous Black-Tyrant;Knipolegus cabanisi
Jelski's/Plumbeous Black-Tyrant;Knipolegus signatus/cabanisi
Blue-billed Black-Tyrant;Knipolegus cyanirostris
Cinereous Tyrant;Knipolegus striaticeps
White-winged Black-Tyrant;Knipolegus aterrimus
White-winged Black-Tyrant (White-rumped);Knipolegus aterrimus heterogyna
White-winged Black-Tyrant (White-winged);Knipolegus aterrimus aterrimus/anthracinus
Hudson's Black-Tyrant;Knipolegus hudsoni
White-winged/Hudson's Black-Tyrant;Knipolegus aterrimus/hudsoni
black-tyrant sp.;Knipolegus sp.
Spectacled Tyrant;Hymenops perspicillatus
Drab Water Tyrant;Ochthornis littoralis
Yellow-browed Tyrant;Satrapa icterophrys
Little Ground-Tyrant;Syrtidicola fluviatilis
Spot-billed Ground-Tyrant;Muscisaxicola maculirostris
Taczanowski's Ground-Tyrant;Muscisaxicola griseus
Puna Ground-Tyrant;Muscisaxicola juninensis
Cinereous Ground-Tyrant;Muscisaxicola cinereus
White-fronted Ground-Tyrant;Muscisaxicola albifrons
Ochre-naped Ground-Tyrant;Muscisaxicola flavinucha
Rufous-naped Ground-Tyrant;Muscisaxicola rufivertex
Rufous-naped Ground-Tyrant (Chestnut-naped);Muscisaxicola rufivertex occipitalis
Rufous-naped Ground-Tyrant (pallidiceps);Muscisaxicola rufivertex pallidiceps
Rufous-naped Ground-Tyrant (Rufous-naped);Muscisaxicola rufivertex rufivertex
Dark-faced Ground-Tyrant;Muscisaxicola maclovianus
Dark-faced Ground-Tyrant (mentalis);Muscisaxicola maclovianus mentalis
Dark-faced Ground-Tyrant (maclovianus);Muscisaxicola maclovianus maclovianus
White-browed Ground-Tyrant;Muscisaxicola albilora
Plain-capped Ground-Tyrant;Muscisaxicola alpinus
Cinnamon-bellied Ground-Tyrant;Muscisaxicola capistratus
Black-fronted Ground-Tyrant;Muscisaxicola frontalis
ground-tyrant sp.;Muscisaxicola sp.
Red-rumped Bush-Tyrant;Cnemarchus erythropygius
Rufous-webbed Bush-Tyrant;Cnemarchus rufipennis
Fire-eyed Diucon;Pyrope pyrope
White-rumped Monjita;Xolmis velatus
White Monjita;Xolmis irupero
Gray Monjita;Nengetus cinereus
Black-crowned Monjita;Neoxolmis coronatus
Salinas Monjita;Neoxolmis salinarum
Rusty-backed Monjita;Neoxolmis rubetra
Chocolate-vented Tyrant;Neoxolmis rufiventris
Black-billed Shrike-Tyrant;Agriornis montanus
White-tailed Shrike-Tyrant;Agriornis albicauda
Great Shrike-Tyrant;Agriornis lividus
Gray-bellied Shrike-Tyrant;Agriornis micropterus
Gray-bellied Shrike-Tyrant (andecola);Agriornis micropterus andecola
Gray-bellied Shrike-Tyrant (micropterus);Agriornis micropterus micropterus
Great/Gray-bellied Shrike-Tyrant;Agriornis lividus/micropterus
Lesser Shrike-Tyrant;Agriornis murinus
shrike-tyrant sp.;Agriornis sp.
Streak-throated Bush-Tyrant;Myiotheretes striaticollis
Santa Marta Bush-Tyrant;Myiotheretes pernix
Smoky Bush-Tyrant;Myiotheretes fumigatus
Rufous-bellied Bush-Tyrant;Myiotheretes fuscorufus
Myiotheretes sp.;Myiotheretes sp.
White-headed Marsh Tyrant;Arundinicola leucocephala
Pied Water-Tyrant;Fluvicola pica
Black-backed Water-Tyrant;Fluvicola albiventer
Masked Water-Tyrant;Fluvicola nengeta
Shear-tailed Gray Tyrant;Muscipipra vetula
Streamer-tailed Tyrant;Gubernetes yetapa
Black-and-white Monjita;Heteroxolmis dominicana
Cock-tailed Tyrant;Alectrurus tricolor
Strange-tailed Tyrant;Alectrurus risora
Crowned Chat-Tyrant;Silvicultrix frontalis
Crowned Chat-Tyrant (Crowned);Silvicultrix frontalis frontalis/albidiadema
Crowned Chat-Tyrant (Kalinowski's);Silvicultrix frontalis spodionota/boliviana
Jelski's Chat-Tyrant;Silvicultrix jelskii
Golden-browed Chat-Tyrant;Silvicultrix pulchella
Yellow-bellied Chat-Tyrant;Silvicultrix diadema
Patagonian Tyrant;Colorhamphus parvirostris
Tumbes Chat-Tyrant;Ochthoeca salvini
Chestnut-bellied Chat-Tyrant;Ochthoeca cinnamomeiventris
Blackish Chat-Tyrant;Ochthoeca nigrita
Maroon-belted Chat-Tyrant;Ochthoeca thoracica
Rufous-breasted Chat-Tyrant;Ochthoeca rufipectoralis
Brown-backed Chat-Tyrant;Ochthoeca fumicolor
Rufous-browed Chat-Tyrant;Ochthoeca superciliosa
d'Orbigny's Chat-Tyrant;Ochthoeca oenanthoides
Piura Chat-Tyrant;Ochthoeca piurae
White-browed Chat-Tyrant;Ochthoeca leucophrys
chat-tyrant sp.;Silvicultrix/Ochthoeca sp.
Long-tailed Tyrant;Colonia colonus
Short-tailed Field Tyrant;Muscigralla brevicauda
Large-headed Flatbill;Ramphotrigon megacephalum
Rufous-tailed Flatbill;Ramphotrigon ruficauda
Flammulated Flycatcher;Ramphotrigon flammulatum
Dusky-tailed Flatbill;Ramphotrigon fuscicauda
Ramphotrigon sp.;Ramphotrigon sp.
Rufous-tailed Attila;Attila phoenicurus
Cinnamon Attila;Attila cinnamomeus
Ochraceous Attila;Attila torridus
Citron-bellied Attila;Attila citriniventris
Dull-capped Attila;Attila bolivianus
Gray-hooded Attila;Attila rufus
Bright-rumped Attila;Attila spadiceus
Bright-rumped Attila (Northern);Attila spadiceus [flammulatus Group]
Bright-rumped Attila (Southern);Attila spadiceus spadiceus/uropygiatus
attila sp.;Attila sp.
Choco Sirystes;Sirystes albogriseus
White-rumped Sirystes;Sirystes albocinereus
Todd's Sirystes;Sirystes subcanescens
Sibilant Sirystes;Sirystes sibilator
sirystes sp.;Sirystes sp.
Rufous Casiornis;Casiornis rufus
Ash-throated Casiornis;Casiornis fuscus
Rufous Mourner;Rhytipterna holerythra
Grayish Mourner;Rhytipterna simplex
Pale-bellied Mourner;Rhytipterna immunda
Rufous Flycatcher;Myiarchus semirufus
Yucatan Flycatcher;Myiarchus yucatanensis
Sad Flycatcher;Myiarchus barbirostris
Dusky-capped Flycatcher;Myiarchus tuberculifer
Dusky-capped Flycatcher (olivascens);Myiarchus tuberculifer olivascens
Dusky-capped Flycatcher (lawrenceii Group);Myiarchus tuberculifer [lawrenceii Group]
Dusky-capped Flycatcher (tuberculifer/pallidus);Myiarchus tuberculifer tuberculifer/pallidus
Dusky-capped Flycatcher (nigriceps/atriceps);Myiarchus tuberculifer nigriceps/atriceps
Swainson's Flycatcher;Myiarchus swainsoni
Swainson's Flycatcher (phaeonotus);Myiarchus swainsoni phaeonotus
Swainson's Flycatcher (swainsoni Group);Myiarchus swainsoni [swainsoni Group]
Venezuelan Flycatcher;Myiarchus venezuelensis
Panama Flycatcher;Myiarchus panamensis
Venezuelan/Panama Flycatcher;Myiarchus venezuelensis/panamensis
Short-crested Flycatcher;Myiarchus ferox
Apical Flycatcher;Myiarchus apicalis
Sooty-crowned Flycatcher;Myiarchus phaeocephalus
Sooty-crowned Flycatcher (phaeocephalus);Myiarchus phaeocephalus phaeocephalus
Sooty-crowned Flycatcher (interior);Myiarchus phaeocephalus interior
Pale-edged Flycatcher;Myiarchus cephalotes
Ash-throated Flycatcher;Myiarchus cinerascens
Nutting's Flycatcher;Myiarchus nuttingi
Nutting's Flycatcher (Mexican);Myiarchus nuttingi inquietus
Nutting's Flycatcher (Central American);Myiarchus nuttingi nuttingi
Salvadoran Flycatcher;Myiarchus flavidior
Ash-throated/Nutting's Flycatcher;Myiarchus cinerascens/nuttingi
Ash-throated/Salvadoran Flycatcher;Myiarchus cinerascens/flavidior
Ash-throated/Nutting's/Salvadoran Flycatcher;Myiarchus cinerascens/nuttingi/flavidior
Nutting's/Salvadoran Flycatcher;Myiarchus nuttingi/flavidior
Great Crested Flycatcher;Myiarchus crinitus
Brown-crested Flycatcher;Myiarchus tyrannulus
Brown-crested Flycatcher (Arizona);Myiarchus tyrannulus magister
Brown-crested Flycatcher (Cooper's);Myiarchus tyrannulus [cooperi Group]
Brown-crested Flycatcher (Ometepe);Myiarchus tyrannulus brachyurus
Brown-crested Flycatcher (South American);Myiarchus tyrannulus tyrannulus/bahiae
Galapagos Flycatcher;Myiarchus magnirostris
Grenada Flycatcher;Myiarchus nugator
Rufous-tailed Flycatcher;Myiarchus validus
La Sagra's Flycatcher;Myiarchus sagrae
Stolid Flycatcher;Myiarchus stolidus
Puerto Rican Flycatcher;Myiarchus antillarum
Lesser Antillean Flycatcher;Myiarchus oberi
Myiarchus sp.;Myiarchus sp.
Cattle Tyrant;Machetornis rixosa
Lesser Kiskadee;Philohydor lictor
Great Kiskadee;Pitangus sulphuratus
Boat-billed Flycatcher;Megarynchus pitangua
Boat-billed Flycatcher (Northern);Megarynchus pitangua [mexicanus Group]
Boat-billed Flycatcher (South American);Megarynchus pitangua pitangua
Boat-billed Flycatcher (Tumbes);Megarynchus pitangua chrysogaster
Rusty-margined Flycatcher;Myiozetetes cayanensis
Social Flycatcher;Myiozetetes similis
Social Flycatcher (Vermilion-crowned);Myiozetetes similis [texensis Group]
Social Flycatcher (Social);Myiozetetes similis [similis Group]
Social Flycatcher (Tumbes);Myiozetetes similis grandis
Rusty-margined/Social Flycatcher;Myiozetetes cayanensis/similis
Gray-capped Flycatcher;Myiozetetes granadensis
Dusky-chested Flycatcher;Myiozetetes luteiventris
Gray-capped/Dusky-chested Flycatcher;Myiozetetes granadensis/luteiventris
White-bearded Flycatcher;Phelpsia inornata
White-ringed Flycatcher;Conopias albovittatus
Yellow-throated Flycatcher;Conopias parvus
Three-striped Flycatcher;Conopias trivirgatus
Yellow-throated/Three-striped Flycatcher;Conopias parvus/trivirgatus
Lemon-browed Flycatcher;Conopias cinchoneti
Golden-bellied Flycatcher;Myiodynastes hemichrysus
Golden-crowned Flycatcher;Myiodynastes chrysocephalus
Baird's Flycatcher;Myiodynastes bairdii
Streaked Flycatcher;Myiodynastes maculatus
Streaked Flycatcher (Northern);Myiodynastes maculatus [maculatus Group]
Streaked Flycatcher (Southern);Myiodynastes maculatus solitarius
Sulphur-bellied Flycatcher;Myiodynastes luteiventris
Streaked/Sulphur-bellied Flycatcher;Myiodynastes maculatus/luteiventris
Piratic Flycatcher;Legatus leucophaius
Variegated Flycatcher;Empidonomus varius
Crowned Slaty Flycatcher;Empidonomus aurantioatrocristatus
Sulphury Flycatcher;Tyrannopsis sulphurea
Snowy-throated Kingbird;Tyrannus niveigularis
White-throated Kingbird;Tyrannus albogularis
Tropical Kingbird;Tyrannus melancholicus
Tropical Kingbird (West Mexican);Tyrannus melancholicus occidentalis
Tropical Kingbird (Middle American);Tyrannus melancholicus satrapa
Tropical Kingbird (South American);Tyrannus melancholicus melancholicus/despotes
White-throated/Tropical Kingbird;Tyrannus albogularis/melancholicus
Couch's Kingbird;Tyrannus couchii
Tropical/Couch's Kingbird;Tyrannus melancholicus/couchii
Cassin's Kingbird;Tyrannus vociferans
Thick-billed Kingbird;Tyrannus crassirostris
Western Kingbird;Tyrannus verticalis
Tropical x Western Kingbird (hybrid);Tyrannus melancholicus x verticalis
Couch's x Western Kingbird (hybrid);Tyrannus couchii x verticalis
Cassin's/Western Kingbird;Tyrannus vociferans/verticalis
yellow-bellied kingbird sp.;Tyrannus sp. (yellow-bellied)
Eastern Kingbird;Tyrannus tyrannus
Western x Eastern Kingbird (hybrid);Tyrannus verticalis x tyrannus
Gray Kingbird;Tyrannus dominicensis
Tropical x Gray Kingbird (hybrid);Tyrannus melancholicus x dominicensis
Western x Gray Kingbird (hybrid);Tyrannus verticalis x dominicensis
Loggerhead Kingbird;Tyrannus caudifasciatus
Loggerhead Kingbird (Loggerhead);Tyrannus caudifasciatus [caudifasciatus Group]
Loggerhead Kingbird (Puerto Rico);Tyrannus caudifasciatus taylori
Loggerhead Kingbird (Hispaniolan);Tyrannus caudifasciatus gabbii
Giant Kingbird;Tyrannus cubensis
Scissor-tailed Flycatcher;Tyrannus forficatus
Tropical Kingbird x Scissor-tailed Flycatcher (hybrid);Tyrannus melancholicus x forficatus
Couch's Kingbird x Scissor-tailed Flycatcher (hybrid);Tyrannus couchii x forficatus
Western Kingbird x Scissor-tailed Flycatcher (hybrid);Tyrannus verticalis x forficatus
Eastern Kingbird x Scissor-tailed Flycatcher (hybrid);Tyrannus tyrannus x forficatus
Fork-tailed Flycatcher;Tyrannus savana
Fork-tailed Flycatcher (savana);Tyrannus savana savana
Fork-tailed Flycatcher (monachus);Tyrannus savana monachus
Fork-tailed Flycatcher (sanctaemartae);Tyrannus savana sanctaemartae
Fork-tailed Flycatcher (circumdatus);Tyrannus savana circumdatus
Tropical Kingbird x Fork-tailed Flycatcher (hybrid);Tyrannus melancholicus x savana
Tyrannus sp.;Tyrannus sp.
new world flycatcher sp.;Tyrannidae sp.
Albert's Lyrebird;Menura alberti
Superb Lyrebird;Menura novaehollandiae
Rufous Scrub-bird;Atrichornis rufescens
Noisy Scrub-bird;Atrichornis clamosus
White-eared Catbird;Ailuroedus buccoides
Ochre-breasted Catbird;Ailuroedus stonii
Tan-capped Catbird;Ailuroedus geislerorum
Spotted Catbird;Ailuroedus maculosus
Black-eared Catbird;Ailuroedus melanotis
Black-eared Catbird (Black-eared);Ailuroedus melanotis [melanotis Group]
Black-eared Catbird (Huon);Ailuroedus melanotis astigmaticus
Black-eared Catbird (Black-capped);Ailuroedus melanotis melanocephalus
Black-eared Catbird (Northern);Ailuroedus melanotis jobiensis
Black-eared Catbird (Arfak);Ailuroedus melanotis misoliensis/arfakianus
Green Catbird;Ailuroedus crassirostris
australasian catbird sp.;Ailuroedus sp.
Tooth-billed Bowerbird;Scenopoeetes dentirostris
Archbold's Bowerbird;Archboldia papuensis
Vogelkop Bowerbird;Amblyornis inornata
MacGregor's Bowerbird;Amblyornis macgregoriae
Streaked Bowerbird;Amblyornis subalaris
Golden-fronted Bowerbird;Amblyornis flavifrons
Golden Bowerbird;Prionodura newtoniana
Masked Bowerbird;Sericulus aureus
Flame Bowerbird;Sericulus ardens
Fire-maned Bowerbird;Sericulus bakeri
Regent Bowerbird;Sericulus chrysocephalus
Satin Bowerbird;Ptilonorhynchus violaceus
Regent x Satin Bowerbird (hybrid);Sericulus chrysocephalus x Ptilonorhynchus violaceus
Western Bowerbird;Chlamydera guttata
Spotted Bowerbird;Chlamydera maculata
Great Bowerbird;Chlamydera nuchalis
Yellow-breasted Bowerbird;Chlamydera lauterbachi
Yellow-breasted Bowerbird (Eastern);Chlamydera lauterbachi lauterbachi
Yellow-breasted Bowerbird (Central);Chlamydera lauterbachi uniformis
Fawn-breasted Bowerbird;Chlamydera cerviniventris
Papuan Treecreeper;Cormobates placens
White-throated Treecreeper;Cormobates leucophaea
White-throated Treecreeper (Little);Cormobates leucophaea minor
White-throated Treecreeper (White-throated);Cormobates leucophaea [leucophaea Group]
White-browed Treecreeper;Climacteris affinis
Red-browed Treecreeper;Climacteris erythrops
Brown Treecreeper;Climacteris picumnus
Brown Treecreeper (Cape York);Climacteris picumnus melanotus
Brown Treecreeper (Southern);Climacteris picumnus picumnus/victoriae
Black-tailed Treecreeper;Climacteris melanurus
Black-tailed Treecreeper (Black-tailed);Climacteris melanurus melanurus
Black-tailed Treecreeper (Pilbara);Climacteris melanurus wellsi
Rufous Treecreeper;Climacteris rufus
australian treecreeper sp.;Climacteridae sp.
Gray Grasswren;Amytornis barbatus
Pilbara Grasswren;Amytornis whitei
Sandhill Grasswren;Amytornis oweni
Opalton Grasswren;Amytornis rowleyi
Striated Grasswren;Amytornis striatus
White-throated Grasswren;Amytornis woodwardi
Carpentarian Grasswren;Amytornis dorotheae
Short-tailed Grasswren;Amytornis merrotsyi
Western Grasswren;Amytornis textilis
Western Grasswren (Western);Amytornis textilis textilis
Western Grasswren (Gawler Ranges);Amytornis textilis myall
Thick-billed Grasswren;Amytornis modestus
Black Grasswren;Amytornis housei
Eyrean Grasswren;Amytornis goyderi
Dusky Grasswren;Amytornis purnelli
Kalkadoon Grasswren;Amytornis ballarae
Southern Emuwren;Stipiturus malachurus
Rufous-crowned Emuwren;Stipiturus ruficeps
Mallee Emuwren;Stipiturus mallee
Wallace's Fairywren;Sipodotus wallacii
Orange-crowned Fairywren;Clytomyias insignis
Broad-billed Fairywren;Chenorhamphus grayi
Campbell's Fairywren;Chenorhamphus campbelli
Emperor Fairywren;Malurus cyanocephalus
Purple-crowned Fairywren;Malurus coronatus
Red-winged Fairywren;Malurus elegans
Blue-breasted Fairywren;Malurus pulcherrimus
Purple-backed Fairywren;Malurus assimilis
Purple-backed Fairywren (Lavender-flanked);Malurus assimilis dulcis/rogersi
Purple-backed Fairywren (Purple-backed);Malurus assimilis assimilis/bernieri
Variegated Fairywren;Malurus lamberti
Purple-backed/Variegated Fairywren;Malurus assimilis/lamberti
Lovely Fairywren;Malurus amabilis
Splendid Fairywren;Malurus splendens
Splendid Fairywren (Western);Malurus splendens splendens
Splendid Fairywren (Central);Malurus splendens callainus
Splendid Fairywren (Eastern);Malurus splendens melanotus/emmottorum
Superb Fairywren;Malurus cyaneus
White-winged Fairywren;Malurus leucopterus
White-winged Fairywren (Blue-and-white);Malurus leucopterus leuconotus
White-winged Fairywren (Black-and-white);Malurus leucopterus leucopterus/edouardi
Superb x White-winged Fairywren (hybrid);Malurus cyaneus x leucopterus
Red-backed Fairywren;Malurus melanocephalus
Superb x Red-backed Fairywren (hybrid);Malurus cyaneus x melanocephalus
White-shouldered Fairywren;Malurus alboscapulatus
White-shouldered Fairywren (Southern);Malurus alboscapulatus lorentzi
White-shouldered Fairywren (Pied);Malurus alboscapulatus alboscapulatus/naimii
White-shouldered Fairywren (Black);Malurus alboscapulatus [moretoni Group]
fairywren sp.;Malurus sp.
Dark-eared Myza;Myza celebensis
White-eared Myza;Myza sarasinorum
Dark-eared/White-eared Myza;Myza celebensis/sarasinorum
Eastern Spinebill;Acanthorhynchus tenuirostris
Western Spinebill;Acanthorhynchus superciliosus
Pied Honeyeater;Certhionyx variegatus
Plain Honeyeater;Pycnopygius ixoides
Plain Honeyeater (Plain);Pycnopygius ixoides [ixoides Group]
Plain Honeyeater (Rusty);Pycnopygius ixoides finschi
Marbled Honeyeater;Pycnopygius cinereus
Marbled Honeyeater (Western);Pycnopygius cinereus cinereus/dorsalis
Marbled Honeyeater (Eastern);Pycnopygius cinereus marmoratus
Streak-headed Honeyeater;Pycnopygius stictocephalus
Tui;Prosthemadera novaeseelandiae
New Zealand Bellbird;Anthornis melanura
Tui/New Zealand Bellbird;Prosthemadera novaeseelandiae/Anthornis melanura
Chatham Islands Bellbird;Anthornis melanocephala
Puff-backed Honeyeater;Meliphaga aruensis
Yellow-spotted Honeyeater;Meliphaga notata
Lewin's Honeyeater;Meliphaga lewinii
Streak-breasted Honeyeater;Meliphaga reticulata
Kimberley Honeyeater;Meliphaga fordiana
White-lined Honeyeater;Meliphaga albilineata
Orange-cheeked Honeyeater;Meliphaga chrysogenys
Forest Honeyeater;Meliphaga montana
Mottled Honeyeater;Meliphaga mimikae
Yellow-gaped Honeyeater;Meliphaga flavirictus
Yellow-gaped Honeyeater (Northern);Meliphaga flavirictus crockettorum
Yellow-gaped Honeyeater (Southeastern);Meliphaga flavirictus flavirictus
Mountain Honeyeater;Meliphaga orientalis
Scrub Honeyeater;Meliphaga albonotata
Mimic Honeyeater;Meliphaga analoga
Tagula Honeyeater;Meliphaga vicina
Graceful Honeyeater;Meliphaga gracilis
Cryptic Honeyeater;Meliphaga imitatrix
Elegant Honeyeater;Meliphaga cinereifrons
Graceful/Elegant Honeyeater;Meliphaga gracilis/cinereifrons
Meliphaga sp.;Meliphaga sp.
Yellow Honeyeater;Stomiopera flava
White-gaped Honeyeater;Stomiopera unicolor
White-fronted Honeyeater;Purnella albifrons
Yellow-faced Honeyeater;Caligavis chrysops
Black-throated Honeyeater;Caligavis subfrenata
Obscure Honeyeater;Caligavis obscura
Yellow-tufted Honeyeater;Lichenostomus melanops
Yellow-tufted Honeyeater (Yellow-tufted);Lichenostomus melanops melanops/meltoni
Yellow-tufted Honeyeater (Helmeted);Lichenostomus melanops cassidix
Purple-gaped Honeyeater;Lichenostomus cratitius
Bell Miner;Manorina melanophrys
Noisy Miner;Manorina melanocephala
Yellow-throated Miner;Manorina flavigula
Yellow-throated Miner (Pale-rumped);Manorina flavigula [flavigula Group]
Yellow-throated Miner (Dark-rumped);Manorina flavigula obscura
Black-eared Miner;Manorina melanotis
Yellow-throated x Black-eared Miner (hybrid);Manorina flavigula x melanotis
miner sp. (Manorina sp.);Manorina sp.
Sooty Honeyeater;Melionyx fuscus
Short-bearded Honeyeater;Melionyx nouhuysi
Long-bearded Honeyeater;Melionyx princeps
Ornate Melidectes;Melidectes torquatus
Ornate Melidectes (Ornate);Melidectes torquatus [torquatus Group]
Ornate Melidectes (Large-wattled);Melidectes torquatus emilii
Cinnamon-browed Melidectes;Melidectes ochromelas
Vogelkop Melidectes;Melidectes leucostephes
Huon Melidectes;Melidectes foersteri
Belford's Melidectes;Melidectes belfordi
Belford's Melidectes (Eastern);Melidectes belfordi belfordi/brassi
Belford's Melidectes (Western);Melidectes belfordi joiceyi/kinneari
Belford's Melidectes (Schrader Mts.);Melidectes belfordi schraderensis
Yellow-browed Melidectes;Melidectes rufocrissalis
Belford's x Yellow-browed Melidectes (hybrid);Melidectes belfordi x rufocrissalis
Belford's/Yellow-browed Melidectes;Melidectes belfordi/rufocrissalis
melidectes sp.;Melidectes sp.
Bridled Honeyeater;Bolemoreus frenatus
Eungella Honeyeater;Bolemoreus hindwoodi
Spiny-cheeked Honeyeater;Acanthagenys rufogularis
Little Wattlebird;Anthochaera chrysoptera
Western Wattlebird;Anthochaera lunulata
Regent Honeyeater;Anthochaera phrygia
Red Wattlebird;Anthochaera carunculata
Yellow Wattlebird;Anthochaera paradoxa
wattlebird sp.;Anthochaera sp.
Varied Honeyeater;Gavicalis versicolor
Varied Honeyeater (Northern);Gavicalis versicolor sonoroides
Varied Honeyeater (Southern);Gavicalis versicolor versicolor
Mangrove Honeyeater;Gavicalis fasciogularis
Singing Honeyeater;Gavicalis virescens
Gavicalis sp.;Gavicalis sp.
Yellow-plumed Honeyeater;Ptilotula ornata
White-plumed Honeyeater;Ptilotula penicillata
Yellow-tinted Honeyeater;Ptilotula flavescens
Fuscous Honeyeater;Ptilotula fusca
Gray-headed Honeyeater;Ptilotula keartlandi
Gray-fronted Honeyeater;Ptilotula plumula
Bougainville Honeyeater;Stresemannia bougainvillei
Brown-backed Honeyeater;Ramsayornis modestus
Bar-breasted Honeyeater;Ramsayornis fasciatus
Rufous-banded Honeyeater;Conopophila albogularis
Rufous-throated Honeyeater;Conopophila rufogularis
Gray Honeyeater;Conopophila whitei
Gibberbird;Ashbyia lovensis
Yellow Chat;Epthianura crocea
Crimson Chat;Epthianura tricolor
Orange Chat;Epthianura aurifrons
White-fronted Chat;Epthianura albifrons
Arfak Honeyeater;Melipotes gymnops
Smoky Honeyeater;Melipotes fumigatus
Smoky Honeyeater (Kumawa);Melipotes fumigatus kumawa
Smoky Honeyeater (Smoky);Melipotes fumigatus fumigatus/goliathi
Foja Honeyeater;Melipotes carolae
Spangled Honeyeater;Melipotes ater
Fakfak Honeyeater (undescribed form);Melipotes [undescribed Fakfak Mts. form]
Melipotes sp.;Melipotes sp.
Macgregor's Honeyeater;Macgregoria pulchra
Long-billed Honeyeater;Melilestes megarhynchus
Olive Straightbill;Timeliopsis fulvigula
Tawny Straightbill;Timeliopsis griseigula
Black Honeyeater;Sugomel nigrum
Bismarck Honeyeater;Vosea whitemanensis
Seram Myzomela;Myzomela blasii
White-chinned Myzomela;Myzomela albigula
Ruby-throated Myzomela;Myzomela eques
Ashy Myzomela;Myzomela cineracea
Moluccan Myzomela;Myzomela simplex
Red-tinged Myzomela;Myzomela rubrotincta
Biak Myzomela;Myzomela rubrobrunnea
Dusky Myzomela;Myzomela obscura
Red Myzomela;Myzomela cruentata
Reddish Myzomela;Myzomela erythrina
Papuan Black Myzomela;Myzomela nigrita
Papuan Black Myzomela (Waigeo);Myzomela nigrita steini
Papuan Black Myzomela (Black);Myzomela nigrita [nigrita Group]
Papuan Black Myzomela (D'Entrecasteaux);Myzomela nigrita forbesi
New Ireland Myzomela;Myzomela pulchella
Alor Myzomela;Myzomela prawiradilagae
Crimson-hooded Myzomela;Myzomela kuehni
Red-headed Myzomela;Myzomela erythrocephala
Red-headed Myzomela (Papuan);Myzomela erythrocephala infuscata
Red-headed Myzomela (Australian);Myzomela erythrocephala erythrocephala
Sumba Myzomela;Myzomela dammermani
Rote Myzomela;Myzomela irianawidodoae
Elfin Myzomela;Myzomela adolphinae
Sulawesi Myzomela;Myzomela chloroptera
Bacan Myzomela;Myzomela batjanensis
Obi Myzomela (undescribed form);Myzomela [undescribed form]
Taliabu Myzomela;Myzomela wahe
Wakolo Myzomela;Myzomela wakoloensis
Wakolo Myzomela (Seram);Myzomela wakoloensis elisabethae
Wakolo Myzomela (Buru);Myzomela wakoloensis wakoloensis
Banda Myzomela;Myzomela boiei
Banda Myzomela (Banda Islands);Myzomela boiei boiei
Banda Myzomela (Tanimbar);Myzomela boiei annabellae
Banda Myzomela (Babar);Myzomela boiei [undescribed form]
New Caledonian Myzomela;Myzomela caledonica
Scarlet Myzomela;Myzomela sanguinolenta
Micronesian Myzomela;Myzomela rubratra
Cardinal Myzomela;Myzomela cardinalis
Cardinal Myzomela (Loyalty);Myzomela cardinalis lifuensis
Cardinal Myzomela (Cardinal);Myzomela cardinalis [cardinalis Group]
Samoan Myzomela;Myzomela nigriventris
Rotuma Myzomela;Myzomela chermesina
Sclater's Myzomela;Myzomela sclateri
Bismarck Black Myzomela;Myzomela pammelaena
Scarlet-naped Myzomela;Myzomela lafargei
Yellow-vented Myzomela;Myzomela eichhorni
Red-bellied Myzomela;Myzomela malaitae
Black-headed Myzomela;Myzomela melanocephala
Sooty Myzomela;Myzomela tristrami
Sulphur-breasted Myzomela;Myzomela jugularis
Black-bellied Myzomela;Myzomela erythromelas
Black-breasted Myzomela;Myzomela vulnerata
Red-collared Myzomela;Myzomela rosenbergii
Long-billed Myzomela;Myzomela longirostris
myzomela sp.;Myzomela sp.
Barred Honeyeater;Gliciphila undulata
Tawny-crowned Honeyeater;Gliciphila melanops
Vanuatu Honeyeater;Gliciphila notabilis
Green-backed Honeyeater;Glycichaera fallax
Leaden Honeyeater;Ptiloprora plumbea
Yellow-streaked Honeyeater;Ptiloprora meekiana
Rufous-sided Honeyeater;Ptiloprora erythropleura
Rufous-sided Honeyeater (Red-eyed);Ptiloprora erythropleura erythropleura
Rufous-sided Honeyeater (White-eyed);Ptiloprora erythropleura dammermani
Mayr's Honeyeater;Ptiloprora mayri
Rufous-backed Honeyeater;Ptiloprora guisei
Gray-streaked Honeyeater;Ptiloprora perstriata
Banded Honeyeater;Cissomela pectoralis
Sunda Honeyeater;Lichmera lombokia
Olive Honeyeater;Lichmera argentauris
Brown Honeyeater;Lichmera indistincta
Gray-eared Honeyeater;Lichmera incana
White-tufted Honeyeater;Lichmera squamata
Silver-eared Honeyeater;Lichmera alboauricularis
Buru Honeyeater;Lichmera deningeri
Seram Honeyeater;Lichmera monticola
Yellow-eared Honeyeater;Lichmera flavicans
Black-chested Honeyeater;Lichmera notabilis
Crescent Honeyeater;Phylidonyris pyrrhopterus
New Holland Honeyeater;Phylidonyris novaehollandiae
White-cheeked Honeyeater;Phylidonyris niger
White-cheeked Honeyeater (White-cheeked);Phylidonyris niger niger
White-cheeked Honeyeater (Gould's);Phylidonyris niger gouldii
New Holland x White-cheeked Honeyeater (hybrid);Phylidonyris novaehollandiae x niger
White-streaked Honeyeater;Trichodere cockerelli
White-eared Honeyeater;Nesoptilotis leucotis
Yellow-throated Honeyeater;Nesoptilotis flavicollis
Blue-faced Honeyeater;Entomyzon cyanotis
Blue-faced Honeyeater (White-quilled);Entomyzon cyanotis albipennis
Blue-faced Honeyeater (Blue-faced);Entomyzon cyanotis [cyanotis Group]
White-throated Honeyeater;Melithreptus albogularis
Gilbert's Honeyeater;Melithreptus chloropsis
White-naped Honeyeater;Melithreptus lunatus
Black-headed Honeyeater;Melithreptus affinis
Brown-headed Honeyeater;Melithreptus brevirostris
Black-chinned Honeyeater;Melithreptus gularis
Black-chinned Honeyeater (Golden-backed);Melithreptus gularis laetior
Black-chinned Honeyeater (Black-chinned);Melithreptus gularis gularis
Strong-billed Honeyeater;Melithreptus validirostris
Melithreptus sp.;Melithreptus sp.
Makira Honeyeater;Meliarchus sclateri
Guadalcanal Honeyeater;Guadalcanaria inexpectata
Kadavu Honeyeater;Meliphacator provocator
Yellow-billed Giant-Honeyeater;Gymnomyza viridis
Duetting Giant-Honeyeater;Gymnomyza brunneirostris
Mao;Gymnomyza samoensis
Crow Honeyeater;Gymnomyza aubryana
Western Wattled-Honeyeater;Foulehaio procerior
Eastern Wattled-Honeyeater;Foulehaio carunculatus
Northern Wattled-Honeyeater;Foulehaio taviunensis
Tawny-breasted Honeyeater;Xanthotis flaviventer
Tawny-breasted Honeyeater (Western);Xanthotis flaviventer [flaviventer Group]
Tawny-breasted Honeyeater (Northern);Xanthotis flaviventer meyerii/philemon
Tawny-breasted Honeyeater (Southern);Xanthotis flaviventer [filiger Group]
Tawny-breasted Honeyeater (D'Entrecasteaux);Xanthotis flaviventer spilogaster
Spotted Honeyeater;Xanthotis polygrammus
Macleay's Honeyeater;Xanthotis macleayanus
Striped Honeyeater;Plectorhyncha lanceolata
Painted Honeyeater;Grantiella picta
White-streaked Friarbird;Melitograis gilolensis
Little Friarbird;Philemon citreogularis
Meyer's Friarbird;Philemon meyeri
Timor Friarbird;Philemon inornatus
Gray Friarbird;Philemon kisserensis
Brass's Friarbird;Philemon brassi
Morotai Friarbird;Philemon fuscicapillus
Buru Friarbird;Philemon moluccensis
Tanimbar Friarbird;Philemon plumigenis
Seram Friarbird;Philemon subcorniculatus
New Ireland Friarbird;Philemon eichhorni
Helmeted Friarbird;Philemon buceroides
Helmeted Friarbird (New Guinea);Philemon buceroides novaeguineae
Helmeted Friarbird (Hornbill);Philemon buceroides yorki
Helmeted Friarbird (Arnhem Land);Philemon buceroides gordoni/ammitophilus
Helmeted Friarbird (Tenggara);Philemon buceroides buceroides/neglectus
White-naped Friarbird;Philemon albitorques
New Britain Friarbird;Philemon cockerelli
Silver-crowned Friarbird;Philemon argenticeps
Noisy Friarbird;Philemon corniculatus
New Caledonian Friarbird;Philemon diemenensis
friarbird sp.;Philemon sp.
Meliphagidae sp.;Meliphagidae sp.
Western Bristlebird;Dasyornis longirostris
Eastern Bristlebird;Dasyornis brachypterus
Rufous Bristlebird;Dasyornis broadbenti
Spotted Pardalote;Pardalotus punctatus
Spotted Pardalote (Wet Tropics);Pardalotus punctatus millitaris
Spotted Pardalote (Spotted);Pardalotus punctatus punctatus
Spotted Pardalote (Yellow-rumped);Pardalotus punctatus xanthopyge
Forty-spotted Pardalote;Pardalotus quadragintus
Red-browed Pardalote;Pardalotus rubricatus
Striated Pardalote;Pardalotus striatus
Striated Pardalote (Black-headed);Pardalotus striatus [melanocephalus Group]
Striated Pardalote (Eastern);Pardalotus striatus ornatus
Striated Pardalote (Yellow-tipped);Pardalotus striatus striatus
Striated Pardalote (Striated);Pardalotus striatus substriatus
pardalote sp.;Pardalotus sp.
Goldenface;Pachycare flavogriseum
Fernwren;Oreoscopus gutturalis
Pilotbird;Pycnoptilus floccosus
Redthroat;Pyrrholaemus brunneus
Speckled Warbler;Pyrrholaemus sagittatus
Shy Heathwren;Hylacola cauta
Chestnut-rumped Heathwren;Hylacola pyrrhopygia
Striated Fieldwren;Calamanthus fuliginosus
Rufous Fieldwren;Calamanthus campestris
Western Fieldwren;Calamanthus montanellus
Rufous/Western Fieldwren;Calamanthus campestris/montanellus
Weebill;Smicrornis brevirostris
Weebill (Yellow);Smicrornis brevirostris flavescens
Weebill (Brown);Smicrornis brevirostris [brevirostris Group]
Yellow-throated Scrubwren;Neosericornis citreogularis
Mountain Mouse-Warbler;Origma robusta
Rusty Mouse-Warbler;Origma murina
Rockwarbler;Origma solitaria
Tasmanian Scrubwren;Sericornis humilis
White-browed Scrubwren;Sericornis frontalis
White-browed Scrubwren (Buff-breasted);Sericornis frontalis laevigaster
White-browed Scrubwren (White-browed);Sericornis frontalis [frontalis Group]
Spotted Scrubwren;Sericornis maculatus
White-browed/Spotted Scrubwren;Sericornis frontalis/maculatus
Atherton Scrubwren;Sericornis keri
Tropical Scrubwren;Sericornis beccarii
Large-billed Scrubwren;Sericornis magnirostra
Large-billed Scrubwren (Straight-billed);Sericornis magnirostra viridior
Large-billed Scrubwren (Recurve-billed);Sericornis magnirostra magnirostra/howei
Large Scrubwren;Sericornis nouhuysi
Pale-billed Scrubwren;Aethomyias spilodera
Bicolored Mouse-Warbler;Aethomyias nigrorufus
mouse-warbler sp.;Origma robusta/murina/Aethomyias nigrorufus
Vogelkop Scrubwren;Aethomyias rufescens
Buff-faced Scrubwren;Aethomyias perspicillatus
Wondiwoi Scrubwren (undescribed form);Aethomyias [undescribed form]
Gray-green Scrubwren;Aethomyias arfakianus
Papuan Scrubwren;Aethomyias papuensis
scrubwren sp.;Neosericornis/Sericornis/Aethomyias sp.
Scrubtit;Acanthornis magna
Southern Whiteface;Aphelocephala leucopsis
Southern Whiteface (Gray-flanked);Aphelocephala leucopsis leucopsis
Southern Whiteface (Rufous-flanked);Aphelocephala leucopsis castaneiventris
Banded Whiteface;Aphelocephala nigricincta
Chestnut-breasted Whiteface;Aphelocephala pectoralis
Yellow-rumped Thornbill;Acanthiza chrysorrhoa
Gray Thornbill;Acanthiza cinerea
Papuan Thornbill;Acanthiza murina
Yellow Thornbill;Acanthiza nana
Striated Thornbill;Acanthiza lineata
Inland Thornbill;Acanthiza apicalis
Tasmanian Thornbill;Acanthiza ewingii
Mountain Thornbill;Acanthiza katherina
Brown Thornbill;Acanthiza pusilla
Tasmanian/Brown Thornbill;Acanthiza ewingii/pusilla
Slaty-backed Thornbill;Acanthiza robustirostris
Slender-billed Thornbill;Acanthiza iredalei
Chestnut-rumped Thornbill;Acanthiza uropygialis
Western Thornbill;Acanthiza inornata
Buff-rumped Thornbill;Acanthiza reguloides
Buff-rumped Thornbill (Yellowish);Acanthiza reguloides squamata
Buff-rumped Thornbill (Buff-rumped);Acanthiza reguloides [reguloides Group]
thornbill sp.;Acanthiza sp.
Yellow-bellied Gerygone;Gerygone chrysogaster
Brown Gerygone;Gerygone mouki
Green-backed Gerygone;Gerygone chloronota
Fairy Gerygone;Gerygone palpebrosa
Fairy Gerygone (Black-throated);Gerygone palpebrosa [palpebrosa Group]
Fairy Gerygone (Fairy);Gerygone palpebrosa flavida
Large-billed Gerygone;Gerygone magnirostris
Biak Gerygone;Gerygone hypoxantha
Plain Gerygone;Gerygone inornata
Rufous-sided Gerygone;Gerygone dorsalis
White-throated Gerygone;Gerygone olivacea
Golden-bellied Gerygone;Gerygone sulphurea
Dusky Gerygone;Gerygone tenebrosa
Fan-tailed Gerygone;Gerygone flavolateralis
Rennell Gerygone;Gerygone citrina
Mangrove Gerygone;Gerygone levigaster
Western Gerygone;Gerygone fusca
Brown-breasted Gerygone;Gerygone ruficollis
Lord Howe Gerygone;Gerygone insularis
Norfolk Island Gerygone;Gerygone modesta
Gray Gerygone;Gerygone igata
Chatham Islands Gerygone;Gerygone albofrontata
gerygone sp.;Gerygone sp.
Papuan Babbler;Garritornis isidorei
Gray-crowned Babbler;Pomatostomus temporalis
Gray-crowned Babbler (Gray-crowned);Pomatostomus temporalis temporalis/strepitans
Gray-crowned Babbler (Rufous-breasted);Pomatostomus temporalis rubeculus
White-browed Babbler;Pomatostomus superciliosus
Hall's Babbler;Pomatostomus halli
Chestnut-crowned Babbler;Pomatostomus ruficeps
pseudo-babbler sp.;Pomatostomus sp.
Papuan Logrunner;Orthonyx novaeguineae
Papuan Logrunner (Arfak);Orthonyx novaeguineae novaeguineae
Papuan Logrunner (Papuan);Orthonyx novaeguineae victorianus/dorsalis
Australian Logrunner;Orthonyx temminckii
Chowchilla;Orthonyx spaldingii
Spotted Quail-thrush;Cinclosoma punctatum
Chestnut Quail-thrush;Cinclosoma castanotum
Copperback Quail-thrush;Cinclosoma clarum
Chestnut-breasted Quail-thrush;Cinclosoma castaneothorax
Western Quail-thrush;Cinclosoma marginatum
Cinnamon Quail-thrush;Cinclosoma cinnamomeum
Nullarbor Quail-thrush;Cinclosoma alisteri
Painted Quail-thrush;Cinclosoma ajax
quail-thrush sp.;Cinclosoma sp.
Spotted Jewel-babbler;Ptilorrhoa leucosticta
Blue Jewel-babbler;Ptilorrhoa caerulescens
Dimorphic Jewel-babbler;Ptilorrhoa geislerorum
Yapen Jewel-babbler (undescribed form);Ptilorrhoa [undescribed Yapen form]
Blue/Dimorphic Jewel-babbler;Ptilorrhoa caerulescens/geislerorum
Chestnut-backed Jewel-babbler;Ptilorrhoa castanonota
jewel-babbler sp.;Ptilorrhoa sp.
White-bellied Minivet;Pericrocotus erythropygius
Jerdon's Minivet;Pericrocotus albifrons
Fiery Minivet;Pericrocotus igneus
Small Minivet;Pericrocotus cinnamomeus
Gray-chinned Minivet;Pericrocotus solaris
Gray-chinned Minivet (Gray-chinned);Pericrocotus solaris [solaris Group]
Gray-chinned Minivet (Gray-throated);Pericrocotus solaris montanus/cinereigula
Sunda Minivet;Pericrocotus miniatus
Short-billed Minivet;Pericrocotus brevirostris
Flores Minivet;Pericrocotus lansbergei
Long-tailed Minivet;Pericrocotus ethologus
Orange Minivet;Pericrocotus flammeus
Scarlet Minivet;Pericrocotus speciosus
Scarlet Minivet (Scarlet);Pericrocotus speciosus [speciosus Group]
Scarlet Minivet (Philippine Red);Pericrocotus speciosus leytensis/novus
Scarlet Minivet (Philippine Yellow);Pericrocotus speciosus [marchesae Group]
Scarlet Minivet (Javan);Pericrocotus speciosus exul/siebersi
Ryukyu Minivet;Pericrocotus tegimae
Ashy Minivet;Pericrocotus divaricatus
Ryukyu/Ashy Minivet;Pericrocotus tegimae/divaricatus
Brown-rumped Minivet;Pericrocotus cantonensis
Ashy/Brown-rumped Minivet;Pericrocotus divaricatus/cantonensis
Rosy Minivet;Pericrocotus roseus
Brown-rumped x Rosy Minivet (hybrid);Pericrocotus cantonensis x roseus
minivet sp. (red minivet sp.);Pericrocotus sp. (red minivet sp.)
minivet sp. (gray minivet sp.);Pericrocotus sp. (grey minivet sp.)
minivet sp.;Pericrocotus sp.
Comoro Cuckooshrike;Ceblepyris cucullatus
Madagascar Cuckooshrike;Ceblepyris cinereus
Grauer's Cuckooshrike;Ceblepyris graueri
Gray Cuckooshrike;Ceblepyris caesius
White-breasted Cuckooshrike;Ceblepyris pectoralis
Stout-billed Cuckooshrike;Coracina caeruleogrisea
Hooded Cuckooshrike;Coracina longicauda
Pied Cuckooshrike;Coracina bicolor
Cerulean Cuckooshrike;Coracina temminckii
Ground Cuckooshrike;Coracina maxima
Barred Cuckooshrike;Coracina lineata
Boyer's Cuckooshrike;Coracina boyeri
Black-faced Cuckooshrike;Coracina novaehollandiae
North Melanesian Cuckooshrike;Coracina welchmani
White-bellied Cuckooshrike;Coracina papuensis
White-bellied Cuckooshrike (White-bellied);Coracina papuensis [papuensis Group]
White-bellied Cuckooshrike (Manus);Coracina papuensis ingens
Moluccan Cuckooshrike;Coracina atriceps
South Melanesian Cuckooshrike;Coracina caledonica
Indian Cuckooshrike;Coracina macei
Oriental Cuckooshrike;Coracina javensis
Oriental Cuckooshrike (Javan);Coracina javensis javensis
Oriental Cuckooshrike (Oriental);Coracina javensis [nipalensis Group]
Oriental Cuckooshrike (East Asian);Coracina javensis rexpineti
Indian/Oriental Cuckooshrike;Coracina macei/javensis
Malayan Cuckooshrike;Coracina larutensis
Bar-bellied Cuckooshrike;Coracina striata
Bar-bellied Cuckooshrike (Roving);Coracina striata [sumatrensis Group]
Bar-bellied Cuckooshrike (Philippine);Coracina striata [striata Group]
Mindoro Cuckooshrike;Coracina mindorensis
Visayan Cuckooshrike;Coracina panayensis
Mindanao Cuckooshrike;Coracina kochii
Sulu Cuckooshrike;Coracina guillemardi
Andaman Cuckooshrike;Coracina dobsoni
Sunda Cuckooshrike;Coracina larvata
Wallacean Cuckooshrike;Coracina personata
Wallacean Cuckooshrike (Kai);Coracina personata pollens
Wallacean Cuckooshrike (Flores);Coracina personata floris
Wallacean Cuckooshrike (Sumba);Coracina personata sumbensis
Wallacean Cuckooshrike (Timor);Coracina personata personata
Wallacean Cuckooshrike (Tanimbar);Coracina personata unimoda
Wallacean Cuckooshrike (Alor);Coracina personata alfrediana
Halmahera Cuckooshrike;Coracina parvula
Buru Cuckooshrike;Coracina fortis
White-rumped Cuckooshrike;Coracina leucopygia
Slaty Cuckooshrike;Coracina schistacea
Coracina sp.;Coracina sp.
Ghana Cuckooshrike;Lobotos lobatus
Oriole Cuckooshrike;Lobotos oriolinus
Black Cuckooshrike;Campephaga flava
Petit's Cuckooshrike;Campephaga petiti
Red-shouldered Cuckooshrike;Campephaga phoenicea
Purple-throated Cuckooshrike;Campephaga quiscalina
african cuckooshrike sp.;Campephaga sp.
Golden Cuckooshrike;Campochaera sloetii
McGregor's Cuckooshrike;Malindangia mcgregori
Polynesian Triller;Lalage maculosa
Samoan Triller;Lalage sharpei
Long-tailed Triller;Lalage leucopyga
White-shouldered Triller;Lalage sueurii
White-winged Triller;Lalage tricolor
Black-browed Triller;Lalage atrovirens
Biak Triller;Lalage leucoptera
White-browed Triller;Lalage moesta
Varied Triller;Lalage leucomela
Mussau Triller;Lalage conjuncta
Black-and-white Triller;Lalage melanoleuca
Black-and-white Triller (Northern);Lalage melanoleuca melanoleuca
Black-and-white Triller (Southern);Lalage melanoleuca minor
White-rumped Triller;Lalage leucopygialis
Pied Triller;Lalage nigra
Rufous-bellied Triller;Lalage aurea
Reunion Cuckooshrike;Lalage newtoni
Mauritius Cuckooshrike;Lalage typica
Black-winged Cuckooshrike;Lalage melaschistos
Black-headed Cuckooshrike;Lalage melanoptera
Indian/Oriental/Black-headed Cuckooshrike;Coracina macei/javensis/Lalage melanoptera
Lesser Cuckooshrike;Lalage fimbriata
Indochinese Cuckooshrike;Lalage polioptera
Lalage sp.;Lalage sp.
Pygmy Cuckooshrike;Celebesica abbotti
Blue Cuckooshrike;Cyanograucalus azureus
New Caledonian Cuckooshrike;Edolisoma anale
Blackish Cuckooshrike;Edolisoma coerulescens
White-winged Cuckooshrike;Edolisoma ostentum
Black-bellied Cicadabird;Edolisoma montanum
Pale-shouldered Cicadabird;Edolisoma dohertyi
Kai Cicadabird;Edolisoma dispar
Timor Cicadabird;Edolisoma timoriense
Timor Cicadabird (Flores Sea);Edolisoma timoriense emancipatum/kalaotuae
Timor Cicadabird (Timor);Edolisoma timoriense timoriense
Pale Cicadabird;Edolisoma ceramense
Pohnpei Cicadabird;Edolisoma insperatum
Black-bibbed Cicadabird;Edolisoma mindanense
Black-bibbed Cicadabird (Luzon);Edolisoma mindanense lecroyae
Black-bibbed Cicadabird (Mindoro);Edolisoma mindanense elusum
Black-bibbed Cicadabird (Mindanao);Edolisoma mindanense mindanense/ripleyi
Black-bibbed Cicadabird (Sulu);Edolisoma mindanense everetti
Gray-headed Cicadabird;Edolisoma schisticeps
Black Cicadabird;Edolisoma melas
Solomons Cicadabird;Edolisoma holopolium
Solomons Cicadabird (Solomons);Edolisoma holopolium holopolium
Solomons Cicadabird (New Georgia);Edolisoma holopolium pygmaeum
Malaita Cicadabird;Edolisoma tricolor
Makira Cicadabird;Edolisoma salomonis
Manus Cicadabird;Edolisoma admiralitatis
Sangihe Cicadabird;Edolisoma salvadorii
Sangihe Cicadabird (Sangihe);Edolisoma salvadorii salvadorii
Sangihe Cicadabird (Talaud);Edolisoma salvadorii talautense
Palau Cicadabird;Edolisoma monacha
Yap Cicadabird;Edolisoma nesiotis
Central Melanesian Cicadabird;Edolisoma erythropygium
Central Melanesian Cicadabird (Lihir);Edolisoma erythropygium ultimum
Central Melanesian Cicadabird (Central Melanesian);Edolisoma erythropygium erythropygium/saturatius
Central Melanesian Cicadabird (Pavuvu);Edolisoma erythropygium nisorium
Sulawesi Cicadabird;Edolisoma morio
Geelvink Cicadabird;Edolisoma meyerii
Banggai Cicadabird;Edolisoma pelingi
Obi Cicadabird;Edolisoma obiense
Sula Cicadabird;Edolisoma sula
North Moluccan Cicadabird;Edolisoma grayi
North Moluccan Cicadabird (Tukangbesi);Edolisoma grayi pererratum
North Moluccan Cicadabird (North Moluccan);Edolisoma grayi grayi
Papuan Cicadabird;Edolisoma incertum
Bismarck Cicadabird;Edolisoma remotum
Bismarck Cicadabird (Mussau);Edolisoma remotum matthiae
Bismarck Cicadabird (New Ireland);Edolisoma remotum remotum
Bismarck Cicadabird (Umboi);Edolisoma remotum rooki
Bismarck Cicadabird (New Britain);Edolisoma remotum heinrothi
Rossel Cicadabird;Edolisoma rostratum
South Moluccan Cicadabird;Edolisoma amboinense
Sahul Cicadabird;Edolisoma tenuirostre
Sahul Cicadabird (Papuan);Edolisoma tenuirostre [muellerii Group]
Sahul Cicadabird (Tagula);Edolisoma tenuirostre tagulanum
Sahul Cicadabird (Rainforest);Edolisoma tenuirostre melvillense
Sahul Cicadabird (Woodland);Edolisoma tenuirostre tenuirostre
Edolisoma sp.;Edolisoma sp.
cuckooshrike sp.;Campephagidae sp.
Whitehead;Mohoua albicilla
Yellowhead;Mohoua ochrocephala
Pipipi;Mohoua novaeseelandiae
Black Sittella;Daphoenositta miranda
Papuan Sittella;Daphoenositta papuensis
Varied Sittella;Daphoenositta chrysoptera
Varied Sittella (White-winged);Daphoenositta chrysoptera leucoptera
Varied Sittella (Striated);Daphoenositta chrysoptera striata
Varied Sittella (White-headed);Daphoenositta chrysoptera leucocephala
Varied Sittella (Orange-winged);Daphoenositta chrysoptera chrysoptera
Varied Sittella (Black-capped);Daphoenositta chrysoptera pileata
Papuan Whipbird;Androphobus viridis
Eastern Whipbird;Psophodes olivaceus
Western Whipbird;Psophodes nigrogularis
Western Whipbird (Black-throated);Psophodes nigrogularis nigrogularis/oberon
Western Whipbird (White-bellied);Psophodes nigrogularis leucogaster/lashmari
Chiming Wedgebill;Psophodes occidentalis
Chirruping Wedgebill;Psophodes cristatus
Wattled Ploughbill;Eulacestoma nigropectus
Crested Bellbird;Oreoica gutturalis
Rufous-naped Bellbird;Aleadryas rufinucha
Piping Bellbird;Ornorectes cristatus
Eastern Shrike-tit;Falcunculus frontatus
Western Shrike-tit;Falcunculus leucogaster
Northern Shrike-tit;Falcunculus whitei
Tit Berrypecker;Oreocharis arfaki
Western Crested Berrypecker;Paramythia olivacea
Eastern Crested Berrypecker;Paramythia montium
Western/Eastern Crested Berrypecker;Paramythia olivacea/montium
Black-headed Shrike-Babbler;Pteruthius rufiventer
Pied Shrike-Babbler;Pteruthius flaviscapis
White-browed Shrike-Babbler;Pteruthius aeralatus
White-browed Shrike-Babbler (Himalayan);Pteruthius aeralatus ripleyi
White-browed Shrike-Babbler (Chestnut-winged);Pteruthius aeralatus validirostris
White-browed Shrike-Babbler (Gray-breasted);Pteruthius aeralatus ricketti
White-browed Shrike-Babbler (Blyth's);Pteruthius aeralatus [aeralatus Group]
White-browed Shrike-Babbler (Dalat);Pteruthius aeralatus annamensis
Green Shrike-Babbler;Pteruthius xanthochlorus
Green Shrike-Babbler (Black-crowned);Pteruthius xanthochlorus xanthochlorus/occidentalis
Green Shrike-Babbler (Eye-ringed);Pteruthius xanthochlorus pallidus/hybrida
Black-eared Shrike-Babbler;Pteruthius melanotis
Trilling Shrike-Babbler;Pteruthius aenobarbus
Clicking Shrike-Babbler;Pteruthius intermedius
Clicking Shrike-Babbler (Garo Hills);Pteruthius intermedius aenobarbulus
Clicking Shrike-Babbler (Clicking);Pteruthius intermedius intermedius
shrike-babbler sp.;Pteruthius sp.
White-bellied Erpornis;Erpornis zantholeuca
Rufous-browed Peppershrike;Cyclarhis gujanensis
Rufous-browed Peppershrike (Northern);Cyclarhis gujanensis [gujanensis Group]
Rufous-browed Peppershrike (Cozumel I.);Cyclarhis gujanensis insularis
Rufous-browed Peppershrike (Yellow-backed);Cyclarhis gujanensis [virenticeps Group]
Rufous-browed Peppershrike (Chaco);Cyclarhis gujanensis viridis/cearensis
Rufous-browed Peppershrike (Ochre-crowned);Cyclarhis gujanensis ochrocephala
Black-billed Peppershrike;Cyclarhis nigrirostris
Rufous-browed/Black-billed Peppershrike;Cyclarhis gujanensis/nigrirostris
Gray-eyed Greenlet;Hylophilus amaurocephalus
Gray-eyed Greenlet (Beni);Hylophilus amaurocephalus [undescribed Beni form]
Rufous-crowned Greenlet;Hylophilus poicilotis
Olivaceous Greenlet;Hylophilus olivaceus
Ashy-headed Greenlet;Hylophilus pectoralis
Scrub Greenlet;Hylophilus flavipes
Scrub Greenlet (Yellow-green);Hylophilus flavipes viridiflavus/xuthus
Scrub Greenlet (Scrub);Hylophilus flavipes [flavipes Group]
Scrub Greenlet (Tobago);Hylophilus flavipes insularis
Gray-chested Greenlet;Hylophilus semicinereus
Brown-headed Greenlet;Hylophilus brunneiceps
Lemon-chested Greenlet;Hylophilus thoracicus
Lemon-chested Greenlet (Lemon-chested);Hylophilus thoracicus griseiventris/aemulus
Lemon-chested Greenlet (Rio de Janeiro);Hylophilus thoracicus thoracicus
Chestnut-sided Shrike-Vireo;Vireolanius melitophrys
Green Shrike-Vireo;Vireolanius pulchellus
Yellow-browed Shrike-Vireo;Vireolanius eximius
Slaty-capped Shrike-Vireo;Vireolanius leucotis
Slaty-capped Shrike-Vireo (Pale-legged);Vireolanius leucotis mikettae
Slaty-capped Shrike-Vireo (Slaty-capped);Vireolanius leucotis [leucotis Group]
Ochre-crowned Greenlet;Tunchiornis ochraceiceps
Rufous-fronted Greenlet;Tunchiornis ferrugineifrons
Guianan Greenlet;Tunchiornis luteifrons
Rufous-fronted/Guianan Greenlet;Tunchiornis ferrugineifrons/luteifrons
Para Greenlet;Tunchiornis rubrifrons
Rufous-fronted/Para Greenlet;Tunchiornis ferrugineifrons/rubrifrons
Lesser Greenlet;Pachysylvia decurtata
Lesser Greenlet (Northern);Pachysylvia decurtata decurtata/darienensis
Lesser Greenlet (Gray-headed);Pachysylvia decurtata minor
Dusky-capped Greenlet;Pachysylvia hypoxantha
Buff-cheeked Greenlet;Pachysylvia muscicapina
Golden-fronted Greenlet;Pachysylvia aurantiifrons
Rufous-naped Greenlet;Pachysylvia semibrunnea
greenlet sp.;Hylophilus/Tunchiornis/Pachysylvia sp.
Golden Vireo;Vireo hypochryseus
Blue Mountain Vireo;Vireo osburni
Slaty Vireo;Vireo brevipennis
Black-capped Vireo;Vireo atricapilla
Dwarf Vireo;Vireo nelsoni
White-eyed Vireo;Vireo griseus
White-eyed Vireo (White-eyed);Vireo griseus [griseus Group]
White-eyed Vireo (Veracruz);Vireo griseus perquisitor
Black-capped x White-eyed Vireo (hybrid);Vireo atricapilla x griseus
Thick-billed Vireo;Vireo crassirostris
Mangrove Vireo;Vireo pallens
Mangrove Vireo (West Mexico);Vireo pallens paluster
Mangrove Vireo (Northern Central America);Vireo pallens [semiflavus Group]
Mangrove Vireo (Providencia);Vireo pallens approximans
Mangrove Vireo (Southern Central America);Vireo pallens [pallens Group]
Cozumel Vireo;Vireo bairdi
San Andres Vireo;Vireo caribaeus
Jamaican Vireo;Vireo modestus
Cuban Vireo;Vireo gundlachii
Puerto Rican Vireo;Vireo latimeri
Flat-billed Vireo;Vireo nanus
Bell's Vireo;Vireo bellii
Bell's Vireo (Eastern);Vireo bellii bellii/medius
Bell's Vireo (Arizona);Vireo bellii arizonae
Bell's Vireo (Least);Vireo bellii pusillus
Gray Vireo;Vireo vicinior
Hutton's Vireo;Vireo huttoni
Hutton's Vireo (Pacific);Vireo huttoni [huttoni Group]
Hutton's Vireo (Interior);Vireo huttoni [stephensi Group]
Yellow-throated Vireo;Vireo flavifrons
Yellow-winged Vireo;Vireo carmioli
Choco Vireo;Vireo masteri
Cassin's Vireo;Vireo cassinii
Cassin's Vireo (Cassin's);Vireo cassinii cassinii
Cassin's Vireo (San Lucas);Vireo cassinii lucasanus
Blue-headed Vireo;Vireo solitarius
Yellow-throated x Blue-headed Vireo (hybrid);Vireo flavifrons x solitarius
Cassin's/Blue-headed Vireo;Vireo cassinii/solitarius
Plumbeous Vireo;Vireo plumbeus
Plumbeous Vireo (Plumbeous);Vireo plumbeus plumbeus/gravis
Plumbeous Vireo (Central American);Vireo plumbeus notius/montanus
Yellow-throated x Plumbeous Vireo (hybrid);Vireo flavifrons x plumbeus
Blue-headed x Plumbeous Vireo (hybrid);Vireo solitarius x plumbeus
Cassin's/Plumbeous Vireo;Vireo cassinii/plumbeus
Blue-headed/Plumbeous Vireo;Vireo solitarius/plumbeus
solitary vireo sp.;Vireo cassinii/solitarius/plumbeus
Tepui Vireo;Vireo sclateri
Philadelphia Vireo;Vireo philadelphicus
Eastern Warbling Vireo;Vireo gilvus
Philadelphia/Eastern Warbling Vireo;Vireo philadelphicus/gilvus
Western Warbling Vireo;Vireo swainsoni
Eastern/Western Warbling Vireo;Vireo gilvus/swainsoni
Brown-capped Vireo;Vireo leucophrys
Brown-capped Vireo (Northern);Vireo leucophrys [amauronotus Group]
Brown-capped Vireo (Southern);Vireo leucophrys [leucophrys Group]
Red-eyed Vireo;Vireo olivaceus
Philadelphia x Red-eyed Vireo (hybrid);Vireo philadelphicus x olivaceus
Eastern Warbling x Red-eyed Vireo (hybrid);Vireo gilvus x olivaceus
Western Warbling x Red-eyed Vireo (hybrid);Vireo swainsoni x olivaceus
Eastern/Western Warbling x Red-eyed Vireo (hybrid);Vireo gilvus/swainsoni x olivaceus
Philadelphia/Red-eyed Vireo;Vireo philadelphicus/olivaceus
Chivi Vireo;Vireo chivi
Chivi Vireo (resident);Vireo chivi [agilis Group]
Chivi Vireo (migratory);Vireo chivi chivi/diversus
Red-eyed/Chivi Vireo;Vireo olivaceus/chivi
Noronha Vireo;Vireo gracilirostris
Yellow-green Vireo;Vireo flavoviridis
Yellow-green Vireo (Yellow-green);Vireo flavoviridis [flavoviridis Group]
Yellow-green Vireo (Tres Marias Is.);Vireo flavoviridis forreri
Red-eyed/Yellow-green Vireo;Vireo olivaceus/flavoviridis
Black-whiskered Vireo;Vireo altiloquus
Red-eyed/Black-whiskered Vireo;Vireo olivaceus/altiloquus
Yucatan Vireo;Vireo magister
Yucatan Vireo (Yucatan);Vireo magister magister
Yucatan Vireo (Cayman);Vireo magister caymanensis
vireo sp. (Red-eyed Vireo complex);Vireo sp. (Red-eyed Vireo complex)
vireo sp.;Vireo sp.
Rusty Pitohui;Pseudorectes ferrugineus
White-bellied Pitohui;Pseudorectes incertus
Sandstone Shrikethrush;Colluricincla woodwardi
Bower's Shrikethrush;Colluricincla boweri
Gray Shrikethrush;Colluricincla harmonica
Gray Shrikethrush (Gray);Colluricincla harmonica [brunnea Group]
Gray Shrikethrush (Brown-backed);Colluricincla harmonica harmonica/strigata
Sooty Shrikethrush;Colluricincla tenebrosa
Little Shrikethrush;Colluricincla megarhyncha
Little Shrikethrush (Variable);Colluricincla megarhyncha [fortis Group]
Little Shrikethrush (Waigeo);Colluricincla megarhyncha affinis
Little Shrikethrush (Mamberamo);Colluricincla megarhyncha [obscura Group]
Little Shrikethrush (Sepik-Ramu);Colluricincla megarhyncha [tappenbecki Group]
Little Shrikethrush (Arafura);Colluricincla megarhyncha [megarhyncha Group]
Little Shrikethrush (Tagula);Colluricincla megarhyncha discolor
Little Shrikethrush (Rufous);Colluricincla megarhyncha [rufogaster Group]
Little Shrikethrush (Arafura/Rufous);Colluricincla megarhyncha [megarhyncha Group/rufogaster Group]
Colluricincla sp.;Colluricincla sp.
Black Pitohui;Melanorectes nigrescens
Sangihe Whistler;Coracornis sanghirensis
Maroon-backed Whistler;Coracornis raveni
Olive Whistler;Pachycephala olivacea
Red-lored Whistler;Pachycephala rufogularis
Gilbert's Whistler;Pachycephala inornata
Bare-throated Whistler;Pachycephala nudigula
Fawn-breasted Whistler;Pachycephala orpheus
Fawn-breasted Whistler (Timor);Pachycephala orpheus orpheus
Fawn-breasted Whistler (Banda Sea);Pachycephala orpheus par/compar
Regent Whistler;Pachycephala schlegelii
Vanuatu Whistler;Pachycephala chlorura
Vanuatu Whistler (Vanuatu);Pachycephala chlorura [chlorura Group]
Vanuatu Whistler (Loyalty);Pachycephala chlorura littayei
Vogelkop Whistler;Pachycephala meyeri
Sclater's Whistler;Pachycephala soror
Sclater's Whistler (Sclater's);Pachycephala soror [soror Group]
Sclater's Whistler (Bomberai);Pachycephala soror octogenarii
Sclater's Whistler (undescribed Fakfak form);Pachycephala soror [undescribed Fakfak form]
White-throated Fiji Whistler;Pachycephala vitiensis
Yellow-throated Fiji Whistler;Pachycephala graeffii
Yellow-throated Fiji Whistler (Yellow-lored);Pachycephala graeffii graeffii/aurantiiventris
Yellow-throated Fiji Whistler (Black-banded);Pachycephala graeffii [optata Group]
Yellow-throated Fiji Whistler (Taveuni);Pachycephala graeffii torquata
Samoan Whistler;Pachycephala flavifrons
Tongan Whistler;Pachycephala jacquinoti
New Caledonian Whistler;Pachycephala caledonica
Guadalcanal Hooded Whistler;Pachycephala implicata
Bougainville Hooded Whistler;Pachycephala richardsi
Bismarck Whistler;Pachycephala citreogaster
Bismarck Whistler (Manus);Pachycephala citreogaster goodsoni
Bismarck Whistler (Bismarck);Pachycephala citreogaster [citreogaster Group]
Louisiade Whistler;Pachycephala collaris
Nendo Whistler;Pachycephala ornata
Utupua Whistler;Pachycephala utupuae
Vanikoro Whistler;Pachycephala vanikorensis
Oriole Whistler;Pachycephala orioloides
Oriole Whistler (North Solomons);Pachycephala orioloides [orioloides Group]
Oriole Whistler (Vella Lavella);Pachycephala orioloides melanonota
Oriole Whistler (Malaita);Pachycephala orioloides sanfordi
Oriole Whistler (Guadalcanal);Pachycephala orioloides cinnamomea
Oriole Whistler (Makira);Pachycephala orioloides christophori
Rennell Whistler;Pachycephala feminina
Tenggara Whistler;Pachycephala calliope
Tenggara Whistler (Rusty-breasted);Pachycephala calliope fulvotincta/javana
Tenggara Whistler (Flores Sea);Pachycephala calliope everetti
Tenggara Whistler (Sumba);Pachycephala calliope fulviventris
Tenggara Whistler (Timor);Pachycephala calliope calliope
Selayar Whistler;Pachycephala teysmanni
Moluccan Whistler;Pachycephala macrorhyncha
Moluccan Whistler (Moluccan);Pachycephala macrorhyncha [macrorhyncha Group]
Moluccan Whistler (Tanimbar);Pachycephala macrorhyncha fuscoflava
Babar Whistler;Pachycephala sharpei
Black-chinned Whistler;Pachycephala mentalis
Black-chinned Whistler (North Moluccan);Pachycephala mentalis mentalis/tidorensis
Black-chinned Whistler (Obi);Pachycephala mentalis obiensis
Baliem Whistler;Pachycephala balim
Golden Whistler;Pachycephala pectoralis
Golden Whistler (Western);Pachycephala pectoralis fuliginosa/occidentalis
Golden Whistler (Eastern);Pachycephala pectoralis [pectoralis Group]
Golden Whistler (Norfolk);Pachycephala pectoralis xanthoprocta
Black-tailed Whistler;Pachycephala melanura
Black-tailed Whistler (Damar);Pachycephala melanura dammeriana
Black-tailed Whistler (Papuan);Pachycephala melanura spinicaudus/dahli
Black-tailed Whistler (Pilbara);Pachycephala melanura melanura
Black-tailed Whistler (North Australian);Pachycephala melanura robusta
Oriole x Black-tailed Whistler (hybrid);Pachycephala orioloides x melanura
Morningbird;Pachycephala tenebrosa
Brown-backed Whistler;Pachycephala modesta
Lorentz's Whistler;Pachycephala lorentzi
Golden-backed Whistler;Pachycephala aurea
Yellow-bellied Whistler;Pachycephala philippinensis
Yellow-bellied Whistler (fallax);Pachycephala philippinensis fallax
Yellow-bellied Whistler (illex);Pachycephala philippinensis illex
Yellow-bellied Whistler (philippinensis Group);Pachycephala philippinensis [philippinensis Group]
Bornean Whistler;Pachycephala hypoxantha
Sulphur-bellied Whistler;Pachycephala sulfuriventer
Mangrove Whistler;Pachycephala cinerea
Green-backed Whistler;Pachycephala albiventris
White-vented Whistler;Pachycephala homeyeri
White-vented Whistler (Sulu);Pachycephala homeyeri homeyeri
White-vented Whistler (Cebu);Pachycephala homeyeri major
White-vented Whistler (White-vented);Pachycephala homeyeri winchelli
Island Whistler;Pachycephala phaionota
Biak Whistler;Pachycephala melanorhyncha
Rusty Whistler;Pachycephala hyperythra
Gray Whistler;Pachycephala simplex
Gray Whistler (Brown);Pachycephala simplex simplex/brunnescens
Gray Whistler (Kai);Pachycephala simplex rufipennis
Gray Whistler (Gray-headed);Pachycephala simplex [griseiceps Group]
Gray Whistler (Tagula);Pachycephala simplex sudestensis
Wallacean Whistler;Pachycephala arctitorquis
Wallacean Whistler (Tayandu);Pachycephala arctitorquis tianduana
Wallacean Whistler (Wallacean);Pachycephala arctitorquis arctitorquis/kebirensis
Drab Whistler;Pachycephala griseonota
Drab Whistler (Peleng);Pachycephala griseonota lineolata
Drab Whistler (Halmahera);Pachycephala griseonota cinerascens
Drab Whistler (Buru);Pachycephala griseonota examinata
Drab Whistler (Seram);Pachycephala griseonota griseonota
Drab Whistler (Kai);Pachycephala griseonota kuehni
Drab Whistler (Cinnamon-breasted);Pachycephala griseonota johni
White-bellied Whistler;Pachycephala leucogastra
White-bellied Whistler (Papuan);Pachycephala leucogastra leucogastra
White-bellied Whistler (Rossel);Pachycephala leucogastra meeki
Black-headed Whistler;Pachycephala monacha
Rufous Whistler;Pachycephala rufiventris
Rufous Whistler (Australian);Pachycephala rufiventris [rufiventris Group]
Rufous Whistler (Grand Terre);Pachycephala rufiventris xanthetraea
White-breasted Whistler;Pachycephala lanioides
Pachycephala sp.;Pachycephala sp.
Hooded Pitohui;Pitohui dichrous
Raja Ampat Pitohui;Pitohui cerviniventris
Northern Variable Pitohui;Pitohui kirhocephalus
Northern Variable Pitohui (Northwestern);Pitohui kirhocephalus [kirhocephalus Group]
Northern Variable Pitohui (Sepik-Ramu);Pitohui kirhocephalus brunneicaudus
Northern Variable Pitohui (Onin);Pitohui kirhocephalus decipiens
Northern Variable Pitohui (Wandammen);Pitohui kirhocephalus rubiensis/dohertyi
Northern Variable Pitohui (Yapen);Pitohui kirhocephalus jobiensis
Northern Variable Pitohui (Geelvink);Pitohui kirhocephalus brunneivertex
Southern Variable Pitohui;Pitohui uropygialis
Southern Variable Pitohui (Misool);Pitohui uropygialis uropygialis
Southern Variable Pitohui (Mimika);Pitohui uropygialis aruensis/nigripectus
Southern Variable Pitohui (Brown-headed);Pitohui uropygialis brunneiceps
Southern Variable Pitohui (Southeastern);Pitohui uropygialis meridionalis
Northern/Southern Variable Pitohui;Pitohui kirhocephalus/uropygialis
Timor Oriole;Oriolus melanotis
Wetar Oriole;Oriolus finschi
Buru Oriole;Oriolus bouroensis
Tanimbar Oriole;Oriolus decipiens
Seram Oriole;Oriolus forsteni
Halmahera Oriole;Oriolus phaeochromus
Brown Oriole;Oriolus szalayi
Olive-backed Oriole;Oriolus sagittatus
Green Oriole;Oriolus flavocinctus
Dark-throated Oriole;Oriolus xanthonotus
Ventriloquial Oriole;Oriolus consobrinus
White-lored Oriole;Oriolus albiloris
Philippine Oriole;Oriolus steerii
Philippine Oriole (Mindanao);Oriolus steerii [steerii Group]
Philippine Oriole (Cebu);Oriolus steerii assimilis
Philippine Oriole (Sulu);Oriolus steerii cinereogenys
Isabela Oriole;Oriolus isabellae
Eurasian Golden Oriole;Oriolus oriolus
Indian Golden Oriole;Oriolus kundoo
Eurasian/Indian Golden Oriole;Oriolus oriolus/kundoo
African Golden Oriole;Oriolus auratus
Eurasian/African Golden Oriole;Oriolus oriolus/auratus
Black-naped Oriole;Oriolus chinensis
Black-naped Oriole (East Asian);Oriolus chinensis diffusus
Black-naped Oriole (Sunda);Oriolus chinensis [maculatus Group]
Black-naped Oriole (Philippine);Oriolus chinensis [chinensis Group]
Black-naped Oriole (Talaud);Oriolus chinensis melanisticus
Black-naped Oriole (Sulawesi);Oriolus chinensis [frontalis Group]
Black-naped Oriole (Tenggara);Oriolus chinensis broderipi/boneratensis
Indian Golden/Black-naped Oriole;Oriolus kundoo/chinensis
Slender-billed Oriole;Oriolus tenuirostris
Green-headed Oriole;Oriolus chlorocephalus
Green-headed Oriole (Green-headed);Oriolus chlorocephalus chlorocephalus/amani
Green-headed Oriole (Gorongosa);Oriolus chlorocephalus speculifer
Sao Tome Oriole;Oriolus crassirostris
Western Black-headed Oriole;Oriolus brachyrynchus
Ethiopian Black-headed Oriole;Oriolus monacha
African Black-headed Oriole;Oriolus larvatus
Black-tailed Oriole;Oriolus percivali
Black-winged Oriole;Oriolus nigripennis
Black-hooded Oriole;Oriolus xanthornus
Black Oriole;Oriolus hosii
Black-and-crimson Oriole;Oriolus consanguineus
Javan Oriole;Oriolus cruentus
Maroon Oriole;Oriolus traillii
Maroon Oriole (Maroon);Oriolus traillii traillii/robinsoni
Maroon Oriole (Crimson);Oriolus traillii ardens/nigellicauda
Silver Oriole;Oriolus mellianus
old world oriole sp.;Oriolus sp.
Wetar Figbird;Sphecotheres hypoleucus
Green Figbird;Sphecotheres viridis
Australasian Figbird;Sphecotheres vieilloti
Australasian Figbird (Kai);Sphecotheres vieilloti cucullatus
Australasian Figbird (Yellow);Sphecotheres vieilloti flaviventris/ashbyi
Australasian Figbird (Papuan);Sphecotheres vieilloti salvadorii
Australasian Figbird (Green);Sphecotheres vieilloti vieilloti
North Island Piopio;Turnagra tanagra
South Island Piopio;Turnagra capensis
Black-breasted Boatbill;Machaerirhynchus nigripectus
Yellow-breasted Boatbill;Machaerirhynchus flaviventer
Yellow-breasted Boatbill (Waigeo);Machaerirhynchus flaviventer albifrons
Yellow-breasted Boatbill (White-browed);Machaerirhynchus flaviventer novus/albigula
Yellow-breasted Boatbill (Yellow-faced);Machaerirhynchus flaviventer xanthogenys
Yellow-breasted Boatbill (Black-cheeked);Machaerirhynchus flaviventer flaviventer/secundus
Ashy Woodswallow;Artamus fuscus
Fiji Woodswallow;Artamus mentalis
Ivory-backed Woodswallow;Artamus monachus
Great Woodswallow;Artamus maximus
White-breasted Woodswallow;Artamus leucorynchus
Bismarck Woodswallow;Artamus insignis
Masked Woodswallow;Artamus personatus
White-browed Woodswallow;Artamus superciliosus
Masked x White-browed Woodswallow (hybrid);Artamus personatus x superciliosus
Masked/White-browed Woodswallow;Artamus personatus/superciliosus
Black-faced Woodswallow;Artamus cinereus
Black-faced Woodswallow (White-vented);Artamus cinereus normani/inkermani
Black-faced Woodswallow (Black-vented);Artamus cinereus [cinereus Group]
Dusky Woodswallow;Artamus cyanopterus
Little Woodswallow;Artamus minor
woodswallow sp.;Artamus sp.
Mountain Peltops;Peltops montanus
Lowland Peltops;Peltops blainvillii
Black-backed Butcherbird;Cracticus mentalis
Gray Butcherbird;Cracticus torquatus
Silver-backed Butcherbird;Cracticus argenteus
Hooded Butcherbird;Cracticus cassicus
Tagula Butcherbird;Cracticus louisiadensis
Pied Butcherbird;Cracticus nigrogularis
Black Butcherbird;Melloria quoyi
Australian Magpie;Gymnorhina tibicen
Australian Magpie (Papuan);Gymnorhina tibicen papuana
Australian Magpie (Black-backed);Gymnorhina tibicen [tibicen Group]
Australian Magpie (Western);Gymnorhina tibicen dorsalis
Australian Magpie (Black-backed x Western);Gymnorhina tibicen [tibicen Group] x dorsalis
Australian Magpie (White-backed);Gymnorhina tibicen telonocua/tyrannica
Australian Magpie (Black-backed x White-backed);Gymnorhina tibicen [tibicen Group] x telonocua/tyrannica
Australian Magpie (Tasmanian);Gymnorhina tibicen hypoleuca
Pied Currawong;Strepera graculina
Black Currawong;Strepera fuliginosa
Gray Currawong;Strepera versicolor
Gray Currawong (Gray);Strepera versicolor versicolor/plumbea
Gray Currawong (Clinking);Strepera versicolor arguta
Gray Currawong (Black-winged);Strepera versicolor melanoptera
Gray Currawong (Brown);Strepera versicolor intermedia
Gray Currawong (Kangaroo I.);Strepera versicolor halmaturina
currawong sp.;Strepera sp.
Mottled Berryhunter;Rhagologus leucostigma
White-tailed Shrike;Lanioturdus torquatus
Chestnut Wattle-eye;Dyaphorophyia castanea
West African Wattle-eye;Dyaphorophyia hormophora
White-spotted Wattle-eye;Dyaphorophyia tonsa
Brown-throated Wattle-eye;Platysteira cyanea
White-fronted Wattle-eye;Platysteira albifrons
Black-throated Wattle-eye;Platysteira peltata
Banded Wattle-eye;Platysteira laticincta
Red-cheeked Wattle-eye;Platysteira blissetti
Black-necked Wattle-eye;Platysteira chalybea
Jameson's Wattle-eye;Platysteira jamesoni
Yellow-bellied Wattle-eye;Platysteira concreta
Yellow-bellied Wattle-eye (West African);Platysteira concreta concreta
Yellow-bellied Wattle-eye (Angola);Platysteira concreta ansorgei
Yellow-bellied Wattle-eye (Central African);Platysteira concreta graueri
Yellow-bellied Wattle-eye (Kungwe);Platysteira concreta kungwensis
wattle-eye sp.;Platysteira sp.
Boulton's Batis;Batis margaritae
Boulton's Batis (Angola);Batis margaritae margaritae
Boulton's Batis (Eastern);Batis margaritae kathleenae
Short-tailed Batis;Batis mixta
Short-tailed Batis (Short-tailed);Batis mixta mixta
Short-tailed Batis (Reichenow's);Batis mixta reichenowi
Dark Batis;Batis crypta
Rwenzori Batis;Batis diops
Cape Batis;Batis capensis
Cape Batis (Gray-mantled);Batis capensis [erythrophthalma Group]
Cape Batis (Cape);Batis capensis capensis
Malawi Batis;Batis dimorpha
Cape/Malawi Batis;Batis capensis/dimorpha
Woodwards' Batis;Batis fratrum
Chinspot Batis;Batis molitor
Pale Batis;Batis soror
Pririt Batis;Batis pririt
Senegal Batis;Batis senegalensis
Gray-headed Batis;Batis orientalis
Western Black-headed Batis;Batis erlangeri
Eastern Black-headed Batis;Batis minor
Western/Eastern Black-headed Batis;Batis erlangeri/minor
Pygmy Batis;Batis perkeo
Verreaux's Batis;Batis minima
Ituri Batis;Batis ituriensis
Bioko Batis;Batis poensis
West African Batis;Batis occulta
Angola Batis;Batis minulla
batis sp.;Batis sp.
White-crested Helmetshrike;Prionops plumatus
White-crested Helmetshrike (Long-crested);Prionops plumatus plumatus
White-crested Helmetshrike (Yellow-eyed);Prionops plumatus [poliocephalus Group]
Gray-crested Helmetshrike;Prionops poliolophus
Yellow-crested Helmetshrike;Prionops alberti
Red-billed Helmetshrike;Prionops caniceps
Red-billed Helmetshrike (Red-billed);Prionops caniceps caniceps
Red-billed Helmetshrike (Gray-cheeked);Prionops caniceps harterti
Rufous-bellied Helmetshrike;Prionops rufiventris
Retz's Helmetshrike;Prionops retzii
Angola Helmetshrike;Prionops gabela
Chestnut-fronted Helmetshrike;Prionops scopifrons
African Shrike-flycatcher;Megabyas flammulatus
Black-and-white Shrike-flycatcher;Bias musicus
Malabar Woodshrike;Tephrodornis sylvicola
Large Woodshrike;Tephrodornis virgatus
Common Woodshrike;Tephrodornis pondicerianus
Malabar/Common Woodshrike;Tephrodornis sylvicola/pondicerianus
Large/Common Woodshrike;Tephrodornis virgatus/pondicerianus
Sri Lanka Woodshrike;Tephrodornis affinis
Bar-winged Flycatcher-shrike;Hemipus picatus
Black-winged Flycatcher-shrike;Hemipus hirundinaceus
Rufous-winged Philentoma;Philentoma pyrhoptera
Maroon-breasted Philentoma;Philentoma velata
Rufous-winged/Maroon-breasted Philentoma;Philentoma pyrhoptera/velata
Archbold's Newtonia;Newtonia archboldi
Common Newtonia;Newtonia brunneicauda
Dark Newtonia;Newtonia amphichroa
Dark Newtonia (amphichroa);Newtonia amphichroa amphichroa
Dark Newtonia (lavarambo);Newtonia amphichroa lavarambo
Red-tailed Newtonia;Newtonia fanovanae
Tylas Vanga;Tylas eduardi
Tylas Vanga (Eduard's);Tylas eduardi eduardi
Tylas Vanga (White-throated);Tylas eduardi albigularis
Red-tailed Vanga;Calicalicus madagascariensis
Red-shouldered Vanga;Calicalicus rufocarpalis
Nuthatch-Vanga;Hypositta corallirostris
Chabert Vanga;Leptopterus chabert
Chabert Vanga (Chabert);Leptopterus chabert chabert
Chabert Vanga (White-tailed);Leptopterus chabert schistocercus
Crossley's Vanga;Mystacornis crossleyi
Comoro Blue Vanga;Cyanolanius comorensis
Madagascar Blue Vanga;Cyanolanius madagascarinus
Hook-billed Vanga;Vanga curvirostris
Hook-billed Vanga (Hook-billed);Vanga curvirostris curvirostris
Hook-billed Vanga (Black-crowned);Vanga curvirostris cetera
Ward's Vanga;Pseudobias wardi
Rufous Vanga;Schetba rufa
Rufous Vanga (rufa);Schetba rufa rufa
Rufous Vanga (occidentalis);Schetba rufa occidentalis
Helmet Vanga;Euryceros prevostii
Bernier's Vanga;Oriolia bernieri
Sickle-billed Vanga;Falculea palliata
White-headed Vanga;Artamella viridis
White-headed Vanga (viridis);Artamella viridis viridis
White-headed Vanga (annae);Artamella viridis annae
Pollen's Vanga;Xenopirostris polleni
Lafresnaye's Vanga;Xenopirostris xenopirostris
Van Dam's Vanga;Xenopirostris damii
Vangidae sp.;Vangidae sp.
Bornean Bristlehead;Pityriasis gymnocephala
Common Iora;Aegithina tiphia
White-tailed Iora;Aegithina nigrolutea
Common/White-tailed Iora;Aegithina tiphia/nigrolutea
Green Iora;Aegithina viridissima
Great Iora;Aegithina lafresnayei
iora sp.;Aegithina sp.
Brubru;Nilaus afer
Northern Puffback;Dryoscopus gambensis
Pringle's Puffback;Dryoscopus pringlii
Black-backed Puffback;Dryoscopus cubla
Black-backed Puffback (Black-winged);Dryoscopus cubla affinis
Black-backed Puffback (White-winged);Dryoscopus cubla [cubla Group]
Red-eyed Puffback;Dryoscopus senegalensis
Pink-footed Puffback;Dryoscopus angolensis
Sabine's Puffback;Dryoscopus sabini
puffback sp.;Dryoscopus sp.
Marsh Tchagra;Bocagia minuta
Marsh Tchagra (Marsh);Bocagia minuta minuta
Marsh Tchagra (Anchieta's);Bocagia minuta anchietae/reichenowi
Black-crowned Tchagra;Tchagra senegalus
Black-crowned Tchagra (Hooded);Tchagra senegalus cucullatus
Black-crowned Tchagra (Black-crowned);Tchagra senegalus [senegalus Group]
Brown-crowned Tchagra;Tchagra australis
Three-streaked Tchagra;Tchagra jamesi
Southern Tchagra;Tchagra tchagra
tchagra sp.;Tchagra sp.
Red-naped Bushshrike;Laniarius ruficeps
Coastal Boubou;Laniarius nigerrimus
Lühder's Bushshrike;Laniarius luehderi
Braun's Bushshrike;Laniarius brauni
Gabela Bushshrike;Laniarius amboimensis
Turati's Boubou;Laniarius turatii
Ethiopian Boubou;Laniarius aethiopicus
Tropical Boubou;Laniarius major
Zanzibar Boubou;Laniarius sublacteus
Gabon Boubou;Laniarius bicolor
Gabon Boubou (Gabon);Laniarius bicolor bicolor/guttatus
Gabon Boubou (Okavango);Laniarius bicolor sticturus
Southern Boubou;Laniarius ferrugineus
Yellow-crowned Gonolek;Laniarius barbarus
Black-headed Gonolek;Laniarius erythrogaster
Crimson-breasted Gonolek;Laniarius atrococcineus
Papyrus Gonolek;Laniarius mufumbiri
Yellow-breasted Boubou;Laniarius atroflavus
Slate-colored Boubou;Laniarius funebris
Lowland Sooty Boubou;Laniarius leucorhynchus
Willard's Sooty Boubou;Laniarius willardi
Western Boubou;Laniarius poensis
Western Boubou (Cameroon);Laniarius poensis camerunensis
Western Boubou (Bioko);Laniarius poensis poensis
Albertine Boubou;Laniarius holomelas
Fülleborn's Boubou;Laniarius fuelleborni
Fülleborn's Boubou (Usambara);Laniarius fuelleborni usambaricus
Fülleborn's Boubou (Fülleborn's);Laniarius fuelleborni fuelleborni
boubou sp.;Laniarius sp.
Rosy-patched Bushshrike;Rhodophoneus cruentus
Bokmakierie;Telophorus zeylonus
Bokmakierie (Southern);Telophorus zeylonus [zeylonus Group]
Bokmakierie (Chimanimani);Telophorus zeylonus restrictus
Four-colored Bushshrike;Telophorus viridis
Four-colored Bushshrike (Gorgeous);Telophorus viridis viridis
Four-colored Bushshrike (Four-colored);Telophorus viridis [quadricolor Group]
Doherty's Bushshrike;Telophorus dohertyi
Gray-green Bushshrike;Chlorophoneus bocagei
Sulphur-breasted Bushshrike;Chlorophoneus sulfureopectus
Olive Bushshrike;Chlorophoneus olivaceus
Many-colored Bushshrike;Chlorophoneus multicolor
Black-fronted Bushshrike;Chlorophoneus nigrifrons
Mount Kupe Bushshrike;Chlorophoneus kupeensis
Fiery-breasted Bushshrike;Malaconotus cruentus
Lagden's Bushshrike;Malaconotus lagdeni
Lagden's Bushshrike (Lagden's);Malaconotus lagdeni lagdeni
Lagden's Bushshrike (Eastern);Malaconotus lagdeni centralis
Green-breasted Bushshrike;Malaconotus gladiator
Gray-headed Bushshrike;Malaconotus blanchoti
Monteiro's Bushshrike;Malaconotus monteiri
Monteiro's Bushshrike (Mt. Cameroon);Malaconotus monteiri perspicillatus
Monteiro's Bushshrike (Monteiro's);Malaconotus monteiri monteiri
Uluguru Bushshrike;Malaconotus alius
bushshrike sp.;Telophorus/Malaconotus sp.
Drongo Fantail;Chaetorhynchus papuensis
Cerulean Flycatcher;Eutrichomyias rowleyi
Taveuni Silktail;Lamprolia victoriae
Natewa Silktail;Lamprolia klinesmithi
Black Fantail;Rhipidura atra
Black-and-cinnamon Fantail;Rhipidura nigrocinnamomea
Mindanao Blue-Fantail;Rhipidura superciliaris
Visayan Blue-Fantail;Rhipidura samarensis
Tablas Fantail;Rhipidura sauli
Visayan Fantail;Rhipidura albiventris
Blue-headed Fantail;Rhipidura cyaniceps
Spotted Fantail;Rhipidura perlata
Cinnamon-tailed Fantail;Rhipidura fuscorufa
White-winged Fantail;Rhipidura cockerelli
White-winged Fantail (White-winged);Rhipidura cockerelli [cockerelli Group]
White-winged Fantail (Dot-breasted);Rhipidura cockerelli lavellae
White-winged Fantail (Black-breasted);Rhipidura cockerelli albina
White-gorgeted Fantail;Rhipidura coultasi
Northern Fantail;Rhipidura rufiventris
Northern Fantail (Obi);Rhipidura rufiventris obiensis
Northern Fantail (Buru);Rhipidura rufiventris bouruensis
Northern Fantail (Kai);Rhipidura rufiventris assimilis/finitima
Northern Fantail (Seram);Rhipidura rufiventris cinerea
Northern Fantail (Rote);Rhipidura rufiventris tenkatei
Northern Fantail (Timor);Rhipidura rufiventris rufiventris/pallidiceps
Northern Fantail (Banda Sea);Rhipidura rufiventris hoedti
Northern Fantail (Biak);Rhipidura rufiventris kordensis
Northern Fantail (Chin-spot);Rhipidura rufiventris nigromentalis
Northern Fantail (Melanesian);Rhipidura rufiventris [setosa Group]
Northern Fantail (Northern);Rhipidura rufiventris isura
Brown-capped Fantail;Rhipidura diluta
Sooty Thicket-Fantail;Rhipidura threnothorax
Black Thicket-Fantail;Rhipidura maculipectus
White-bellied Thicket-Fantail;Rhipidura leucothorax
Willie-wagtail;Rhipidura leucophrys
Malaysian Pied-Fantail;Rhipidura javanica
Philippine Pied-Fantail;Rhipidura nigritorquis
White-throated Fantail;Rhipidura albicollis
Spot-breasted Fantail;Rhipidura albogularis
White-throated x Spot-breasted Fantail (hybrid);Rhipidura albicollis x albogularis
White-throated/Spot-breasted Fantail;Rhipidura albicollis/albogularis
Rufous-tailed Fantail;Rhipidura phoenicura
White-bellied Fantail;Rhipidura euryura
White-browed Fantail;Rhipidura aureola
White-throated/White-browed Fantail;Rhipidura albicollis/aureola
Spot-breasted/White-browed Fantail;Rhipidura albogularis/aureola
Rufous-backed Fantail;Rhipidura rufidorsa
Dimorphic Fantail;Rhipidura brachyrhyncha
Bismarck Fantail;Rhipidura dahli
Mussau Fantail;Rhipidura matthiae
Malaita Fantail;Rhipidura malaitae
Sulawesi Fantail;Rhipidura teysmanni
Peleng Fantail;Rhipidura habibiei
Taliabu Fantail;Rhipidura sulaensis
Tawny-backed Fantail;Rhipidura superflua
Streak-breasted Fantail;Rhipidura dedemi
Long-tailed Fantail;Rhipidura opistherythra
Palau Fantail;Rhipidura lepida
Manus Fantail;Rhipidura semirubra
Supertramp Fantail;Rhipidura semicollaris
Supertramp Fantail (Lesser Sundas);Rhipidura semicollaris [semicollaris Group]
Supertramp Fantail (Pale-fronted);Rhipidura semicollaris elegantula
Supertramp Fantail (Babar);Rhipidura semicollaris reichenowi
Supertramp Fantail (Tanimbar);Rhipidura semicollaris hamadryas
Supertramp Fantail (Black-chested);Rhipidura semicollaris squamata/henrici
Arafura Fantail;Rhipidura dryas
Gilolo Fantail;Rhipidura torrida
Australian Rufous Fantail;Rhipidura rufifrons
Arafura/Australian Rufous Fantail;Rhipidura dryas/rufifrons
Louisiade Fantail;Rhipidura louisiadensis
Santa Cruz Fantail;Rhipidura melanolaema
Santa Cruz Fantail (White-fronted);Rhipidura melanolaema melanolaema/utupuae
Santa Cruz Fantail (Brown-fronted);Rhipidura melanolaema agilis
Micronesian Rufous Fantail;Rhipidura versicolor
Micronesian Rufous Fantail (Guam);Rhipidura versicolor uraniae
Micronesian Rufous Fantail (Marianas);Rhipidura versicolor saipanensis/mariae
Micronesian Rufous Fantail (Yap);Rhipidura versicolor versicolor
Solomons Rufous Fantail;Rhipidura rufofronta
Solomons Rufous Fantail (Brown-backed);Rhipidura rufofronta [rufofronta Group]
Solomons Rufous Fantail (Rufous-backed);Rhipidura rufofronta russata/kuperi
Solomons Rufous Fantail (Dark-throated);Rhipidura rufofronta ugiensis
Pohnpei Fantail;Rhipidura kubaryi
Friendly Fantail;Rhipidura albolimbata
Chestnut-bellied Fantail;Rhipidura hyperythra
Bougainville Fantail;Rhipidura drownei
Guadalcanal Fantail;Rhipidura ocularis
Vanuatu Streaked Fantail;Rhipidura spilodera
Fiji Streaked Fantail;Rhipidura layardi
Fiji Streaked Fantail (Viti Levu);Rhipidura layardi layardi
Fiji Streaked Fantail (Vanua Levu);Rhipidura layardi erythronota
Fiji Streaked Fantail (Taveuni);Rhipidura layardi rufilateralis
New Caledonian Streaked Fantail;Rhipidura verreauxi
Dusky Fantail;Rhipidura tenebrosa
Rennell Fantail;Rhipidura rennelliana
Kadavu Fantail;Rhipidura personata
Samoan Fantail;Rhipidura nebulosa
Gray Fantail;Rhipidura albiscapa
Gray Fantail (Melanesian);Rhipidura albiscapa [pelzelni Group]
Gray Fantail (keasti);Rhipidura albiscapa keasti
Gray Fantail (alisteri);Rhipidura albiscapa alisteri
Gray Fantail (albiscapa);Rhipidura albiscapa albiscapa
Gray Fantail (preissi);Rhipidura albiscapa preissi
Gray Fantail (albicauda);Rhipidura albiscapa albicauda
Mangrove Fantail;Rhipidura phasiana
New Zealand Fantail;Rhipidura fuliginosa
New Zealand Fantail (Lord Howe);Rhipidura fuliginosa cervina
New Zealand Fantail (New Zealand);Rhipidura fuliginosa [fuliginosa Group]
fantail sp.;Rhipidura sp.
Sharpe's Drongo;Dicrurus sharpei
Sharpe's Drongo (Western);Dicrurus sharpei occidentalis
Sharpe's Drongo (Eastern);Dicrurus sharpei sharpei
Square-tailed Drongo;Dicrurus ludwigii
Sharpe's/Square-tailed Drongo;Dicrurus sharpei/ludwigii
Shining Drongo;Dicrurus atripennis
Fork-tailed Drongo;Dicrurus adsimilis
Fork-tailed Drongo (Clancey's);Dicrurus adsimilis apivorus
Fork-tailed Drongo (adsimilis Group);Dicrurus adsimilis [adsimilis Group]
Fork-tailed Drongo (Glossy-backed);Dicrurus adsimilis divaricatus/lugubris
Velvet-mantled Drongo;Dicrurus modestus
Velvet-mantled Drongo (Fanti);Dicrurus modestus atactus
Velvet-mantled Drongo (Principe);Dicrurus modestus modestus
Velvet-mantled Drongo (coracinus);Dicrurus modestus coracinus
Aldabra Drongo;Dicrurus aldabranus
Grande Comore Drongo;Dicrurus fuscipennis
Crested Drongo;Dicrurus forficatus
Crested Drongo (Madagascar);Dicrurus forficatus forficatus
Crested Drongo (Comoro);Dicrurus forficatus potior
Mayotte Drongo;Dicrurus waldenii
Black Drongo;Dicrurus macrocercus
Ashy Drongo;Dicrurus leucophaeus
Ashy Drongo (Blackish/Sooty);Dicrurus leucophaeus [longicaudatus Group/leucophaeus Group]
Ashy Drongo (Blackish);Dicrurus leucophaeus [longicaudatus Group]
Ashy Drongo (Sooty);Dicrurus leucophaeus [leucophaeus Group]
Ashy Drongo (Hainan/White-cheeked/White-lored);Dicrurus leucophaeus innexus/leucogenis/salangensis
Ashy Drongo (White-cheeked);Dicrurus leucophaeus leucogenis
Ashy Drongo (White-lored);Dicrurus leucophaeus salangensis
Ashy Drongo (Hainan);Dicrurus leucophaeus innexus
Ashy Drongo (Sumatran);Dicrurus leucophaeus [periophthalmicus Group]
Ashy Drongo (Bornean);Dicrurus leucophaeus stigmatops
Black/Ashy Drongo;Dicrurus macrocercus/leucophaeus
White-bellied Drongo;Dicrurus caerulescens
White-bellied Drongo (White-bellied);Dicrurus caerulescens caerulescens
White-bellied Drongo (White-vented);Dicrurus caerulescens leucopygialis/insularis
Crow-billed Drongo;Dicrurus annectens
Bronzed Drongo;Dicrurus aeneus
Lesser Racket-tailed Drongo;Dicrurus remifer
Hair-crested Drongo;Dicrurus hottentottus
Hair-crested Drongo (Hair-crested);Dicrurus hottentottus hottentottus/brevirostris
Hair-crested Drongo (Mentawai);Dicrurus hottentottus viridinitens
Hair-crested Drongo (Bornean);Dicrurus hottentottus borneensis
Hair-crested Drongo (Javan);Dicrurus hottentottus jentincki/faberi
Hair-crested Drongo (White-eyed);Dicrurus hottentottus leucops/banggaiensis
Hair-crested Drongo (Obi);Dicrurus hottentottus guillemardi
Hair-crested Drongo (Sula);Dicrurus hottentottus pectoralis
Hair-crested Drongo (Sulu);Dicrurus hottentottus suluensis
Short-tailed Drongo;Dicrurus striatus
Palawan Drongo;Dicrurus palawanensis
Palawan Drongo (Palawan);Dicrurus palawanensis palawanensis
Palawan Drongo (Cuyo);Dicrurus palawanensis cuyensis
Balicassiao;Dicrurus balicassius
Balicassiao (Balicassiao);Dicrurus balicassius balicassius/abraensis
Balicassiao (Visayan);Dicrurus balicassius mirabilis
Sulawesi Drongo;Dicrurus montanus
Sumatran Drongo;Dicrurus sumatranus
Wallacean Drongo;Dicrurus densus
Wallacean Drongo (Lombok);Dicrurus densus vicinus
Wallacean Drongo (Flores);Dicrurus densus bimaensis
Wallacean Drongo (Sumba);Dicrurus densus sumbae
Wallacean Drongo (Timor);Dicrurus densus densus
Wallacean Drongo (Tanimbar);Dicrurus densus kuehni
Wallacean Drongo (Kai);Dicrurus densus megalornis
Ribbon-tailed Drongo;Dicrurus megarhynchus
Spangled Drongo;Dicrurus bracteatus
Spangled Drongo (Morotai);Dicrurus bracteatus morotensis
Spangled Drongo (Halmahera);Dicrurus bracteatus atrocaeruleus
Spangled Drongo (Buru);Dicrurus bracteatus buruensis
Spangled Drongo (Seram);Dicrurus bracteatus amboinensis
Spangled Drongo (Papuan);Dicrurus bracteatus carbonarius
Spangled Drongo (Bismarck);Dicrurus bracteatus laemostictus
Spangled Drongo (Guadalcanal);Dicrurus bracteatus meeki
Spangled Drongo (Makira);Dicrurus bracteatus longirostris
Spangled Drongo (Spangled);Dicrurus bracteatus [bracteatus Group]
Bacan Drongo (undescribed form);Dicrurus [undescribed form]
Tablas Drongo;Dicrurus menagei
Andaman Drongo;Dicrurus andamanensis
Greater Racket-tailed Drongo;Dicrurus paradiseus
Lesser/Greater Racket-tailed Drongo;Dicrurus remifer/paradiseus
Sri Lanka Drongo;Dicrurus lophorinus
drongo sp.;Dicrurus sp.
Halmahera Paradise-crow;Lycocorax pyrrhopterus
Obi Paradise-crow;Lycocorax obiensis
Trumpet Manucode;Phonygammus keraudrenii
Curl-crested Manucode;Manucodia comrii
Crinkle-collared Manucode;Manucodia chalybatus
Jobi Manucode;Manucodia jobiensis
Glossy-mantled Manucode;Manucodia ater
manucode sp.;Phonygammus/Manucodia sp.
King-of-Saxony Bird-of-Paradise;Pteridophora alberti
Carola's Parotia;Parotia carolae
Bronze Parotia;Parotia berlepschi
Western Parotia;Parotia sefilata
Wahnes's Parotia;Parotia wahnesi
Lawes's Parotia;Parotia lawesii
Eastern Parotia;Parotia helenae
Lawes's/Eastern Parotia;Parotia lawesii/helenae
Twelve-wired Bird-of-Paradise;Seleucidis melanoleucus
Black-billed Sicklebill;Drepanornis albertisi
Pale-billed Sicklebill;Drepanornis bruijnii
Standardwing Bird-of-Paradise;Semioptera wallacii
Vogelkop Lophorina;Lophorina superba
Western Parotia x Vogelkop Lophorina (hybrid);Parotia sefilata x Lophorina superba
Greater Lophorina;Lophorina latipennis
Carola's Parotia x Greater Lophorina (hybrid);Parotia carolae x Lophorina latipennis
Lesser Lophorina;Lophorina minor
lophorina sp.;Lophorina sp.
Paradise Riflebird;Ptiloris paradiseus
Victoria's Riflebird;Ptiloris victoriae
Magnificent Riflebird;Ptiloris magnificus
Growling Riflebird;Ptiloris intercedens
Black Sicklebill;Epimachus fastosus
Brown Sicklebill;Epimachus meyeri
Long-tailed Paradigalla;Paradigalla carunculata
Short-tailed Paradigalla;Paradigalla brevicauda
Splendid Astrapia;Astrapia splendidissima
Arfak Astrapia;Astrapia nigra
Huon Astrapia;Astrapia rothschildi
Stephanie's Astrapia;Astrapia stephaniae
Ribbon-tailed Astrapia;Astrapia mayeri
Stephanie's x Ribbon-tailed Astrapia (hybrid);Astrapia stephaniae x mayeri
Astrapia sp.;Astrapia sp.
King Bird-of-Paradise;Cicinnurus regius
Wilson's Bird-of-Paradise;Diphyllodes respublica
Magnificent Bird-of-Paradise;Diphyllodes magnificus
Blue Bird-of-Paradise;Paradisornis rudolphi
Emperor Bird-of-Paradise;Paradisaea guilielmi
Red Bird-of-Paradise;Paradisaea rubra
Goldie's Bird-of-Paradise;Paradisaea decora
Lesser Bird-of-Paradise;Paradisaea minor
Raggiana Bird-of-Paradise;Paradisaea raggiana
Lesser x Raggiana Bird-of-Paradise (hybrid);Paradisaea minor x raggiana
Lesser/Raggiana Bird-of-Paradise;Paradisaea minor/raggiana
Greater Bird-of-Paradise;Paradisaea apoda
Raggiana x Greater Bird-of-Paradise (hybrid);Paradisaea raggiana x apoda
Raggiana/Greater Bird-of-Paradise;Paradisaea raggiana/apoda
bird-of-paradise sp.;Paradisaeidae sp.
Blue-capped Ifrita;Ifrita kowaldi
Blue-headed Crested Flycatcher;Trochocercus nitens
African Crested Flycatcher;Trochocercus cyanomelas
African Crested Flycatcher (Eastern);Trochocercus cyanomelas [bivittatus Group]
African Crested Flycatcher (Southern);Trochocercus cyanomelas cyanomelas/segregus
Short-crested Monarch;Hypothymis helenae
Black-naped Monarch;Hypothymis azurea
Pale-blue Monarch;Hypothymis puella
Celestial Monarch;Hypothymis coelestis
Blue Paradise-Flycatcher;Terpsiphone cyanescens
Rufous Paradise-Flycatcher;Terpsiphone cinnamomea
Rufous Paradise-Flycatcher (Northern);Terpsiphone cinnamomea unirufa
Rufous Paradise-Flycatcher (Southern);Terpsiphone cinnamomea cinnamomea/talautensis
Black Paradise-Flycatcher;Terpsiphone atrocaudata
Black Paradise-Flycatcher (Northern);Terpsiphone atrocaudata atrocaudata/illex
Black Paradise-Flycatcher (Philippines);Terpsiphone atrocaudata periophthalmica
Amur Paradise-Flycatcher;Terpsiphone incei
Black/Amur Paradise-Flycatcher;Terpsiphone atrocaudata/incei
Blyth's Paradise-Flycatcher;Terpsiphone affinis
Tenggara Paradise-Flycatcher;Terpsiphone floris
Black-naped Monarch x Blyth's Paradise-Flycatcher (hybrid);Hypothymis azurea x Terpsiphone affinis
Amur/Blyth's Paradise-Flycatcher;Terpsiphone incei/affinis
Mascarene Paradise-Flycatcher;Terpsiphone bourbonnensis
Indian Paradise-Flycatcher;Terpsiphone paradisi
Blyth's/Indian Paradise-Flycatcher;Terpsiphone affinis/paradisi
Amur/Blyth's/Indian Paradise-Flycatcher;Terpsiphone incei/affinis/paradisi
Sao Tome Paradise-Flycatcher;Terpsiphone atrochalybeia
Seychelles Paradise-Flycatcher;Terpsiphone corvina
Malagasy Paradise-Flycatcher;Terpsiphone mutata
Malagasy Paradise-Flycatcher (Malagasy);Terpsiphone mutata [mutata Group]
Malagasy Paradise-Flycatcher (Comoro);Terpsiphone mutata vulpina/voeltzkowiana
Malagasy Paradise-Flycatcher (Grande Comore);Terpsiphone mutata comorensis
Black-headed Paradise-Flycatcher;Terpsiphone rufiventer
Black-headed Paradise-Flycatcher (Red-bellied);Terpsiphone rufiventer [rufiventer Group]
Black-headed Paradise-Flycatcher (Tricolored);Terpsiphone rufiventer tricolor/neumanni
Black-headed Paradise-Flycatcher (Annobon);Terpsiphone rufiventer smithii
Bedford's Paradise-Flycatcher;Terpsiphone bedfordi
Rufous-vented Paradise-Flycatcher;Terpsiphone rufocinerea
Bates's Paradise-Flycatcher;Terpsiphone batesi
African Paradise-Flycatcher;Terpsiphone viridis
Black-headed x African Paradise-Flycatcher (hybrid);Terpsiphone rufiventer x viridis
Rufous-vented x African Paradise-Flycatcher (hybrid);Terpsiphone rufocinerea x viridis
Rufous-vented/Bates's Paradise-Flycatcher;Terpsiphone rufocinerea/batesi
paradise-flycatcher sp.;Terpsiphone sp.
Hawaii Elepaio;Chasiempis sandwichensis
Hawaii Elepaio (Kona coast);Chasiempis sandwichensis sandwichensis
Hawaii Elepaio (Mauna Kea);Chasiempis sandwichensis bryani
Hawaii Elepaio (Hilo coast);Chasiempis sandwichensis ridgwayi
Kauai Elepaio;Chasiempis sclateri
Oahu Elepaio;Chasiempis ibidis
Tahiti Monarch;Pomarea nigra
Maupiti Monarch;Pomarea maupitiensis
Rarotonga Monarch;Pomarea dimidiata
Eiao Monarch;Pomarea fluxa
Nuku Hiva Monarch;Pomarea nukuhivae
Iphis Monarch;Pomarea iphis
Ua Pou Monarch;Pomarea mira
Marquesan Monarch;Pomarea mendozae
Fatu Hiva Monarch;Pomarea whitneyi
Ogea Monarch;Mayrornis versicolor
Slaty Monarch;Mayrornis lessoni
Vanikoro Monarch;Mayrornis schistaceus
Buff-bellied Monarch;Neolalage banksiana
Southern Shrikebill;Clytorhynchus pachycephaloides
Rennell Shrikebill;Clytorhynchus hamlini
Fiji Shrikebill;Clytorhynchus vitiensis
Fiji Shrikebill (Manua);Clytorhynchus vitiensis powelli
Fiji Shrikebill (Fiji);Clytorhynchus vitiensis [vitiensis Group]
Fiji Shrikebill (Fortuna);Clytorhynchus vitiensis fortunae
Fiji Shrikebill (Dusky);Clytorhynchus vitiensis keppeli
Black-throated Shrikebill;Clytorhynchus nigrogularis
Black-throated Shrikebill (Black-faced);Clytorhynchus nigrogularis nigrogularis
Black-throated Shrikebill (Kadavu);Clytorhynchus nigrogularis maximus
Fiji/Black-throated Shrikebill;Clytorhynchus vitiensis/nigrogularis
Santa Cruz Shrikebill;Clytorhynchus sanctaecrucis
White-naped Monarch;Carterornis pileatus
Tanimbar Monarch;Carterornis castus
White-eared Monarch;Carterornis leucotis
Golden Monarch;Carterornis chrysomela
Chuuk Monarch;Metabolus rugensis
Yap Monarch;Monarcha godeffroyi
Tinian Monarch;Monarcha takatsukasae
Island Monarch;Monarcha cinerascens
White-capped Monarch;Monarcha richardsii
Chestnut-bellied Monarch;Monarcha castaneiventris
Chestnut-bellied Monarch (Chestnut-bellied);Monarcha castaneiventris castaneiventris/obscurior
Chestnut-bellied Monarch (Makira);Monarcha castaneiventris megarhynchus
Chestnut-bellied Monarch (Ugi);Monarcha castaneiventris ugiensis
Chestnut-bellied Monarch (Bougainville);Monarcha castaneiventris erythrostictus
Black-faced Monarch;Monarcha melanopsis
Black-winged Monarch;Monarcha frater
Black-winged Monarch (Arfak);Monarcha frater frater
Black-winged Monarch (Masked);Monarcha frater kunupi/periophthalmicus
Black-winged Monarch (Pearly);Monarcha frater canescens
Black-faced x Black-winged Monarch (hybrid);Monarcha melanopsis x frater
Monarcha sp.;Monarcha sp.
Fan-tailed Monarch;Symposiachrus axillaris
Rufous Monarch;Symposiachrus rubiensis
Flores Monarch;Symposiachrus sacerdotum
Boano Monarch;Symposiachrus boanensis
Moluccan Spectacled Monarch;Symposiachrus bimaculatus
Moluccan Spectacled Monarch (Halmahera);Symposiachrus bimaculatus bimaculatus
Moluccan Spectacled Monarch (Obi);Symposiachrus bimaculatus diadematus
Moluccan Spectacled Monarch (Seram);Symposiachrus bimaculatus nigrimentum/wellsi
Australian Spectacled Monarch;Symposiachrus trivirgatus
Australian Spectacled Monarch (Western);Symposiachrus trivirgatus trivirgatus/albiventris
Australian Spectacled Monarch (Eastern);Symposiachrus trivirgatus gouldii/melanorrhous
Louisiade Spectacled Monarch;Symposiachrus melanopterus
Kai Monarch;Symposiachrus leucurus
Tanahjampea Monarch;Symposiachrus everetti
Buru Monarch;Symposiachrus loricatus
Kofiau Monarch;Symposiachrus julianae
Biak Monarch;Symposiachrus brehmii
Hooded Monarch;Symposiachrus manadensis
Manus Monarch;Symposiachrus infelix
Mussau Monarch;Symposiachrus menckei
Bismarck Monarch;Symposiachrus verticalis
Bismarck Monarch (Djaul);Symposiachrus verticalis ateralbus
Bismarck Monarch (Black-tailed);Symposiachrus verticalis verticalis
Solomons Monarch;Symposiachrus barbatus
Malaita Monarch;Symposiachrus malaitae
Kolombangara Monarch;Symposiachrus browni
Vella Lavella Monarch;Symposiachrus nigrotectus
Banda Sea Monarch;Symposiachrus mundus
White-collared Monarch;Symposiachrus vidua
Spot-winged Monarch;Symposiachrus guttula
Frilled Monarch;Arses telescopthalmus
Frill-necked Monarch;Arses lorealis
Ochre-collared Monarch;Arses insularis
Frilled x Ochre-collared Monarch (hybrid);Arses telescopthalmus x insularis
Pied Monarch;Arses kaupi
Magpie-lark;Grallina cyanoleuca
Torrent-lark;Grallina bruijnii
Palau Flycatcher;Myiagra erythrops
Guam Flycatcher;Myiagra freycineti
Pohnpei Flycatcher;Myiagra pluto
Chuuk Flycatcher;Myiagra oceanica
Biak Flycatcher;Myiagra atra
Moluccan Flycatcher;Myiagra galeata
Leaden Flycatcher;Myiagra rubecula
Steel-blue Flycatcher;Myiagra ferrocyanea
Ochre-headed Flycatcher;Myiagra cervinicauda
Melanesian Flycatcher;Myiagra caledonica
Vanikoro Flycatcher;Myiagra vanikorensis
Samoan Flycatcher;Myiagra albiventris
Azure-crested Flycatcher;Myiagra azureocapilla
Chestnut-throated Flycatcher;Myiagra castaneigularis
Broad-billed Flycatcher;Myiagra ruficollis
Satin Flycatcher;Myiagra cyanoleuca
Leaden/Satin Flycatcher;Myiagra rubecula/cyanoleuca
Restless Flycatcher;Myiagra inquieta
Paperbark Flycatcher;Myiagra nana
Restless/Paperbark Flycatcher;Myiagra inquieta/nana
Shining Flycatcher;Myiagra alecto
Mussau Flycatcher;Myiagra hebetior
Velvet Flycatcher;Myiagra eichhorni
Velvet Flycatcher (Velvet);Myiagra eichhorni eichhorni
Velvet Flycatcher (Djaul);Myiagra eichhorni cervinicolor
Myiagra sp.;Myiagra sp.
White-winged Chough;Corcorax melanorhamphos
Apostlebird;Struthidea cinerea
Lesser Melampitta;Melampitta lugubris
Greater Melampitta;Megalampitta gigantea
Crested Jayshrike;Platylophus galericulatus
Yellow-billed Shrike;Corvinella corvina
Magpie Shrike;Urolestes melanoleucus
Tiger Shrike;Lanius tigrinus
Bull-headed Shrike;Lanius bucephalus
Red-backed Shrike;Lanius collurio
Red-tailed Shrike;Lanius phoenicuroides
Red-backed x Red-tailed Shrike (hybrid);Lanius collurio x phoenicuroides
Isabelline Shrike;Lanius isabellinus
Isabelline Shrike (Daurian);Lanius isabellinus isabellinus
Isabelline Shrike (Chinese);Lanius isabellinus arenarius/tsaidamensis
Red-tailed/Isabelline Shrike;Lanius phoenicuroides/isabellinus
Brown Shrike;Lanius cristatus
Brown Shrike (Brown);Lanius cristatus cristatus/confusus
Brown Shrike (Japanese);Lanius cristatus superciliosus
Brown Shrike (Philippine);Lanius cristatus lucionensis
Tiger x Brown Shrike (hybrid);Lanius tigrinus x cristatus
Red-tailed/Isabelline/Brown Shrike;Lanius phoenicuroides/isabellinus/cristatus
Burmese Shrike;Lanius collurioides
Emin's Shrike;Lanius gubernator
Bay-backed Shrike;Lanius vittatus
Long-tailed Shrike;Lanius schach
Long-tailed Shrike (erythronotus/caniceps);Lanius schach erythronotus/caniceps
Long-tailed Shrike (schach);Lanius schach schach
Long-tailed Shrike (tricolor/longicaudatus);Lanius schach tricolor/longicaudatus
Long-tailed Shrike (schach x tricolor);Lanius schach schach x tricolor
Long-tailed Shrike (bentet);Lanius schach bentet
Long-tailed Shrike (nasutus Group);Lanius schach [nasutus Group]
Bay-backed/Long-tailed Shrike;Lanius vittatus/schach
Gray-backed Shrike;Lanius tephronotus
Mountain Shrike;Lanius validirostris
Loggerhead Shrike;Lanius ludovicianus
Northern Shrike;Lanius borealis
Northern Shrike (Asian);Lanius borealis [mollis Group]
Northern Shrike (American);Lanius borealis borealis
Loggerhead/Northern Shrike;Lanius ludovicianus/borealis
Iberian Gray Shrike;Lanius meridionalis
Great Gray Shrike;Lanius excubitor
Great Gray Shrike (Great Gray);Lanius excubitor [excubitor Group]
Great Gray Shrike (Sahara);Lanius excubitor [elegans Group]
Great Gray Shrike (Arabian);Lanius excubitor aucheri/buryi
Great Gray Shrike (Socotra);Lanius excubitor uncinatus
Great Gray Shrike (Steppe);Lanius excubitor pallidirostris
Great Gray Shrike (Indian);Lanius excubitor lahtora
Northern/Great Gray Shrike;Lanius borealis/excubitor
Iberian Gray/Great Gray Shrike;Lanius meridionalis/excubitor
Lesser Gray Shrike;Lanius minor
Chinese Gray Shrike;Lanius sphenocercus
Giant Shrike;Lanius giganteus
Chinese Gray/Giant Shrike;Lanius sphenocercus/giganteus
Gray-backed Fiscal;Lanius excubitoroides
Long-tailed Fiscal;Lanius cabanisi
Taita Fiscal;Lanius dorsalis
Somali Fiscal;Lanius somalicus
Mackinnon's Shrike;Lanius mackinnoni
Northern Fiscal;Lanius humeralis
Southern Fiscal;Lanius collaris
Southern Fiscal (Uhehe);Lanius collaris marwitzi
Southern Fiscal (Southern);Lanius collaris collaris/pyrrhostictus
Southern Fiscal (Latakoo);Lanius collaris subcoronatus/aridicolus
Northern/Southern Fiscal (Common Fiscal);Lanius humeralis/collaris
Souza's Shrike;Lanius souzae
Newton's Fiscal;Lanius newtoni
Masked Shrike;Lanius nubicus
Woodchat Shrike;Lanius senator
Woodchat Shrike (Western);Lanius senator senator
Woodchat Shrike (Balearic);Lanius senator badius
Woodchat Shrike (Caucasian);Lanius senator niloticus
Red-backed x Woodchat Shrike (hybrid);Lanius collurio x senator
shrike sp.;Laniidae sp.
White-rumped Shrike;Eurocephalus ruppelli
White-crowned Shrike;Eurocephalus anguitimens
Malayan Black Magpie;Platysmurus leucopterus
Bornean Black Magpie;Platysmurus aterrimus
Siberian Jay;Perisoreus infaustus
Sichuan Jay;Perisoreus internigrans
Canada Jay;Perisoreus canadensis
Canada Jay (Boreal);Perisoreus canadensis [canadensis Group]
Canada Jay (Rocky Mts.);Perisoreus canadensis capitalis/bicolor
Canada Jay (Pacific);Perisoreus canadensis obscurus/griseus
White-throated Jay;Cyanolyca mirabilis
Dwarf Jay;Cyanolyca nanus
Black-throated Jay;Cyanolyca pumilo
Silvery-throated Jay;Cyanolyca argentigula
Azure-hooded Jay;Cyanolyca cucullata
Beautiful Jay;Cyanolyca pulchra
Black-collared Jay;Cyanolyca armillata
Black-collared Jay (Black-collared);Cyanolyca armillata armillata/meridana
Black-collared Jay (Quindio);Cyanolyca armillata quindiuna
Turquoise Jay;Cyanolyca turcosa
White-collared Jay;Cyanolyca viridicyanus
Black-throated Magpie-Jay;Cyanocorax colliei
White-throated Magpie-Jay;Cyanocorax formosus
Black-throated x White-throated Magpie-Jay (hybrid);Cyanocorax colliei x formosus
Black-throated/White-throated Magpie-Jay;Cyanocorax colliei/formosus
Brown Jay;Cyanocorax morio
Azure Jay;Cyanocorax caeruleus
Violaceous Jay;Cyanocorax violaceus
Purplish Jay;Cyanocorax cyanomelas
Curl-crested Jay;Cyanocorax cristatellus
Green Jay;Cyanocorax yncas
Green Jay (Green);Cyanocorax yncas [luxuosus Group]
Green Jay (Inca);Cyanocorax yncas [yncas Group]
White-tailed Jay;Cyanocorax mystacalis
Bushy-crested Jay;Cyanocorax melanocyaneus
Yucatan Jay;Cyanocorax yucatanicus
Purplish-backed Jay;Cyanocorax beecheii
San Blas Jay;Cyanocorax sanblasianus
Tufted Jay;Cyanocorax dickeyi
Black-chested Jay;Cyanocorax affinis
Azure-naped Jay;Cyanocorax heilprini
Azure-naped Jay (Azure-naped);Cyanocorax heilprini heilprini
Azure-naped Jay (Campina);Cyanocorax heilprini hafferi
Cayenne Jay;Cyanocorax cayanus
Plush-crested Jay;Cyanocorax chrysops
White-naped Jay;Cyanocorax cyanopogon
Cyanocorax sp.;Cyanocorax sp.
Pinyon Jay;Gymnorhinus cyanocephalus
Steller's Jay;Cyanocitta stelleri
Steller's Jay (Coastal);Cyanocitta stelleri [stelleri Group]
Steller's Jay (Northwest Interior);Cyanocitta stelleri annectens
Steller's Jay (Southwest Interior);Cyanocitta stelleri [diademata Group]
Steller's Jay (Middle American);Cyanocitta stelleri [coronata Group]
Blue Jay;Cyanocitta cristata
Green x Blue Jay (hybrid);Cyanocorax yncas x Cyanocitta cristata
Steller's x Blue Jay (hybrid);Cyanocitta stelleri x cristata
Florida Scrub-Jay;Aphelocoma coerulescens
Island Scrub-Jay;Aphelocoma insularis
California Scrub-Jay;Aphelocoma californica
Steller's Jay x California Scrub-Jay (hybrid);Cyanocitta stelleri x Aphelocoma californica
Woodhouse's Scrub-Jay;Aphelocoma woodhouseii
Woodhouse's Scrub-Jay (Woodhouse's);Aphelocoma woodhouseii [woodhouseii Group]
Woodhouse's Scrub-Jay (Sumichrast's);Aphelocoma woodhouseii sumichrasti/remota
Steller's Jay x Woodhouse's Scrub-Jay (hybrid);Cyanocitta stelleri x Aphelocoma woodhouseii
California/Woodhouse's Scrub-Jay;Aphelocoma californica/woodhouseii
Mexican Jay;Aphelocoma wollweberi
Mexican Jay (Arizona);Aphelocoma wollweberi [wollweberi Group]
Mexican Jay (Couch's);Aphelocoma wollweberi couchii
Mexican Jay (San Luis Potosi);Aphelocoma wollweberi potosina
Transvolcanic Jay;Aphelocoma ultramarina
Mexican/Transvolcanic Jay;Aphelocoma wollweberi/ultramarina
Unicolored Jay;Aphelocoma unicolor
Aphelocoma sp.;Aphelocoma sp.
Eurasian Jay;Garrulus glandarius
Eurasian Jay (Eurasian);Garrulus glandarius [glandarius Group]
Eurasian Jay (Black-capped);Garrulus glandarius [atricapillus Group]
Eurasian Jay (Black-crowned);Garrulus glandarius [cervicalis Group]
Eurasian Jay (Iranian);Garrulus glandarius hyrcanus
Eurasian Jay (Brandt's);Garrulus glandarius [brandtii Group]
Eurasian Jay (Himalayan);Garrulus glandarius [bispecularis Group]
Eurasian Jay (White-faced);Garrulus glandarius leucotis/oatesi
Eurasian Jay (Japanese);Garrulus glandarius [japonicus Group]
Black-headed Jay;Garrulus lanceolatus
Lidth's Jay;Garrulus lidthi
jay sp.;Corvidae sp. (jay sp.)
Iberian Magpie;Cyanopica cooki
Azure-winged Magpie;Cyanopica cyanus
Azure-winged Magpie (Azure-winged);Cyanopica cyanus [cyanus Group]
Azure-winged Magpie (Japanese);Cyanopica cyanus japonica
Sri Lanka Blue-Magpie;Urocissa ornata
Taiwan Blue-Magpie;Urocissa caerulea
Yellow-billed Blue-Magpie;Urocissa flavirostris
Red-billed Blue-Magpie;Urocissa erythroryncha
Yellow-billed/Red-billed Blue-Magpie;Urocissa flavirostris/erythroryncha
White-winged Magpie;Urocissa whiteheadi
White-winged Magpie (Black-tailed);Urocissa whiteheadi xanthomelana
White-winged Magpie (Gray-tailed);Urocissa whiteheadi whiteheadi
Common Green-Magpie;Cissa chinensis
Common Green-Magpie (Common);Cissa chinensis [chinensis Group]
Common Green-Magpie (Yellow-crowned);Cissa chinensis margaritae
Indochinese Green-Magpie;Cissa hypoleuca
Javan Green-Magpie;Cissa thalassina
Bornean Green-Magpie;Cissa jefferyi
green-magpie sp.;Cissa sp.
Rufous Treepie;Dendrocitta vagabunda
Gray Treepie;Dendrocitta formosae
Rufous/Gray Treepie;Dendrocitta vagabunda/formosae
Sumatran Treepie;Dendrocitta occipitalis
Bornean Treepie;Dendrocitta cinerascens
White-bellied Treepie;Dendrocitta leucogastra
Collared Treepie;Dendrocitta frontalis
Andaman Treepie;Dendrocitta bayleii
Racket-tailed Treepie;Crypsirina temia
Hooded Treepie;Crypsirina cucullata
Ratchet-tailed Treepie;Temnurus temnurus
treepie sp.;Dendrocitta/Crypsirina/Temnurus sp.
Maghreb Magpie;Pica mauritanica
Asir Magpie;Pica asirensis
Black-rumped Magpie;Pica bottanensis
Oriental Magpie;Pica serica
Eurasian Magpie;Pica pica
Eurasian Magpie (Iberian);Pica pica melanotos
Eurasian Magpie (Eurasian);Pica pica [pica Group]
Eurasian Magpie (Kamchatkan);Pica pica camtschatica
Oriental/Eurasian Magpie;Pica serica/pica
Black-billed Magpie;Pica hudsonia
Yellow-billed Magpie;Pica nuttalli
Pica sp.;Pica sp.
Ethiopian Bushcrow;Zavattariornis stresemanni
Mongolian Ground-Jay;Podoces hendersoni
Xinjiang Ground-Jay;Podoces biddulphi
Turkestan Ground-Jay;Podoces panderi
Iranian Ground-Jay;Podoces pleskei
Clark's Nutcracker;Nucifraga columbiana
Northern Nutcracker;Nucifraga caryocatactes
Southern Nutcracker;Nucifraga hemispila
Northern/Southern Nutcracker;Nucifraga caryocatactes/hemispila
Kashmir Nutcracker;Nucifraga multipunctata
Red-billed Chough;Pyrrhocorax pyrrhocorax
Red-billed Chough (Red-billed);Pyrrhocorax pyrrhocorax [pyrrhocorax Group]
Red-billed Chough (Ethiopian);Pyrrhocorax pyrrhocorax baileyi
Yellow-billed Chough;Pyrrhocorax graculus
Red-billed/Yellow-billed Chough;Pyrrhocorax pyrrhocorax/graculus
Piapiac;Ptilostomus afer
Eurasian Jackdaw;Coloeus monedula
Daurian Jackdaw;Coloeus dauuricus
Eurasian/Daurian Jackdaw;Coloeus monedula/dauuricus
House Crow;Corvus splendens
New Caledonian Crow;Corvus moneduloides
Banggai Crow;Corvus unicolor
Sunda Crow;Corvus enca
Sierra Madre Crow;Corvus sierramadrensis
Samar Crow;Corvus samarensis
Sulawesi Crow;Corvus celebensis
Palawan Crow;Corvus pusillus
Violet Crow;Corvus violaceus
Piping Crow;Corvus typicus
Flores Crow;Corvus florensis
Mariana Crow;Corvus kubaryi
Long-billed Crow;Corvus validus
Guadalcanal Crow;Corvus woodfordi
Bougainville Crow;Corvus meeki
Brown-headed Crow;Corvus fuscicapillus
Gray Crow;Corvus tristis
Cape Crow;Corvus capensis
Rook;Corvus frugilegus
Rook (Western);Corvus frugilegus frugilegus
Rook (Eastern);Corvus frugilegus pastinator
American Crow;Corvus brachyrhynchos
Cuban Palm-Crow;Corvus minutus
Hispaniolan Palm-Crow;Corvus palmarum
Cuban Crow;Corvus nasicus
White-necked Crow;Corvus leucognaphalus
Jamaican Crow;Corvus jamaicensis
Tamaulipas Crow;Corvus imparatus
Sinaloa Crow;Corvus sinaloae
Fish Crow;Corvus ossifragus
House x Fish Crow (hybrid);Corvus splendens x ossifragus
American/Fish Crow;Corvus brachyrhynchos/ossifragus
Hawaiian Crow;Corvus hawaiiensis
Chihuahuan Raven;Corvus cryptoleucus
Carrion Crow;Corvus corone
Carrion Crow (Western);Corvus corone corone
Carrion Crow (Eastern);Corvus corone orientalis
Hooded Crow;Corvus cornix
Hooded Crow (Hooded);Corvus cornix [cornix Group]
Hooded Crow (Mesopotamian);Corvus cornix capellanus
Carrion/Hooded Crow;Corvus corone/cornix
Carrion x Hooded Crow (hybrid);Corvus corone x cornix
Large-billed Crow;Corvus macrorhynchos
Large-billed Crow (Large-billed);Corvus macrorhynchos [macrorhynchos Group]
Large-billed Crow (Indian Jungle);Corvus macrorhynchos culminatus
Large-billed Crow (Eastern);Corvus macrorhynchos levaillantii
Carrion/Large-billed Crow;Corvus corone/macrorhynchos
Philippine Jungle Crow;Corvus philippinus
Torresian Crow;Corvus orru
Bismarck Crow;Corvus insularis
Little Crow;Corvus bennetti
Australian Raven;Corvus coronoides
Australian Raven (Eastern);Corvus coronoides coronoides
Australian Raven (Western);Corvus coronoides perplexus
Little Raven;Corvus mellori
Forest Raven;Corvus tasmanicus
Collared Crow;Corvus torquatus
Pied Crow;Corvus albus
Brown-necked Raven;Corvus ruficollis
Somali Crow;Corvus edithae
Pied x Somali Crow (hybrid);Corvus albus x edithae
crow sp.;Corvus sp. (crow sp.)
Fan-tailed Raven;Corvus rhipidurus
White-necked Raven;Corvus albicollis
Thick-billed Raven;Corvus crassirostris
Common Raven;Corvus corax
raven sp.;Corvus sp. (raven sp.)
crow/raven sp.;Corvus sp.
corvid sp.;Corvidae sp.
Loria's Satinbird;Cnemophilus loriae
Crested Satinbird;Cnemophilus macgregorii
Crested Satinbird (Red);Cnemophilus macgregorii sanguineus
Crested Satinbird (Yellow);Cnemophilus macgregorii macgregorii
Yellow-breasted Satinbird;Loboparadisea sericea
Obscure Berrypecker;Melanocharis arfakiana
Black Berrypecker;Melanocharis nigra
Mid-mountain Berrypecker;Melanocharis longicauda
Fan-tailed Berrypecker;Melanocharis versteri
Satin Berrypecker;Melanocharis citreola
Streaked Berrypecker;Melanocharis striativentris
Thick-billed Berrypecker;Melanocharis crassirostris
Spotted Berrypecker;Melanocharis piperata
Melanocharis berrypecker sp.;Melanocharis sp.
Yellow-bellied Longbill;Toxorhamphus novaeguineae
Slaty-chinned Longbill;Toxorhamphus poliopterus
Yellow-bellied/Slaty-chinned Longbill;Toxorhamphus novaeguineae/poliopterus
Spectacled Longbill;Oedistoma iliolophus
Pygmy Longbill;Oedistoma pygmaeum
North Island Kokako;Callaeas wilsoni
South Island Kokako;Callaeas cinereus
North Island Saddleback;Philesturnus rufusater
South Island Saddleback;Philesturnus carunculatus
Huia;Heteralocha acutirostris
Stitchbird;Notiomystis cincta
Greater Ground-Robin;Amalocichla sclateriana
Lesser Ground-Robin;Amalocichla incerta
White-eyed Robin;Pachycephalopsis poliosoma
Green-backed Robin;Pachycephalopsis hattamensis
Garnet Robin;Eugerygone rubra
Tomtit;Petroica macrocephala
Tomtit (New Zealand);Petroica macrocephala [macrocephala Group]
Tomtit (Snares Is.);Petroica macrocephala dannefaerdi
Black Robin;Petroica traversi
North Island Robin;Petroica longipes
South Island Robin;Petroica australis
Subalpine Robin;Petroica bivittata
Snow Mountain Robin;Petroica archboldi
Norfolk Robin;Petroica multicolor
Red-capped Robin;Petroica goodenovii
Solomons Robin;Petroica polymorpha
Pacific Robin;Petroica pusilla
Pacific Robin (Vanuatu);Petroica pusilla [similis Group]
Pacific Robin (Samoan);Petroica pusilla pusilla
Rose Robin;Petroica rosea
Pink Robin;Petroica rodinogaster
Flame Robin;Petroica phoenicea
Scarlet Robin;Petroica boodang
Scarlet Robin (Campbell's);Petroica boodang campbelli
Scarlet Robin (Scarlet);Petroica boodang boodang/leggii
Petroica sp.;Petroica sp.
Canary Flyrobin;Devioeca papuana
Olive Flyrobin;Kempiella flavovirescens
Yellow-legged Flyrobin;Kempiella griseoceps
Yellow-bellied Flyrobin;Cryptomicroeca flaviventris
Torrent Flyrobin;Monachella muelleriana
Torrent Flyrobin (Torrent);Monachella muelleriana muelleriana
Torrent Flyrobin (New Britain);Monachella muelleriana coultasi
Golden-bellied Flyrobin;Microeca hemixantha
Lemon-bellied Flyrobin;Microeca flavigaster
Lemon-bellied Flyrobin (Lemon-bellied);Microeca flavigaster [flavigaster Group]
Lemon-bellied Flyrobin (Kimberley);Microeca flavigaster tormenti
Bismarck Flyrobin (undescribed form);Microeca [undescribed form]
Jacky-winter;Microeca fascinans
flyrobin sp.;Microeca/Devioeca/Kempiella sp.
Southern Scrub-Robin;Drymodes brunneopygia
Northern Scrub-Robin;Drymodes superciliaris
Papuan Scrub-Robin;Drymodes beccarii
Gray-headed Robin;Heteromyias cinereifrons
Black-capped Robin;Heteromyias armiti
Arfak Robin;Heteromyias albispecularis
Black-chinned Robin;Leucophantes brachyurus
Black-throated Robin;Plesiodryas albonotata
Black-sided Robin;Poecilodryas hypoleuca
White-browed Robin;Poecilodryas superciliosa
Buff-sided Robin;Poecilodryas cerviniventris
Dusky Robin;Melanodryas vittata
Hooded Robin;Melanodryas cucullata
White-rumped Robin;Melanodryas bimaculata
Mangrove Robin;Melanodryas pulverulenta
White-winged Robin;Melanodryas sigillata
Blue-gray Robin;Melanodryas cyanus
Smoky Robin;Melanodryas cryptoleuca
Banded Yellow Robin;Eopsaltria placens
Eastern Yellow Robin;Eopsaltria australis
Eastern Yellow Robin (Wet Tropics);Eopsaltria australis chrysorrhos
Eastern Yellow Robin (Southeastern);Eopsaltria australis australis
Western Yellow Robin;Eopsaltria griseogularis
Western Yellow Robin (Yellow-rumped);Eopsaltria griseogularis griseogularis
Western Yellow Robin (Green-rumped);Eopsaltria griseogularis rosinae
White-breasted Robin;Eopsaltria georgiana
Pale-yellow Robin;Eopsaltria capito
Pale-yellow Robin (Buff-lored);Eopsaltria capito nana
Pale-yellow Robin (White-lored);Eopsaltria capito capito
White-faced Robin;Eopsaltria leucops
White-necked Rockfowl;Picathartes gymnocephalus
Gray-necked Rockfowl;Picathartes oreas
Cape Rockjumper;Chaetops frenatus
Drakensberg Rockjumper;Chaetops aurantius
Malaysian Rail-babbler;Eupetes macrocerus
Yellow-bellied Hyliota;Hyliota flavigaster
Southern Hyliota;Hyliota australis
Usambara Hyliota;Hyliota usambara
Violet-backed Hyliota;Hyliota violacea
Fairy Flycatcher;Stenostira scita
Yellow-bellied Fairy-Fantail;Chelidorhynx hypoxanthus
African Blue Flycatcher;Elminia longicauda
White-tailed Blue Flycatcher;Elminia albicauda
Dusky Crested Flycatcher;Elminia nigromitrata
White-bellied Crested Flycatcher;Elminia albiventris
White-bellied Crested Flycatcher (White-bellied);Elminia albiventris albiventris
White-bellied Crested Flycatcher (Toro);Elminia albiventris toroensis
White-tailed Crested Flycatcher;Elminia albonotata
Gray-headed Canary-Flycatcher;Culicicapa ceylonensis
Citrine Canary-Flycatcher;Culicicapa helianthea
Fire-capped Tit;Cephalopyrus flammiceps
Yellow-browed Tit;Sylviparus modestus
Sultan Tit;Melanochlora sultanea
Sultan Tit (Yellow-crested);Melanochlora sultanea [sultanea Group]
Sultan Tit (Black-crested);Melanochlora sultanea gayeti
Coal Tit;Periparus ater
Coal Tit (British);Periparus ater britannicus/hibernicus
Coal Tit (Continental);Periparus ater [ater Group]
Coal Tit (Atlas);Periparus ater ledouci/atlas
Coal Tit (Cyprus);Periparus ater cypriotes
Coal Tit (Caucasus);Periparus ater [phaeonotus Group]
Coal Tit (Black-crested);Periparus ater melanolophus
Coal Tit (Himalayan);Periparus ater [aemodius Group]
Coal Tit (Chinese);Periparus ater ptilosus/kuatunensis
Rufous-naped Tit;Periparus rufonuchalis
Rufous-vented Tit;Periparus rubidiventris
Rufous-naped/Rufous-vented Tit;Periparus rufonuchalis/rubidiventris
Yellow-bellied Tit;Periparus venustulus
Elegant Tit;Periparus elegans
Palawan Tit;Periparus amabilis
Crested Tit;Lophophanes cristatus
Gray-crested Tit;Lophophanes dichrous
Chestnut-bellied Tit;Sittiparus castaneoventris
Iriomote Tit;Sittiparus olivaceus
Varied Tit;Sittiparus varius
Chestnut-bellied/Varied Tit;Sittiparus castaneoventris/varius
Owston's Tit;Sittiparus owstoni
White-fronted Tit;Sittiparus semilarvatus
White-browed Tit;Poecile superciliosus
Sombre Tit;Poecile lugubris
Pere David's Tit;Poecile davidi
Marsh Tit;Poecile palustris
Caspian Tit;Poecile hyrcanus
Black-bibbed Tit;Poecile hypermelaenus
Willow Tit;Poecile montanus
Willow Tit (Willow);Poecile montanus [montanus Group]
Willow Tit (Songar);Poecile montanus [songarus Group]
Marsh/Willow Tit;Poecile palustris/montanus
Sichuan Tit;Poecile weigoldicus
Carolina Chickadee;Poecile carolinensis
Black-capped Chickadee;Poecile atricapillus
Carolina x Black-capped Chickadee (hybrid);Poecile carolinensis x atricapillus
Carolina/Black-capped Chickadee;Poecile carolinensis/atricapillus
Mountain Chickadee;Poecile gambeli
Mountain Chickadee (Rocky Mts.);Poecile gambeli [gambeli Group]
Mountain Chickadee (Pacific);Poecile gambeli [baileyae Group]
Black-capped x Mountain Chickadee (hybrid);Poecile atricapillus x gambeli
Black-capped/Mountain Chickadee;Poecile atricapillus/gambeli
Mexican Chickadee;Poecile sclateri
Mountain x Mexican Chickadee (hybrid);Poecile gambeli x sclateri
Chestnut-backed Chickadee;Poecile rufescens
Mountain x Chestnut-backed Chickadee (hybrid);Poecile gambeli x rufescens
Boreal Chickadee;Poecile hudsonicus
Black-capped x Boreal Chickadee (hybrid);Poecile atricapillus x hudsonicus
Mountain x Boreal Chickadee (hybrid);Poecile gambeli x hudsonicus
Gray-headed Chickadee;Poecile cinctus
Willow Tit x Gray-headed Chickadee (hybrid);Poecile montanus x cinctus
chickadee sp.;Poecile sp.
Eurasian Blue Tit;Cyanistes caeruleus
African Blue Tit;Cyanistes teneriffae
Azure Tit;Cyanistes cyanus
Azure Tit (Azure);Cyanistes cyanus [cyanus Group]
Azure Tit (Yellow-breasted);Cyanistes cyanus [flavipectus Group]
Eurasian Blue x Azure Tit (hybrid);Cyanistes caeruleus x cyanus
Eurasian Blue/Azure Tit;Cyanistes caeruleus/cyanus
Bridled Titmouse;Baeolophus wollweberi
Oak Titmouse;Baeolophus inornatus
Juniper Titmouse;Baeolophus ridgwayi
Bridled/Juniper Titmouse;Baeolophus wollweberi/ridgwayi
Oak/Juniper Titmouse (Plain Titmouse);Baeolophus inornatus/ridgwayi
Tufted Titmouse;Baeolophus bicolor
Carolina Chickadee x Tufted Titmouse (hybrid);Poecile carolinensis x Baeolophus bicolor
Black-capped Chickadee x Tufted Titmouse (hybrid);Poecile atricapillus x Baeolophus bicolor
Black-crested Titmouse;Baeolophus atricristatus
Tufted x Black-crested Titmouse (hybrid);Baeolophus bicolor x atricristatus
Tufted/Black-crested Titmouse;Baeolophus bicolor/atricristatus
Ground Tit;Pseudopodoces humilis
Green-backed Tit;Parus monticolus
Great Tit;Parus major
Great Tit (Great);Parus major [major Group]
Great Tit (Turkestan);Parus major [bokharensis Group]
Asian Tit;Parus cinereus
Asian Tit (Cinereous);Parus cinereus [cinereus Group]
Asian Tit (Japanese);Parus cinereus [minor Group]
Asian Tit (commixtus);Parus cinereus commixtus
Asian Tit (Amami);Parus cinereus amamiensis
Asian Tit (Okinawa);Parus cinereus okinawae
Asian Tit (Ishigaki);Parus cinereus nigriloris
Great/Asian Tit;Parus major/cinereus
Parus sp.;Parus sp.
White-naped Tit;Machlolophus nuchalis
Taiwan Yellow Tit;Machlolophus holsti
Himalayan Black-lored Tit;Machlolophus xanthogenys
Indian Yellow Tit;Machlolophus aplonotus
Yellow-cheeked Tit;Machlolophus spilonotus
White-shouldered Black-Tit;Melaniparus guineensis
White-winged Black-Tit;Melaniparus leucomelas
Rufous-bellied Tit;Melaniparus rufiventris
Rufous-bellied Tit (Rufous-bellied);Melaniparus rufiventris rufiventris/masukuensis
Rufous-bellied Tit (Cinnamon-breasted);Melaniparus rufiventris pallidiventris
White-bellied Tit;Melaniparus albiventris
Southern Black-Tit;Melaniparus niger
Carp's Tit;Melaniparus carpi
Southern Black-Tit/Carp's Tit;Melaniparus niger/carpi
Dusky Tit;Melaniparus funereus
Miombo Tit;Melaniparus griseiventris
Stripe-breasted Tit;Melaniparus fasciiventer
Somali Tit;Melaniparus thruppi
Red-throated Tit;Melaniparus fringillinus
White-backed Black-Tit;Melaniparus leuconotus
Ashy Tit;Melaniparus cinerascens
Gray Tit;Melaniparus afer
Ashy/Gray Tit;Melaniparus cinerascens/afer
african tit sp.;Melaniparus sp.
parid sp.;Paridae sp.
Verdin;Auriparus flaviceps
Eurasian Penduline-Tit;Remiz pendulinus
Black-headed Penduline-Tit;Remiz macronyx
Eurasian x Black-headed Penduline-Tit (hybrid);Remiz pendulinus x macronyx
Eurasian/Black-headed Penduline-Tit;Remiz pendulinus/macronyx
White-crowned Penduline-Tit;Remiz coronatus
Eurasian/White-crowned Penduline-Tit;Remiz pendulinus/coronatus
Chinese Penduline-Tit;Remiz consobrinus
Remiz sp.;Remiz sp.
Sennar Penduline-Tit;Anthoscopus punctifrons
Mouse-colored Penduline-Tit;Anthoscopus musculus
Yellow Penduline-Tit;Anthoscopus parvulus
Forest Penduline-Tit;Anthoscopus flavifrons
African Penduline-Tit;Anthoscopus caroli
African Penduline-Tit (White-bellied);Anthoscopus caroli [ansorgei Group]
African Penduline-Tit (Buff-bellied);Anthoscopus caroli sylviella/sharpei
African Penduline-Tit (Yellow-bellied);Anthoscopus caroli roccatii
African Penduline-Tit (Slaty-backed);Anthoscopus caroli rankinei
African Penduline-Tit (Buff-vented);Anthoscopus caroli [caroli Group]
Southern Penduline-Tit;Anthoscopus minutus
African/Southern Penduline-Tit;Anthoscopus caroli/minutus
Spike-heeled Lark;Chersomanes albofasciata
Beesley's Lark;Chersomanes beesleyi
Greater Hoopoe-Lark;Alaemon alaudipes
Greater Hoopoe-Lark (Cape Verde);Alaemon alaudipes boavistae
Greater Hoopoe-Lark (Mainland);Alaemon alaudipes [alaudipes Group]
Lesser Hoopoe-Lark;Alaemon hamertoni
Gray's Lark;Ammomanopsis grayi
Short-clawed Lark;Certhilauda chuana
Karoo Long-billed Lark;Certhilauda subcoronata
Karoo Long-billed Lark (Benguela);Certhilauda subcoronata benguelensis/kaokoensis
Karoo Long-billed Lark (Karoo);Certhilauda subcoronata [subcoronata Group]
Eastern Long-billed Lark;Certhilauda semitorquata
Cape Long-billed Lark;Certhilauda curvirostris
Cape Long-billed Lark (Cape);Certhilauda curvirostris curvirostris/falcirostris
Cape Long-billed Lark (Agulhas);Certhilauda curvirostris brevirostris
long-billed lark sp.;Certhilauda sp.
Rufous-rumped Lark;Pinarocorys erythropygia
Dusky Lark;Pinarocorys nigricans
Thick-billed Lark;Ramphocoris clotbey
Bar-tailed Lark;Ammomanes cinctura
Rufous-tailed Lark;Ammomanes phoenicura
Desert Lark;Ammomanes deserti
Ammomanes sp.;Ammomanes sp.
Black-eared Sparrow-Lark;Eremopterix australis
Madagascar Lark;Eremopterix hova
Chestnut-backed Sparrow-Lark;Eremopterix leucotis
Black-crowned Sparrow-Lark;Eremopterix nigriceps
Ashy-crowned Sparrow-Lark;Eremopterix griseus
Chestnut-headed Sparrow-Lark;Eremopterix signatus
Gray-backed Sparrow-Lark;Eremopterix verticalis
Fischer's Sparrow-Lark;Eremopterix leucopareia
sparrow-lark sp.;Eremopterix sp.
Rusty Lark;Calendulauda rufa
Sabota Lark;Calendulauda sabota
Sabota Lark (Bradfield's);Calendulauda sabota [naevia Group]
Sabota Lark (Sabota);Calendulauda sabota [sabota Group]
Gillett's Lark;Calendulauda gilletti
Pink-breasted Lark;Calendulauda poecilosterna
Fawn-colored Lark;Calendulauda africanoides
Fawn-colored Lark (Fawn-colored);Calendulauda africanoides [africanoides Group]
Fawn-colored Lark (Foxy);Calendulauda africanoides alopex/intercedens
Karoo Lark;Calendulauda albescens
Red Lark;Calendulauda burra
Dune Lark;Calendulauda erythrochlamys
Dune Lark (Barlow's);Calendulauda erythrochlamys barlowi
Dune Lark (Coastal);Calendulauda erythrochlamys patae
Dune Lark (Cave's);Calendulauda erythrochlamys cavei
Dune Lark (Dune);Calendulauda erythrochlamys erythrochlamys
Karoo x Dune Lark (hybrid);Calendulauda albescens x erythrochlamys
Liben Lark;Heteromirafra archeri
Rudd's Lark;Heteromirafra ruddi
Burmese Bushlark;Plocealauda microptera
Indochinese Bushlark;Plocealauda erythrocephala
Jerdon's Bushlark;Plocealauda affinis
Indian Bushlark;Plocealauda erythroptera
Bengal Bushlark;Plocealauda assamica
Jerdon's/Indian Bushlark;Plocealauda affinis/erythroptera
Monotonous Lark;Mirafra passerina
Kordofan Lark;Mirafra cordofanica
Williams's Lark;Mirafra williamsi
Friedmann's Lark;Mirafra pulpa
White-tailed Lark;Mirafra albicauda
Melodious Lark;Mirafra cheniana
Singing Bushlark;Mirafra javanica
Singing Bushlark (Singing);Mirafra javanica [cantillans Group]
Singing Bushlark (Australasian);Mirafra javanica [javanica Group]
Indochinese/Singing Bushlark;Plocealauda erythrocephala/Mirafra javanica
Indian/Singing Bushlark;Plocealauda erythroptera/Mirafra javanica
Plocealauda/Mirafra sp.;Plocealauda/Mirafra sp.
Mirafra sp.;Mirafra sp.
Collared Lark;Amirafra collaris
Flappet Lark;Amirafra rufocinnamomea
Angola Lark;Amirafra angolensis
Highland Lark;Corypha kurrae
Highland Lark (Sudan);Corypha kurrae kurrae
Highland Lark (Bamenda);Corypha kurrae stresemanni/bamendae
Highland Lark (Western);Corypha kurrae henrici/batesi
Cape Clapper Lark;Corypha apiata
Cape Clapper Lark (Cape);Corypha apiata apiata
Cape Clapper Lark (Agulhas);Corypha apiata marjoriae
Eastern Clapper Lark;Corypha fasciolata
Plains Lark;Corypha kabalii
Plains Lark (Kabali's);Corypha kabalii kabalii
Plains Lark (Malbrant's);Corypha kabalii malbranti
Plateau Lark;Corypha nigrescens
Rufous-naped Lark;Corypha africana
Rufous-naped Lark (Rufous-naped);Corypha africana [africana Group]
Rufous-naped Lark (Serengeti);Corypha africana tropicalis
Plains/Rufous-naped Lark;Corypha kabalii/africana
Plateau/Rufous-naped Lark;Corypha nigrescens/africana
Sentinel Lark;Corypha athi
Rufous-naped/Sentinel Lark;Corypha africana/athi
Somali Lark;Corypha somalica
Somali Lark (Ash's);Corypha somalica ashi
Somali Lark (Somali);Corypha somalica somalica/rochei
Red-winged Lark;Corypha hypermetra
Red-winged Lark (Red-winged);Corypha hypermetra hypermetra
Red-winged Lark (Rift Valley);Corypha hypermetra gallarum
Russet Lark;Corypha sharpii
Kidepo Lark;Corypha kidepoensis
Corypha sp.;Corypha sp.
Wood Lark;Lullula arborea
Stark's Lark;Spizocorys starki
Masked Lark;Spizocorys personata
Pink-billed Lark;Spizocorys conirostris
Botha's Lark;Spizocorys fringillaris
Short-tailed Lark;Spizocorys fremantlii
Obbia Lark;Spizocorys obbiensis
Sclater's Lark;Spizocorys sclateri
White-winged Lark;Alauda leucoptera
Raso Skylark;Alauda razae
Eurasian Skylark;Alauda arvensis
Eurasian Skylark (European);Alauda arvensis [arvensis Group]
Eurasian Skylark (Asian);Alauda arvensis [pekinensis Group]
Eurasian Skylark (Far Eastern);Alauda arvensis japonica/intermedia
Oriental Skylark;Alauda gulgula
Eurasian/Oriental Skylark;Alauda arvensis/gulgula
Sun Lark;Galerida modesta
Large-billed Lark;Galerida magnirostris
Tawny Lark;Galerida deva
Thekla's Lark;Galerida theklae
Crested Lark;Galerida cristata
Crested Lark (Crested);Galerida cristata [cristata Group]
Crested Lark (Maghreb);Galerida cristata macrorhyncha/randonii
Thekla's/Crested Lark;Galerida theklae/cristata
Malabar Lark;Galerida malabarica
Crested/Malabar Lark;Galerida cristata/malabarica
Galerida sp.;Galerida sp.
Horned Lark;Eremophila alpestris
Horned Lark (Atlas);Eremophila alpestris atlas
Horned Lark (Black-necklaced);Eremophila alpestris [penicillata Group]
Horned Lark (Tibetan);Eremophila alpestris [longirostris Group]
Horned Lark (Brandt's);Eremophila alpestris brandti
Horned Lark (Shore);Eremophila alpestris flava
Horned Lark (Eastern dark Group);Eremophila alpestris [alpestris Group]
Horned Lark (Western pale Group);Eremophila alpestris [occidentalis Group]
Horned Lark (Western rufous Group);Eremophila alpestris [strigata Group]
Horned Lark (South Baja);Eremophila alpestris enertera
Horned Lark (Mexican);Eremophila alpestris [chrysolaema Group]
Horned Lark (Colombian);Eremophila alpestris peregrina
Temminck's Lark;Eremophila bilopha
Horned/Temminck's Lark;Eremophila alpestris/bilopha
Rufous-capped Lark;Calandrella eremica
Blanford's Lark;Calandrella blanfordi
Blanford's Lark (Blanford's);Calandrella blanfordi blanfordi
Blanford's Lark (Erlanger's);Calandrella blanfordi erlangeri
Greater Short-toed Lark;Calandrella brachydactyla
Red-capped Lark;Calandrella cinerea
Hume's Lark;Calandrella acutirostris
Greater Short-toed/Hume's Lark;Calandrella brachydactyla/acutirostris
Mongolian Short-toed Lark;Calandrella dukhunensis
Greater/Mongolian Short-toed Lark;Calandrella brachydactyla/dukhunensis
Hume's Lark/Mongolian Short-toed Lark;Calandrella acutirostris/dukhunensis
Calandrella sp.;Calandrella sp.
Bimaculated Lark;Melanocorypha bimaculata
Tibetan Lark;Melanocorypha maxima
Mongolian Lark;Melanocorypha mongolica
Calandra Lark;Melanocorypha calandra
Bimaculated/Calandra Lark;Melanocorypha bimaculata/calandra
Black Lark;Melanocorypha yeltoniensis
Dupont's Lark;Chersophilus duponti
Dunn's Lark;Eremalauda dunni
Arabian Lark;Eremalauda eremodites
Dunn's/Arabian Lark;Eremalauda dunni/eremodites
Somali Short-toed Lark;Alaudala somalica
Somali Short-toed Lark (Somali);Alaudala somalica [somalica Group]
Somali Short-toed Lark (Athi);Alaudala somalica athensis
Asian Short-toed Lark;Alaudala cheleensis
Mediterranean Short-toed Lark;Alaudala rufescens
Turkestan Short-toed Lark;Alaudala heinei
Asian/Turkestan Short-toed Lark;Alaudala cheleensis/heinei
Mediterranean/Turkestan Short-toed Lark;Alaudala rufescens/heinei
Sand Lark;Alaudala raytal
Alaudala sp.;Alaudala sp.
Greater Short-toed Lark/Alaudala sp.;Calandrella brachydactyla/Alaudala sp.
Calandrella/Alaudala sp.;Calandrella/Alaudala sp.
lark sp.;Alaudidae sp.
Bearded Reedling;Panurus biarmicus
Western Nicator;Nicator chloris
Eastern Nicator;Nicator gularis
Yellow-throated Nicator;Nicator vireo
Western/Yellow-throated Nicator;Nicator chloris/vireo
Green Crombec;Sylvietta virens
Lemon-bellied Crombec;Sylvietta denti
White-browed Crombec;Sylvietta leucophrys
White-browed Crombec (White-browed);Sylvietta leucophrys leucophrys/chloronota
White-browed Crombec (Lendu);Sylvietta leucophrys chapini
Northern Crombec;Sylvietta brachyura
Northern Crombec (Northern);Sylvietta brachyura brachyura/carnapi
Northern Crombec (Eastern);Sylvietta brachyura leucopsis
Short-billed Crombec;Sylvietta philippae
Red-capped Crombec;Sylvietta ruficapilla
Red-faced Crombec;Sylvietta whytii
Somali Crombec;Sylvietta isabellina
Long-billed Crombec;Sylvietta rufescens
crombec sp.;Sylvietta sp.
Rockrunner;Achaetops pycnopygius
Moustached Grass-Warbler;Melocichla mentalis
Cape Grassbird;Sphenoeacus afer
Victorin's Warbler;Cryptillas victorini
Kemp's Longbill;Macrosphenus kempi
Yellow Longbill;Macrosphenus flavicans
Gray Longbill;Macrosphenus concolor
Pulitzer's Longbill;Macrosphenus pulitzeri
Kretschmer's Longbill;Macrosphenus kretschmeri
longbill sp.;Macrosphenus sp.
Common Jery;Neomixis tenella
Green Jery;Neomixis viridis
Stripe-throated Jery;Neomixis striatigula
Stripe-throated Jery (Stripe-throated);Neomixis striatigula striatigula/sclateri
Stripe-throated Jery (Subdesert);Neomixis striatigula pallidior
jery sp.;Neomixis sp.
Leyte Plumed-Warbler;Micromacronus leytensis
Mindanao Plumed-Warbler;Micromacronus sordidus
Yellow-vented Eremomela;Eremomela flavicrissalis
Yellow-bellied Eremomela;Eremomela icteropygialis
Yellow-bellied Eremomela (Yellow-bellied);Eremomela icteropygialis [icteropygialis Group]
Yellow-bellied Eremomela (Salvadori's);Eremomela icteropygialis salvadorii
Senegal Eremomela;Eremomela pusilla
Green-backed Eremomela;Eremomela canescens
Green-capped Eremomela;Eremomela scotops
Karoo Eremomela;Eremomela gregalis
Rufous-crowned Eremomela;Eremomela badiceps
Turner's Eremomela;Eremomela turneri
Black-necked Eremomela;Eremomela atricollis
Burnt-neck Eremomela;Eremomela usticollis
eremomela sp.;Eremomela sp.
Red-winged Gray Warbler;Drymocichla incana
Sierra Leone Prinia;Schistolais leontica
White-chinned Prinia;Schistolais leucopogon
Roberts's Warbler;Oreophilais robertsi
Namaqua Warbler;Phragmacia substriata
Green Longtail;Urolais epichlorus
Green Longtail (Green);Urolais epichlorus epichlorus
Green Longtail (Bioko);Urolais epichlorus mariae
Black-collared Apalis;Oreolais pulcher
Rwenzori Apalis;Oreolais ruwenzorii
African Tailorbird;Artisornis metopias
Long-billed Tailorbird;Artisornis moreaui
Long-billed Tailorbird (Long-billed);Artisornis moreaui moreaui
Long-billed Tailorbird (Njesi);Artisornis moreaui sousae
White-tailed Warbler;Poliolais lopezi
White-tailed Warbler (Highland);Poliolais lopezi manengubae
White-tailed Warbler (Alexander's);Poliolais lopezi alexanderi
White-tailed Warbler (Bioko);Poliolais lopezi lopezi
Miombo Wren-Warbler;Calamonastes undosus
Stierling's Wren-Warbler;Calamonastes stierlingi
Miombo x Stierling's Wren-Warbler (hybrid);Calamonastes undosus x stierlingi
Miombo/Stierling's Wren-Warbler;Calamonastes undosus/stierlingi
Gray Wren-Warbler;Calamonastes simplex
Barred Wren-Warbler;Calamonastes fasciolatus
Stierling's/Barred Wren-Warbler;Calamonastes stierlingi/fasciolatus
Green-backed Camaroptera;Camaroptera brachyura
Green-backed Camaroptera (Gray-backed);Camaroptera brachyura [brevicaudata Group]
Green-backed Camaroptera (Green-backed);Camaroptera brachyura [brachyura Group]
Hartert's Camaroptera;Camaroptera harterti
Green-backed/Hartert's Camaroptera;Camaroptera brachyura/harterti
Yellow-browed Camaroptera;Camaroptera superciliaris
Olive-green Camaroptera;Camaroptera chloronota
Olive-green Camaroptera (Olive-green);Camaroptera chloronota [chloronota Group]
Olive-green Camaroptera (Tawny-breasted);Camaroptera chloronota toroensis/kamitugaensis
camaroptera sp.;Camaroptera sp.
Cricket Longtail;Spiloptila clamans
Buff-bellied Warbler;Phyllolais pulchella
Bar-throated Apalis;Apalis thoracica
Taita Apalis;Apalis fuscigularis
Yellow-throated Apalis;Apalis flavigularis
Namuli Apalis;Apalis lynesi
Black-capped Apalis;Apalis nigriceps
Black-capped Apalis (Black-capped);Apalis nigriceps nigriceps
Black-capped Apalis (White-tailed);Apalis nigriceps collaris
Black-throated Apalis;Apalis jacksoni
White-winged Apalis;Apalis chariessa
Masked Apalis;Apalis binotata
Black-faced Apalis;Apalis personata
Yellow-breasted Apalis;Apalis flavida
Yellow-breasted Apalis (Brown-tailed);Apalis flavida flavocincta/viridiceps
Yellow-breasted Apalis (Yellow-breasted);Apalis flavida [flavida Group]
Rudd's Apalis;Apalis ruddi
Sharpe's Apalis;Apalis sharpii
Buff-throated Apalis;Apalis rufogularis
Buff-throated Apalis (Black-breasted);Apalis rufogularis rufogularis/sanderi
Buff-throated Apalis (Angola);Apalis rufogularis angolensis/brauni
Buff-throated Apalis (Buff-throated);Apalis rufogularis nigrescens/kigezi
Kungwe Apalis;Apalis argentea
Bamenda Apalis;Apalis bamendae
Gosling's Apalis;Apalis goslingi
Kabobo Apalis;Apalis kaboboensis
Chestnut-throated Apalis;Apalis porphyrolaema
Chapin's Apalis;Apalis chapini
Black-headed Apalis;Apalis melanocephala
Chirinda Apalis;Apalis chirindensis
Gray Apalis;Apalis cinerea
Gray Apalis (Sclater's);Apalis cinerea sclateri
Gray Apalis (Angola);Apalis cinerea grandis
Gray Apalis (Gray);Apalis cinerea cinerea/funebris
Brown-headed Apalis;Apalis alticola
Karamoja Apalis;Apalis karamojae
Maasai Apalis;Apalis stronachi
apalis sp.;Apalis sp.
Common Tailorbird;Orthotomus sutorius
Rufous-fronted Tailorbird;Orthotomus frontalis
Dark-necked Tailorbird;Orthotomus atrogularis
Common/Dark-necked Tailorbird;Orthotomus sutorius/atrogularis
Cambodian Tailorbird;Orthotomus chaktomuk
Ashy Tailorbird;Orthotomus ruficeps
Dark-necked/Ashy Tailorbird;Orthotomus atrogularis/ruficeps
Olive-backed Tailorbird;Orthotomus sepium
Rufous-tailed Tailorbird;Orthotomus sericeus
Visayan Tailorbird;Orthotomus castaneiceps
Gray-backed Tailorbird;Orthotomus derbianus
Green-backed Tailorbird;Orthotomus chloronotus
Yellow-breasted Tailorbird;Orthotomus samarensis
White-browed Tailorbird;Orthotomus nigriceps
White-eared Tailorbird;Orthotomus cinereiceps
tailorbird sp.;Orthotomus sp.
Himalayan Prinia;Prinia crinigera
Striped Prinia;Prinia striata
Burmese Prinia;Prinia cooki
Annam Prinia;Prinia rocki
Brown Prinia;Prinia polychroa
Burmese/Brown Prinia;Prinia cooki/polychroa
Black-throated Prinia;Prinia atrogularis
Rufous-crowned Prinia;Prinia khasiana
Hill Prinia;Prinia superciliaris
Gray-crowned Prinia;Prinia cinereocapilla
Rufous-fronted Prinia;Prinia buchanani
Rufescent Prinia;Prinia rufescens
Gray-breasted Prinia;Prinia hodgsonii
Rufescent/Gray-breasted Prinia;Prinia rufescens/hodgsonii
Bar-winged Prinia;Prinia familiaris
Graceful Prinia;Prinia gracilis
Delicate Prinia;Prinia lepida
Graceful/Delicate Prinia;Prinia gracilis/lepida
Jungle Prinia;Prinia sylvatica
Yellow-bellied Prinia;Prinia flaviventris
Yellow-bellied Prinia (Yellow-bellied);Prinia flaviventris [flaviventris Group]
Yellow-bellied Prinia (Chinese);Prinia flaviventris sonitans
Ashy Prinia;Prinia socialis
Yellow-bellied/Ashy Prinia;Prinia flaviventris/socialis
Tawny-flanked Prinia;Prinia subflava
Plain Prinia;Prinia inornata
Pale Prinia;Prinia somalica
River Prinia;Prinia fluviatilis
Black-chested Prinia;Prinia flavicans
Tawny-flanked/Black-chested Prinia;Prinia subflava/flavicans
Karoo Prinia;Prinia maculosa
Black-chested x Karoo Prinia (hybrid);Prinia flavicans x maculosa
Drakensberg Prinia;Prinia hypoxantha
Karoo/Drakensberg Prinia;Prinia maculosa/hypoxantha
Sao Tome Prinia;Prinia molleri
Banded Prinia;Prinia bairdii
Banded Prinia (Banded);Prinia bairdii bairdii/heinrichi
Banded Prinia (Black-faced);Prinia bairdii melanops/obscura
Red-winged Prinia;Prinia erythroptera
Red-fronted Prinia;Prinia rufifrons
Red-fronted Prinia (Red-fronted);Prinia rufifrons rufifrons/smithi
Red-fronted Prinia (Rufous-backed);Prinia rufifrons rufidorsalis
prinia sp.;Prinia sp.
Cinnamon-breasted Warbler;Euryptila subcinnamomea
Mrs. Moreau's Warbler;Scepomycter winifredae
Mrs. Moreau's Warbler (Mrs. Moreau's);Scepomycter winifredae winifredae
Mrs. Moreau's Warbler (Rubeho);Scepomycter winifredae rubehoensis
Socotra Warbler;Incana incana
Rufous-eared Warbler;Malcorus pectoralis
Black-capped Rufous-Warbler;Bathmocercus cerviniventris
Black-faced Rufous-Warbler;Bathmocercus rufus
Oriole Warbler;Hypergerus atriceps
Gray-capped Warbler;Eminia lepida
Red-faced Cisticola;Cisticola erythrops
Red-faced Cisticola (Red-faced);Cisticola erythrops [erythrops Group]
Red-faced Cisticola (Lepe);Cisticola erythrops lepe
Singing Cisticola;Cisticola cantans
Whistling Cisticola;Cisticola lateralis
Chattering Cisticola;Cisticola anonymus
Trilling Cisticola;Cisticola woosnami
Bubbling Cisticola;Cisticola bulliens
Chubb's Cisticola;Cisticola chubbi
Chubb's Cisticola (Discolored);Cisticola chubbi discolor/adametzi
Chubb's Cisticola (Chubb's);Cisticola chubbi chubbi/marungensis
Hunter's Cisticola;Cisticola hunteri
Black-lored Cisticola;Cisticola nigriloris
Kilombero Cisticola;Cisticola bakerorum
Rock-loving Cisticola;Cisticola aberrans
Rock-loving Cisticola (Rock-loving);Cisticola aberrans [emini Group]
Rock-loving Cisticola (Lazy);Cisticola aberrans [aberrans Group]
Huambo Cisticola;Cisticola bailunduensis
Boran Cisticola;Cisticola bodessa
Rattling Cisticola;Cisticola chiniana
Ashy Cisticola;Cisticola cinereolus
Red-pate Cisticola;Cisticola ruficeps
Dorst's Cisticola;Cisticola guinea
Tinkling Cisticola;Cisticola rufilatus
Gray-backed Cisticola;Cisticola subruficapilla
Gray-backed Cisticola (Namib);Cisticola subruficapilla newtoni
Gray-backed Cisticola (Red-headed);Cisticola subruficapilla [subruficapilla Group]
Gray-backed Cisticola (Plain-breasted);Cisticola subruficapilla jamesi
Lynes's Cisticola;Cisticola distinctus
Wailing Cisticola;Cisticola lais
Tana River Cisticola;Cisticola restrictus
Churring Cisticola;Cisticola njombe
Coastal Cisticola;Cisticola haematocephalus
White-tailed Cisticola;Cisticola anderseni
Luapula Cisticola;Cisticola luapula
Chirping Cisticola;Cisticola pipiens
Ethiopian Cisticola;Cisticola lugubris
Winding Cisticola;Cisticola marginatus
Coastal/Luapula/Winding Cisticola;Cisticola haematocephalus/luapula/marginatus
Rufous-winged Cisticola;Cisticola galactotes
Carruthers's Cisticola;Cisticola carruthersi
Levaillant's Cisticola;Cisticola tinniens
Stout Cisticola;Cisticola robustus
Stout Cisticola (Western);Cisticola robustus santae
Stout Cisticola (Stout);Cisticola robustus robustus/schraderi
Stout Cisticola (Omo);Cisticola robustus omo
Stout Cisticola (Rufous-crowned);Cisticola robustus nuchalis/awemba
Stout Cisticola (Angola);Cisticola robustus angolensis
Croaking Cisticola;Cisticola natalensis
Piping Cisticola;Cisticola fulvicapilla
Aberdare Cisticola;Cisticola aberdare
Tabora Cisticola;Cisticola angusticauda
Slender-tailed Cisticola;Cisticola melanurus
Siffling Cisticola;Cisticola brachypterus
Rufous Cisticola;Cisticola rufus
Foxy Cisticola;Cisticola troglodytes
Tiny Cisticola;Cisticola nana
Zitting Cisticola;Cisticola juncidis
Zitting Cisticola (Western);Cisticola juncidis [juncidis Group]
Zitting Cisticola (African);Cisticola juncidis terrestris/uropygialis
Zitting Cisticola (Double Zitting);Cisticola juncidis [tinnabulans Group]
Zitting Cisticola (Far Eastern);Cisticola juncidis brunniceps
Socotra Cisticola;Cisticola haesitatus
Madagascar Cisticola;Cisticola cherina
Desert Cisticola;Cisticola aridulus
Cloud Cisticola;Cisticola textrix
Cloud Cisticola (Cloud);Cisticola textrix [major Group]
Cloud Cisticola (Cape);Cisticola textrix textrix
Black-backed Cisticola;Cisticola eximius
Black-backed Cisticola (winneba);Cisticola eximius winneba
Black-backed Cisticola (Black-backed);Cisticola eximius eximius/occidens
Dambo Cisticola;Cisticola dambo
Teke Cisticola (undescribed form);Cisticola [undescribed form]
Pectoral-patch Cisticola;Cisticola brunnescens
Pectoral-patch Cisticola (Lynes's);Cisticola brunnescens lynesi/mbangensis
Pectoral-patch Cisticola (Pectoral-patch);Cisticola brunnescens [brunnescens Group]
Pale-crowned Cisticola;Cisticola cinnamomeus
Wing-snapping Cisticola;Cisticola ayresii
Wing-snapping Cisticola (Gabon);Cisticola ayresii gabun
Wing-snapping Cisticola (Wing-snapping);Cisticola ayresii [ayresii Group]
Golden-headed Cisticola;Cisticola exilis
Zitting/Golden-headed Cisticola;Cisticola juncidis/exilis
cisticola sp.;Cisticola sp.
Grauer's Warbler;Graueria vittata
Aldabra Brush-Warbler;Nesillas aldabrana
Malagasy Brush-Warbler;Nesillas typica
Malagasy Brush-Warbler (Anjouan);Nesillas typica longicaudata
Malagasy Brush-Warbler (Malagasy);Nesillas typica [typica Group]
Subdesert Brush-Warbler;Nesillas lantzii
Grande Comore Brush-Warbler;Nesillas brevicaudata
Moheli Brush-Warbler;Nesillas mariae
Papyrus Yellow-Warbler;Calamonastides gracilirostris
Papyrus Yellow-Warbler (Papyrus);Calamonastides gracilirostris gracilirostris
Papyrus Yellow-Warbler (Zambian);Calamonastides gracilirostris bensoni
Thick-billed Warbler;Arundinax aedon
Booted Warbler;Iduna caligata
Sykes's Warbler;Iduna rama
Booted/Sykes's Warbler;Iduna caligata/rama
Eastern Olivaceous Warbler;Iduna pallida
Western Olivaceous Warbler;Iduna opaca
Eastern/Western Olivaceous Warbler;Iduna pallida/opaca
African Yellow-Warbler;Iduna natalensis
Mountain Yellow-Warbler;Iduna similis
Iduna sp.;Iduna sp.
Upcher's Warbler;Hippolais languida
Olive-tree Warbler;Hippolais olivetorum
Melodious Warbler;Hippolais polyglotta
Icterine Warbler;Hippolais icterina
Melodious/Icterine Warbler;Hippolais polyglotta/icterina
Hippolais sp.;Hippolais sp.
Aquatic Warbler;Acrocephalus paludicola
Black-browed Reed Warbler;Acrocephalus bistrigiceps
Streaked Reed Warbler;Acrocephalus sorghophilus
Moustached Warbler;Acrocephalus melanopogon
Sedge Warbler;Acrocephalus schoenobaenus
Paddyfield Warbler;Acrocephalus agricola
Blunt-winged Warbler;Acrocephalus concinens
Manchurian Reed Warbler;Acrocephalus tangorum
Black-browed/Manchurian Reed Warbler;Acrocephalus bistrigiceps/tangorum
Blunt-winged/Manchurian Reed Warbler;Acrocephalus concinens/tangorum
Blyth's Reed Warbler;Acrocephalus dumetorum
Paddyfield/Blyth's Reed Warbler;Acrocephalus agricola/dumetorum
Large-billed Reed Warbler;Acrocephalus orinus
Blyth's/Large-billed Reed Warbler;Acrocephalus dumetorum/orinus
Paddyfield/Blunt-winged/Blyth's/Large-billed Reed Warbler;Acrocephalus agricola/concinens/dumetorum/orinus
Marsh Warbler;Acrocephalus palustris
Common Reed Warbler;Acrocephalus scirpaceus
Common Reed Warbler (Common);Acrocephalus scirpaceus scirpaceus
Common Reed Warbler (Caspian);Acrocephalus scirpaceus fuscus
Common Reed Warbler (Mangrove);Acrocephalus scirpaceus avicenniae
Common Reed Warbler (Siwa);Acrocephalus scirpaceus ammon
Common Reed Warbler (African);Acrocephalus scirpaceus [baeticatus Group]
Marsh/Common Reed Warbler;Acrocephalus palustris/scirpaceus
Basra Reed Warbler;Acrocephalus griseldis
Lesser Swamp Warbler;Acrocephalus gracilirostris
Greater Swamp Warbler;Acrocephalus rufescens
Cape Verde Swamp Warbler;Acrocephalus brevipennis
Madagascar Swamp Warbler;Acrocephalus newtoni
Rodrigues Warbler;Acrocephalus rodericanus
Seychelles Warbler;Acrocephalus sechellensis
Great Reed Warbler;Acrocephalus arundinaceus
Common/Great Reed Warbler;Acrocephalus scirpaceus/arundinaceus
Oriental Reed Warbler;Acrocephalus orientalis
Clamorous Reed Warbler;Acrocephalus stentoreus
Clamorous Reed Warbler (Clamorous);Acrocephalus stentoreus stentoreus/levantinus
Clamorous Reed Warbler (Brown);Acrocephalus stentoreus [brunnescens Group]
Great/Oriental/Clamorous Reed Warbler;Acrocephalus arundinaceus/orientalis/stentoreus
Nightingale Reed Warbler;Acrocephalus luscinius
Saipan Reed Warbler;Acrocephalus hiwae
Australian Reed Warbler;Acrocephalus australis
Caroline Reed Warbler;Acrocephalus syrinx
Aguiguan Reed Warbler;Acrocephalus nijoi
Kiritimati Reed Warbler;Acrocephalus aequinoctialis
Southern Marquesan Reed Warbler;Acrocephalus mendanae
Pagan Reed Warbler;Acrocephalus yamashinae
Nauru Reed Warbler;Acrocephalus rehsei
Millerbird;Acrocephalus familiaris
Millerbird (Nihoa);Acrocephalus familiaris kingi
Millerbird (Laysan);Acrocephalus familiaris familiaris
Pitcairn Reed Warbler;Acrocephalus vaughani
Henderson Island Reed Warbler;Acrocephalus taiti
Cook Islands Reed Warbler;Acrocephalus kerearako
Rimatara Reed Warbler;Acrocephalus rimitarae
Society Islands Reed Warbler;Acrocephalus musae
Tahiti Reed Warbler;Acrocephalus caffer
Moorea Reed Warbler;Acrocephalus longirostris
Northern Marquesan Reed Warbler;Acrocephalus percernis
Tuamotu Reed Warbler;Acrocephalus atyphus
Mangareva Reed Warbler;Acrocephalus astrolabii
Acrocephalus sp.;Acrocephalus sp.
Iduna/Hippolais/Acrocephalus sp.;Iduna/Hippolais/Acrocephalus sp.
Cordillera Ground-Warbler;Robsonius rabori
Sierra Madre Ground-Warbler;Robsonius thompsoni
Bicol Ground-Warbler;Robsonius sorsogonensis
Gray's Grasshopper Warbler;Helopsaltes fasciolatus
Sakhalin Grasshopper Warbler;Helopsaltes amnicola
Gray's/Sakhalin Grasshopper Warbler;Helopsaltes fasciolatus/amnicola
Marsh Grassbird;Helopsaltes pryeri
Pallas's Grasshopper Warbler;Helopsaltes certhiola
Middendorff's Grasshopper Warbler;Helopsaltes ochotensis
Pleske's Grasshopper Warbler;Helopsaltes pleskei
Middendorff's/Pleske's Grasshopper Warbler;Helopsaltes ochotensis/pleskei
Helopsaltes sp.;Helopsaltes sp.
Lanceolated Warbler;Locustella lanceolata
Bamboo Warbler;Locustella alfredi
River Warbler;Locustella fluviatilis
Savi's Warbler;Locustella luscinioides
River/Savi's Warbler;Locustella fluviatilis/luscinioides
Brown Bush Warbler;Locustella luteoventris
Common Grasshopper Warbler;Locustella naevia
Lanceolated/Common Grasshopper Warbler;Locustella lanceolata/naevia
Long-billed Bush Warbler;Locustella major
Chinese Bush Warbler;Locustella tacsanowskia
Friendly Bush Warbler;Locustella accentor
Long-tailed Bush Warbler;Locustella caudata
Sulawesi Bush Warbler;Locustella castanea
Seram Bush Warbler;Locustella musculus
Taliabu Bush Warbler;Locustella portenta
Buru Bush Warbler;Locustella disturbans
Baikal Bush Warbler;Locustella davidi
Chinese/Baikal Bush Warbler;Locustella tacsanowskia/davidi
West Himalayan Bush Warbler;Locustella kashmirensis
Spotted Bush Warbler;Locustella thoracica
Baikal/Spotted Bush Warbler;Locustella davidi/thoracica
Taiwan Bush Warbler;Locustella alishanensis
Russet Bush Warbler;Locustella mandelli
Dalat Bush Warbler;Locustella idonea
Brown/Russet Bush Warbler;Locustella luteoventris/mandelli
Sichuan Bush Warbler;Locustella chengi
Javan Bush Warbler;Locustella montis
Javan Bush Warbler (Javan);Locustella montis montis
Javan Bush Warbler (Timor);Locustella montis timorensis
Benguet Bush Warbler;Locustella seebohmi
Locustella sp.;Locustella sp.
Helopsaltes/Locustella sp.;Helopsaltes/Locustella sp.
Fly River Grassbird;Poodytes albolimbatus
Spinifexbird;Poodytes carteri
Little Grassbird;Poodytes gramineus
New Zealand Fernbird;Poodytes punctatus
New Zealand Fernbird (New Zealand);Poodytes punctatus [punctatus Group]
New Zealand Fernbird (Snares);Poodytes punctatus caudatus
Chatham Islands Fernbird;Poodytes rufescens
Malia;Malia grata
Brown Songlark;Cincloramphus cruralis
Bismarck Thicketbird;Cincloramphus grosvenori
Rusty Thicketbird;Cincloramphus rubiginosus
Buff-banded Bushbird;Cincloramphus bivittatus
Rufous Songlark;Cincloramphus mathewsi
Tawny Grassbird;Cincloramphus timoriensis
Papuan Grassbird;Cincloramphus macrurus
Papuan Grassbird (interscapularis/mayri);Cincloramphus macrurus interscapularis/mayri
Papuan Grassbird (macrurus Group);Cincloramphus macrurus [macrurus Group]
Tawny/Papuan Grassbird;Cincloramphus timoriensis/macrurus
Santo Thicketbird;Cincloramphus whitneyi
Guadalcanal Thicketbird;Cincloramphus turipavae
New Caledonian Thicketbird;Cincloramphus mariae
Long-legged Thicketbird;Cincloramphus rufus
Bougainville Thicketbird;Cincloramphus llaneae
Sri Lanka Bush Warbler;Elaphrornis palliseri
Broad-tailed Grassbird;Schoenicola platyurus
Bristled Grassbird;Schoenicola striatus
Fan-tailed Grassbird;Catriscus brevirostris
Striated Grassbird;Megalurus palustris
Poodytes/Cincloramphus/Megalurus sp.;Poodytes/Cincloramphus/Megalurus sp.
Knysna Warbler;Bradypterus sylvaticus
Bangwa Warbler;Bradypterus bangwaensis
Barratt's Warbler;Bradypterus barratti
Evergreen-forest Warbler;Bradypterus lopezi
Evergreen-forest Warbler (Lopez's);Bradypterus lopezi [lopezi Group]
Evergreen-forest Warbler (Volcanic);Bradypterus lopezi barakae
Evergreen-forest Warbler (Boulton's);Bradypterus lopezi boultoni
Evergreen-forest Warbler (Eastern);Bradypterus lopezi [mariae Group]
Cinnamon Bracken-Warbler;Bradypterus cinnamomeus
Gray Emutail;Bradypterus seebohmi
Brown Emutail;Bradypterus brunneus
Dja River Swamp Warbler;Bradypterus grandis
Little Rush Warbler;Bradypterus baboecala
White-winged Swamp Warbler;Bradypterus carpalis
Grauer's Swamp Warbler;Bradypterus graueri
Highland Rush Warbler;Bradypterus centralis
Bradypterus sp.;Bradypterus sp.
Black-capped Donacobius;Donacobius atricapilla
White-throated Oxylabes;Oxylabes madagascariensis
Long-billed Bernieria;Bernieria madagascariensis
Cryptic Warbler;Cryptosylvicola randrianasoloi
Wedge-tailed Jery;Hartertula flavoviridis
Thamnornis;Thamnornis chloropetoides
Madagascar Yellowbrow;Crossleyia xanthophrys
Dusky Tetraka;Crossleyia tenebrosa
Spectacled Tetraka;Xanthomixis zosterops
Appert's Tetraka;Xanthomixis apperti
Gray-crowned Tetraka;Xanthomixis cinereiceps
Rand's Warbler;Randia pseudozosterops
Scaly-breasted Cupwing;Pnoepyga albiventer
Scaly-breasted Cupwing (Himalayan);Pnoepyga albiventer albiventer/pallidior
Scaly-breasted Cupwing (Chinese);Pnoepyga albiventer mutica
Taiwan Cupwing;Pnoepyga formosana
Immaculate Cupwing;Pnoepyga immaculata
Scaly-breasted/Immaculate Cupwing;Pnoepyga albiventer/immaculata
Pygmy Cupwing;Pnoepyga pusilla
cupwing sp.;Pnoepyga sp.
African River Martin;Pseudochelidon eurystomina
White-eyed River Martin;Pseudochelidon sirintarae
Square-tailed Sawwing;Psalidoprocne nitens
Mountain Sawwing;Psalidoprocne fuliginosa
White-headed Sawwing;Psalidoprocne albiceps
White-headed Sawwing (White-headed);Psalidoprocne albiceps albiceps
White-headed Sawwing (Dusky-throated);Psalidoprocne albiceps suffusa
Black Sawwing;Psalidoprocne pristoptera
Fanti Sawwing;Psalidoprocne obscura
sawwing sp.;Psalidoprocne sp.
Gray-rumped Swallow;Pseudhirundo griseopyga
White-backed Swallow;Cheramoeca leucosterna
Mascarene Martin;Phedina borbonica
Banded Martin;Neophedina cincta
Brazza's Martin;Phedinopsis brazzae
Plain Martin;Riparia paludicola
Ethiopian Martin (undescribed form);Riparia [undescribed form]
Madagascar Martin;Riparia cowani
Plain/Madagascar Martin;Riparia paludicola/cowani
Gray-throated Martin;Riparia chinensis
Congo Martin;Riparia congica
Bank Swallow;Riparia riparia
Gray-throated Martin/Bank Swallow;Riparia chinensis/riparia
Pale Martin;Riparia diluta
Bank Swallow/Pale Martin;Riparia riparia/diluta
Riparia sp.;Riparia sp.
Tree Swallow;Tachycineta bicolor
Tumbes Swallow;Tachycineta stolzmanni
White-winged Swallow;Tachycineta albiventer
White-rumped Swallow;Tachycineta leucorrhoa
Chilean Swallow;Tachycineta leucopyga
White-rumped/Chilean Swallow;Tachycineta leucorrhoa/leucopyga
Mangrove Swallow;Tachycineta albilinea
Golden Swallow;Tachycineta euchrysea
Violet-green Swallow;Tachycineta thalassina
Tree x Violet-green Swallow (hybrid);Tachycineta bicolor x thalassina
Tree/Violet-green Swallow;Tachycineta bicolor/thalassina
Bahama Swallow;Tachycineta cyaneoviridis
Tachycineta sp.;Tachycineta sp.
Purple Martin;Progne subis
Purple Martin (subis/arboricola);Progne subis subis/arboricola
Purple Martin (hesperia);Progne subis hesperia
Cuban Martin;Progne cryptoleuca
Purple/Cuban Martin;Progne subis/cryptoleuca
Caribbean Martin;Progne dominicensis
Cuban x Caribbean Martin (hybrid);Progne cryptoleuca x dominicensis
Sinaloa Martin;Progne sinaloae
Caribbean/Sinaloa Martin;Progne dominicensis/sinaloae
Cuban/Caribbean/Sinaloa Martin (Snowy-bellied Martin);Progne cryptoleuca/dominicensis/sinaloae
Gray-breasted Martin;Progne chalybea
Southern Martin;Progne elegans
Purple/Southern Martin;Progne subis/elegans
Gray-breasted/Southern Martin;Progne chalybea/elegans
Peruvian Martin;Progne murphyi
Galapagos Martin;Progne modesta
Brown-chested Martin;Progne tapera
Brown-chested Martin (tapera);Progne tapera tapera
Brown-chested Martin (fusca);Progne tapera fusca
new world martin sp. (Progne sp.);Progne sp.
Northern Rough-winged Swallow;Stelgidopteryx serripennis
Northern Rough-winged Swallow (Northern);Stelgidopteryx serripennis [serripennis Group]
Northern Rough-winged Swallow (Ridgway's);Stelgidopteryx serripennis ridgwayi/stuarti
Violet-green x Northern Rough-winged Swallow (hybrid);Tachycineta thalassina x Stelgidopteryx serripennis
Southern Rough-winged Swallow;Stelgidopteryx ruficollis
Northern/Southern Rough-winged Swallow;Stelgidopteryx serripennis/ruficollis
Black-capped Swallow;Atticora pileata
White-thighed Swallow;Atticora tibialis
White-banded Swallow;Atticora fasciata
Blue-and-white Swallow;Pygochelidon cyanoleuca
Blue-and-white Swallow (cyanoleuca);Pygochelidon cyanoleuca cyanoleuca
Blue-and-white Swallow (peruviana);Pygochelidon cyanoleuca peruviana
Blue-and-white Swallow (patagonica);Pygochelidon cyanoleuca patagonica
Black-collared Swallow;Pygochelidon melanoleuca
Tawny-headed Swallow;Alopochelidon fucata
Pale-footed Swallow;Orochelidon flavipes
Brown-bellied Swallow;Orochelidon murina
Andean Swallow;Orochelidon andecola
Eurasian Crag-Martin;Ptyonoprogne rupestris
Pale Crag-Martin;Ptyonoprogne obsoleta
Eurasian/Pale Crag-Martin;Ptyonoprogne rupestris/obsoleta
Red-throated Crag-Martin;Ptyonoprogne rufigula
Pale/Red-throated Crag-Martin;Ptyonoprogne obsoleta/rufigula
Southern Crag-Martin;Ptyonoprogne fuligula
Red-throated/Southern Crag-Martin;Ptyonoprogne rufigula/fuligula
Dusky Crag-Martin;Ptyonoprogne concolor
Eurasian/Dusky Crag-Martin;Ptyonoprogne rupestris/concolor
crag-martin sp.;Ptyonoprogne sp.
Montane Blue Swallow;Hirundo atrocaerulea
Black-and-rufous Swallow;Hirundo nigrorufa
Hirundo sp.;Hirundo sp.
Pearl-breasted Swallow;Hirundo dimidiata
Hill Swallow;Hirundo domicola
Pacific Swallow;Hirundo javanica
Tahiti Swallow;Hirundo tahitica
Pied-winged Swallow;Hirundo leucosoma
White-tailed Swallow;Hirundo megaensis
Welcome Swallow;Hirundo neoxena
Barn Swallow;Hirundo rustica
Barn Swallow (White-bellied);Hirundo rustica rustica
Barn Swallow (Egyptian);Hirundo rustica savignii
Barn Swallow (Levant);Hirundo rustica transitiva
Barn Swallow (Tytler's);Hirundo rustica tytleri
Barn Swallow (Buff-bellied);Hirundo rustica gutturalis/mandschurica
Barn Swallow (American);Hirundo rustica erythrogaster
Tree x Barn Swallow (hybrid);Tachycineta bicolor x Hirundo rustica
Bank x Barn Swallow (hybrid);Riparia riparia x Hirundo rustica
Pacific/Barn Swallow;Hirundo javanica/rustica
Red-chested Swallow;Hirundo lucida
Ethiopian Swallow;Hirundo aethiopica
Angola Swallow;Hirundo angolensis
White-throated Blue Swallow;Hirundo nigrita
White-throated Swallow;Hirundo albigularis
Wire-tailed Swallow;Hirundo smithii
Forest Swallow;Atronanus fuliginosus
Square-tailed Sawwing/Forest Swallow;Psalidoprocne nitens/Atronanus fuliginosus
Western House-Martin;Delichon urbicum
Barn Swallow x Western House-Martin (hybrid);Hirundo rustica x Delichon urbicum
Siberian House-Martin;Delichon lagopodum
Western/Siberian House-Martin;Delichon urbicum/lagopodum
Asian House-Martin;Delichon dasypus
Siberian/Asian House-Martin;Delichon lagopodum/dasypus
Nepal House-Martin;Delichon nipalense
house-martin sp.;Delichon sp.
Greater Striped Swallow;Cecropis cucullata
European Red-rumped Swallow;Cecropis rufula
Barn x European Red-rumped Swallow (hybrid);Hirundo rustica x Cecropis rufula
African Red-rumped Swallow;Cecropis melanocrissus
African Red-rumped Swallow (domicella);Cecropis melanocrissus domicella
African Red-rumped Swallow (melanocrissus Group);Cecropis melanocrissus [melanocrissus Group]
European/African Red-rumped Swallow;Cecropis rufula/melanocrissus
Eastern Red-rumped Swallow;Cecropis daurica
Eastern Red-rumped Swallow (Daurian);Cecropis daurica [daurica Group]
Eastern Red-rumped Swallow (Striated);Cecropis daurica [striolata Group]
European/Eastern Red-rumped Swallow;Cecropis rufula/daurica
European/African/Eastern Red-rumped Swallow;Cecropis rufula/melanocrissus/daurica
Sri Lanka Swallow;Cecropis hyperythra
Rufous-bellied Swallow;Cecropis badia
Lesser Striped Swallow;Cecropis abyssinica
Greater/Lesser Striped Swallow;Cecropis cucullata/abyssinica
Rufous-chested Swallow;Cecropis semirufa
Mosque Swallow;Cecropis senegalensis
Cecropis sp.;Cecropis sp.
Red-throated Swallow;Petrochelidon rufigula
Preuss's Swallow;Petrochelidon preussi
Red Sea Swallow;Petrochelidon perdita
South African Swallow;Petrochelidon spilodera
Streak-throated Swallow;Petrochelidon fluvicola
Fairy Martin;Petrochelidon ariel
Tree Martin;Petrochelidon nigricans
Fairy/Tree Martin;Petrochelidon ariel/nigricans
Cliff Swallow;Petrochelidon pyrrhonota
Cliff Swallow (pyrrhonota Group);Petrochelidon pyrrhonota [pyrrhonota Group]
Cliff Swallow (melanogaster);Petrochelidon pyrrhonota melanogaster
Barn x Cliff Swallow (hybrid);Hirundo rustica x Petrochelidon pyrrhonota
Violet-green x Cliff Swallow (hybrid);Tachycineta thalassina x Petrochelidon pyrrhonota
Cave Swallow;Petrochelidon fulva
Cave Swallow (Caribbean);Petrochelidon fulva [fulva Group]
Cave Swallow (Texas);Petrochelidon fulva pallida
Cave Swallow (Yucatan);Petrochelidon fulva citata
Barn x Cave Swallow (hybrid);Hirundo rustica x Petrochelidon fulva
Cliff x Cave Swallow (hybrid);Petrochelidon pyrrhonota x fulva
Cliff/Cave Swallow;Petrochelidon pyrrhonota/fulva
Chestnut-collared Swallow;Petrochelidon rufocollaris
Cliff/Chestnut-collared Swallow;Petrochelidon pyrrhonota/rufocollaris
Petrochelidon sp.;Petrochelidon sp.
swallow sp.;Hirundinidae sp.
Sombre Greenbul;Andropadus importunus
Slender-billed Greenbul;Stelgidillas gracilirostris
Golden Greenbul;Calyptocichla serinus
Black-collared Bulbul;Neolestes torquatus
Red-tailed Bristlebill;Bleda syndactylus
Green-tailed Bristlebill;Bleda eximius
Yellow-lored Bristlebill;Bleda notatus
Yellow-eyed Bristlebill;Bleda ugandae
Gray-headed Bristlebill;Bleda canicapillus
bristlebill sp.;Bleda sp.
Yellow-gorgeted Greenbul;Atimastillas flavicollis
Pale-throated Greenbul;Atimastillas flavigula
Pale-throated Greenbul (soror);Atimastillas flavigula soror
Pale-throated Greenbul (flavigula);Atimastillas flavigula flavigula
Spotted Greenbul;Ixonotus guttatus
Swamp Greenbul;Thescelocichla leucopleura
Joyful Greenbul;Chlorocichla laetissima
Prigogine's Greenbul;Chlorocichla prigoginei
Yellow-necked Greenbul;Chlorocichla falkensteini
Yellow-bellied Greenbul;Chlorocichla flaviventris
Simple Greenbul;Chlorocichla simplex
Honeyguide Greenbul;Baeopogon indicator
Sjöstedt's Greenbul;Baeopogon clamans
Cameroon Mountain Greenbul;Arizelocichla montana
Shelley's Greenbul;Arizelocichla masukuensis
Shelley's Greenbul (Kakamega);Arizelocichla masukuensis kakamegae/kungwensis
Shelley's Greenbul (Shelley's);Arizelocichla masukuensis masukuensis/roehli
Western Mountain Greenbul;Arizelocichla tephrolaema
Kikuyu Mountain Greenbul;Arizelocichla kikuyuensis
Black-headed Mountain Greenbul;Arizelocichla nigriceps
Uluguru Mountain Greenbul;Arizelocichla neumanni
Black-browed Mountain Greenbul;Arizelocichla fusciceps
Olive-headed Greenbul;Arizelocichla striifacies
Olive-headed Greenbul (Stripe-faced);Arizelocichla striifacies striifacies
Olive-headed Greenbul (Olive-headed);Arizelocichla striifacies olivaceiceps
Stripe-cheeked Greenbul;Arizelocichla milanjensis
Yellow-throated Mountain Greenbul;Arizelocichla chlorigula
Arizelocichla sp.;Arizelocichla sp.
Western Bearded-Greenbul;Criniger barbatus
Eastern Bearded-Greenbul;Criniger chloronotus
Red-tailed Greenbul;Criniger calurus
White-bearded Greenbul;Criniger ndussumensis
Red-tailed/White-bearded Greenbul;Criniger calurus/ndussumensis
Yellow-bearded Greenbul;Criniger olivaceus
Criniger sp.;Criniger sp.
Little Greenbul;Eurillas virens
Yellow-whiskered Greenbul;Eurillas latirostris
Plain Greenbul;Eurillas curvirostris
Plain Greenbul (leonina);Eurillas curvirostris leonina
Plain Greenbul (curvirostris);Eurillas curvirostris curvirostris
Gray Greenbul;Eurillas gracilis
Ansorge's Greenbul;Eurillas ansorgei
Eurillas sp.;Eurillas sp.
Tiny Greenbul;Phyllastrephus debilis
Usambara Greenbul;Phyllastrephus albigula
White-throated Greenbul;Phyllastrephus albigularis
Angola Greenbul;Phyllastrephus viridiceps
Yellow-streaked Greenbul;Phyllastrephus flavostriatus
Yellow-streaked Greenbul (Sharpe's);Phyllastrephus flavostriatus alfredi
Yellow-streaked Greenbul (Yellow-streaked);Phyllastrephus flavostriatus [flavostriatus Group]
Xavier's Greenbul;Phyllastrephus xavieri
Icterine Greenbul;Phyllastrephus icterinus
Xavier's/Icterine Greenbul;Phyllastrephus xavieri/icterinus
Terrestrial Brownbul;Phyllastrephus terrestris
Cameroon Olive-Greenbul;Phyllastrephus poensis
Northern Brownbul;Phyllastrephus strepitans
Gray-olive Greenbul;Phyllastrephus cerviniventris
Fischer's Greenbul;Phyllastrephus fischeri
Cabanis's Greenbul;Phyllastrephus cabanisi
Cabanis's Greenbul (Placid);Phyllastrephus cabanisi placidus
Cabanis's Greenbul (Cabanis's);Phyllastrephus cabanisi [cabanisi Group]
Leaf-love;Phyllastrephus scandens
Sassi's Greenbul;Phyllastrephus lorenzi
Gray-headed Greenbul;Phyllastrephus poliocephalus
Toro Olive-Greenbul;Phyllastrephus hypochloris
Baumann's Greenbul;Phyllastrephus baumanni
Pale-olive Greenbul;Phyllastrephus fulviventris
Phyllastrephus sp.;Phyllastrephus sp.
greenbul sp.;Pycnonotidae sp. (greenbul sp.)
Hairy-backed Bulbul;Tricholestes criniger
Hook-billed Bulbul;Setornis criniger
Yellow-bellied Bulbul;Alophoixus phaeocephalus
Gray-throated Bulbul;Alophoixus frater
Gray-cheeked Bulbul;Alophoixus tephrogenys
Penan Bulbul;Alophoixus ruficrissus
Penan Bulbul (Penan);Alophoixus ruficrissus ruficrissus/fowleri
Penan Bulbul (Meratus);Alophoixus ruficrissus meratusensis
Brown-cheeked Bulbul;Alophoixus bres
White-throated Bulbul;Alophoixus flaveolus
Ochraceous Bulbul;Alophoixus ochraceus
Puff-throated Bulbul;Alophoixus pallidus
Puff-throated Bulbul (Gray-crowned);Alophoixus pallidus griseiceps
Puff-throated Bulbul (Puff-throated);Alophoixus pallidus [pallidus Group]
Striated Bulbul;Alcurus striatus
Finsch's Bulbul;Iole finschii
Sulphur-bellied Bulbul;Iole palawanensis
Olive Bulbul;Iole viridescens
Olive Bulbul (Olive);Iole viridescens viridescens/lekhakuni
Olive Bulbul (Baker's);Iole viridescens cinnamomeoventris
Buff-vented Bulbul;Iole crypta
Olive/Buff-vented Bulbul;Iole viridescens/crypta
Charlotte's Bulbul;Iole charlottae
Cachar Bulbul;Iole cacharensis
Gray-eyed Bulbul;Iole propinqua
Gray-eyed Bulbul (Gray-eyed);Iole propinqua [propinqua Group]
Gray-eyed Bulbul (innectens);Iole propinqua innectens
Iole sp.;Iole sp.
Ashy Bulbul;Hemixos flavala
Ashy Bulbul (Ashy);Hemixos flavala [flavala Group]
Ashy Bulbul (Brown-backed);Hemixos flavala remotus
Cinereous Bulbul;Hemixos cinereus
Cinereous Bulbul (Cinereous);Hemixos cinereus cinereus
Cinereous Bulbul (Green-winged);Hemixos cinereus connectens
Chestnut Bulbul;Hemixos castanonotus
Yellow-browed Bulbul;Acritillas indica
Cream-striped Bulbul;Ixos leucogrammicus
Sumatran Bulbul;Ixos sumatranus
Javan Bulbul;Ixos virescens
Streaked Bulbul;Ixos malaccensis
Mountain Bulbul;Ixos mcclellandii
Nicobar Bulbul;Hypsipetes nicobariensis
Philippine Bulbul;Hypsipetes philippinus
Mindoro Bulbul;Hypsipetes mindorensis
Streak-breasted Bulbul;Hypsipetes siquijorensis
Streak-breasted Bulbul (Tablas);Hypsipetes siquijorensis cinereiceps
Streak-breasted Bulbul (Cebu);Hypsipetes siquijorensis monticola
Streak-breasted Bulbul (Siquijor);Hypsipetes siquijorensis siquijorensis
Seram Golden-Bulbul;Hypsipetes affinis
Seram Golden-Bulbul (Seram);Hypsipetes affinis affinis
Seram Golden-Bulbul (Ambon);Hypsipetes affinis flavicaudus
Sangihe Golden-Bulbul;Hypsipetes platenae
Togian Golden-Bulbul;Hypsipetes aureus
Banggai Golden-Bulbul;Hypsipetes harterti
Sula Golden-Bulbul;Hypsipetes longirostris
Halmahera Golden-Bulbul;Hypsipetes chloris
Obi Golden-Bulbul;Hypsipetes lucasi
Buru Golden-Bulbul;Hypsipetes mysticalis
Visayan Bulbul;Hypsipetes guimarasensis
Yellowish Bulbul;Hypsipetes everetti
Yellowish Bulbul (Yellowish);Hypsipetes everetti everetti
Yellowish Bulbul (Sulu);Hypsipetes everetti haynaldi
Camiguin Bulbul;Hypsipetes catarmanensis
Zamboanga Bulbul;Hypsipetes rufigularis
Brown-eared Bulbul;Hypsipetes amaurotis
Reunion Bulbul;Hypsipetes borbonicus
Malagasy Bulbul;Hypsipetes madagascariensis
Mauritius Bulbul;Hypsipetes olivaceus
White-headed Bulbul;Hypsipetes thompsoni
Black Bulbul;Hypsipetes leucocephalus
Black Bulbul (psaroides Group);Hypsipetes leucocephalus [psaroides Group]
Black Bulbul (Black);Hypsipetes leucocephalus sinensis/ambiens
Black Bulbul (leucocephalus Group);Hypsipetes leucocephalus [leucocephalus Group]
Black Bulbul (perniger);Hypsipetes leucocephalus perniger
Black Bulbul (Gray-winged);Hypsipetes leucocephalus nigerrimus
Square-tailed Bulbul;Hypsipetes ganeesa
Square-tailed Bulbul (Indian);Hypsipetes ganeesa ganeesa
Square-tailed Bulbul (Sri Lanka);Hypsipetes ganeesa humii
Grande Comore Bulbul;Hypsipetes parvirostris
Moheli Bulbul;Hypsipetes moheliensis
Seychelles Bulbul;Hypsipetes crassirostris
Puff-backed Bulbul;Microtarsus eutilotus
Black-and-white Bulbul;Microtarsus melanoleucos
Yellow-wattled Bulbul;Microtarsus urostictus
Gray-headed Bulbul;Microtarsus priocephalus
Black-headed Bulbul;Microtarsus melanocephalos
Andaman Bulbul;Microtarsus fuscoflavescens
Blue-wattled Bulbul;Microtarsus nieuwenhuisii
Spectacled Bulbul;Rubigula erythropthalmos
Gray-bellied Bulbul;Rubigula cyaniventris
Scaly-breasted Bulbul;Rubigula squamata
Black-crested Bulbul;Rubigula flaviventris
Flame-throated Bulbul;Rubigula gularis
Black-capped Bulbul;Rubigula melanictera
Ruby-throated Bulbul;Rubigula dispar
Ruby-throated Bulbul (Yellow-eyed);Rubigula dispar dispar
Ruby-throated Bulbul (Red-eyed);Rubigula dispar matamerah
Bornean Bulbul;Rubigula montis
Bare-faced Bulbul;Nok hualon
Crested Finchbill;Spizixos canifrons
Collared Finchbill;Spizixos semitorques
Spot-necked Bulbul;Pycnonotus tympanistrigus
Cream-vented Bulbul;Pycnonotus simplex
Cream-vented Bulbul (White-eyed);Pycnonotus simplex simplex/halizonus
Cream-vented Bulbul (Red-eyed);Pycnonotus simplex prillwitzi/perplexus
Olive-winged Bulbul;Pycnonotus plumosus
Olive-winged Bulbul (Olive-winged);Pycnonotus plumosus [plumosus Group]
Olive-winged Bulbul (Barusan);Pycnonotus plumosus porphyreus
Red-eyed Bulbul;Pycnonotus brunneus
Straw-headed Bulbul;Pycnonotus zeylanicus
Cream-eyed Bulbul;Pycnonotus pseudosimplex
Cream-vented/Cream-eyed Bulbul;Pycnonotus simplex/pseudosimplex
Ashy-fronted Bulbul;Pycnonotus cinereifrons
White-browed Bulbul;Pycnonotus luteolus
Ayeyarwady Bulbul;Pycnonotus blanfordi
Streak-eared Bulbul;Pycnonotus conradi
Pale-eyed Bulbul;Pycnonotus davisoni
Stripe-throated Bulbul;Pycnonotus finlaysoni
Olive-winged/Stripe-throated Bulbul;Pycnonotus plumosus/finlaysoni
Pale-eyed/Stripe-throated Bulbul;Pycnonotus davisoni/finlaysoni
Flavescent Bulbul;Pycnonotus flavescens
Aceh Bulbul;Pycnonotus snouckaerti
Orange-spotted Bulbul;Pycnonotus bimaculatus
Aceh/Orange-spotted Bulbul;Pycnonotus snouckaerti/bimaculatus
Pale-faced Bulbul;Pycnonotus leucops
Yellow-throated Bulbul;Pycnonotus xantholaemus
Yellow-eared Bulbul;Pycnonotus penicillatus
Brown-breasted Bulbul;Pycnonotus xanthorrhous
Light-vented Bulbul;Pycnonotus sinensis
Light-vented Bulbul (sinensis);Pycnonotus sinensis sinensis
Light-vented Bulbul (hainanus);Pycnonotus sinensis hainanus
Light-vented Bulbul (formosae/orii);Pycnonotus sinensis formosae/orii
Styan's Bulbul;Pycnonotus taivanus
Light-vented x Styan's Bulbul (hybrid);Pycnonotus sinensis x taivanus
Light-vented/Styan's Bulbul;Pycnonotus sinensis/taivanus
Common Bulbul;Pycnonotus barbatus
Common Bulbul (Common);Pycnonotus barbatus [barbatus Group]
Common Bulbul (Somali);Pycnonotus barbatus somaliensis
Common Bulbul (Dodson's);Pycnonotus barbatus dodsoni
Common Bulbul (Dark-capped);Pycnonotus barbatus [tricolor Group]
Red-whiskered Bulbul;Pycnonotus jocosus
Yellow-vented Bulbul;Pycnonotus goiavier
Yellow-vented Bulbul (Sunda);Pycnonotus goiavier [analis Group]
Yellow-vented Bulbul (Philippine);Pycnonotus goiavier [goiavier Group]
Red-whiskered x Yellow-vented Bulbul (hybrid);Pycnonotus jocosus x goiavier
Red-vented Bulbul;Pycnonotus cafer
Red-whiskered x Red-vented Bulbul (hybrid);Pycnonotus jocosus x cafer
Red-whiskered/Red-vented Bulbul;Pycnonotus jocosus/cafer
Sooty-headed Bulbul;Pycnonotus aurigaster
Red-vented x Sooty-headed Bulbul (hybrid);Pycnonotus cafer x aurigaster
White-eared Bulbul;Pycnonotus leucotis
Red-vented x White-eared Bulbul (hybrid);Pycnonotus cafer x leucotis
Himalayan Bulbul;Pycnonotus leucogenys
White-spectacled Bulbul;Pycnonotus xanthopygos
Black-fronted Bulbul;Pycnonotus nigricans
Common x Black-fronted Bulbul (hybrid);Pycnonotus barbatus x nigricans
Cape Bulbul;Pycnonotus capensis
Black-fronted x Cape Bulbul (hybrid);Pycnonotus nigricans x capensis
Pycnonotus sp.;Pycnonotus sp.
Microtarsus/Rubigula/Pycnonotus sp.;Microtarsus/Rubigula/Pycnonotus sp.
Pycnonotidae sp.;Pycnonotidae sp.
Wood Warbler;Phylloscopus sibilatrix
Western Bonelli's Warbler;Phylloscopus bonelli
Wood x Western Bonelli's Warbler (hybrid);Phylloscopus sibilatrix x bonelli
Eastern Bonelli's Warbler;Phylloscopus orientalis
Western/Eastern Bonelli's Warbler;Phylloscopus bonelli/orientalis
Ashy-throated Warbler;Phylloscopus maculipennis
Buff-barred Warbler;Phylloscopus pulcher
Yellow-browed Warbler;Phylloscopus inornatus
Hume's Warbler;Phylloscopus humei
Hume's Warbler (Western);Phylloscopus humei humei
Hume's Warbler (Eastern);Phylloscopus humei mandellii
Yellow-browed/Hume's Warbler;Phylloscopus inornatus/humei
Brooks's Leaf Warbler;Phylloscopus subviridis
Chinese Leaf Warbler;Phylloscopus yunnanensis
Pallas's Leaf Warbler;Phylloscopus proregulus
Gansu Leaf Warbler;Phylloscopus kansuensis
Lemon-rumped Warbler;Phylloscopus chloronotus
Sichuan Leaf Warbler;Phylloscopus forresti
Gansu/Sichuan Leaf Warbler;Phylloscopus kansuensis/forresti
Lemon-rumped/Sichuan Leaf Warbler;Phylloscopus chloronotus/forresti
Tytler's Leaf Warbler;Phylloscopus tytleri
Radde's Warbler;Phylloscopus schwarzi
Yellow-streaked Warbler;Phylloscopus armandii
Sulphur-bellied Warbler;Phylloscopus griseolus
Tickell's Leaf Warbler;Phylloscopus affinis
Tickell's Leaf Warbler (Tickell's);Phylloscopus affinis affinis/perflavus
Tickell's Leaf Warbler (Alpine);Phylloscopus affinis occisinensis
Sulphur-bellied/Tickell's Leaf Warbler;Phylloscopus griseolus/affinis
Dusky Warbler;Phylloscopus fuscatus
Radde's/Dusky Warbler;Phylloscopus schwarzi/fuscatus
Radde's/Yellow-streaked/Dusky Warbler;Phylloscopus schwarzi/armandii/fuscatus
Smoky Warbler;Phylloscopus fuligiventer
Dusky/Smoky Warbler;Phylloscopus fuscatus/fuligiventer
Plain Leaf Warbler;Phylloscopus neglectus
Buff-throated Warbler;Phylloscopus subaffinis
Willow Warbler;Phylloscopus trochilus
Mountain Chiffchaff;Phylloscopus sindianus
Mountain Chiffchaff (Caucasian);Phylloscopus sindianus lorenzii
Mountain Chiffchaff (Kashmir);Phylloscopus sindianus sindianus
Canary Islands Chiffchaff;Phylloscopus canariensis
Common Chiffchaff;Phylloscopus collybita
Common Chiffchaff (Common);Phylloscopus collybita [collybita Group]
Common Chiffchaff (Siberian);Phylloscopus collybita tristis
Willow Warbler x Common Chiffchaff (hybrid);Phylloscopus trochilus x collybita
Willow Warbler/Common Chiffchaff;Phylloscopus trochilus/collybita
Mountain/Common Chiffchaff;Phylloscopus sindianus/collybita
Iberian Chiffchaff;Phylloscopus ibericus
Willow Warbler/Common Chiffchaff/Iberian Chiffchaff;Phylloscopus trochilus/collybita/ibericus
Common/Iberian Chiffchaff;Phylloscopus collybita/ibericus
Lemon-throated Leaf Warbler;Phylloscopus cebuensis
Philippine Leaf Warbler;Phylloscopus olivaceus
Eastern Crowned Warbler;Phylloscopus coronatus
Ijima's Leaf Warbler;Phylloscopus ijimae
Brown Woodland-Warbler;Phylloscopus umbrovirens
Yellow-throated Woodland-Warbler;Phylloscopus ruficapilla
Red-faced Woodland-Warbler;Phylloscopus laetus
Laura's Woodland-Warbler;Phylloscopus laurae
Black-capped Woodland-Warbler;Phylloscopus herberti
Uganda Woodland-Warbler;Phylloscopus budongoensis
White-spectacled Warbler;Phylloscopus intermedius
Gray-cheeked Warbler;Phylloscopus poliogenys
Green-crowned Warbler;Phylloscopus burkii
Gray-crowned Warbler;Phylloscopus tephrocephalus
Whistler's Warbler;Phylloscopus whistleri
Green-crowned/Whistler's Warbler;Phylloscopus burkii/whistleri
Gray-crowned/Whistler's Warbler;Phylloscopus tephrocephalus/whistleri
Bianchi's Warbler;Phylloscopus valentini
Gray-crowned/Bianchi's Warbler;Phylloscopus tephrocephalus/valentini
Martens's Warbler;Phylloscopus omeiensis
Alström's Warbler;Phylloscopus soror
Bianchi's/Martens's/Alström's Warbler;Phylloscopus valentini/omeiensis/soror
Phylloscopus sp. (Golden-spectacled Warbler complex);Phylloscopus sp. (burkii complex)
Green Warbler;Phylloscopus nitidus
Greenish Warbler;Phylloscopus trochiloides
Greenish Warbler (viridanus);Phylloscopus trochiloides viridanus
Greenish Warbler (trochiloides/ludlowi);Phylloscopus trochiloides trochiloides/ludlowi
Greenish Warbler (obscuratus);Phylloscopus trochiloides obscuratus
Green/Greenish Warbler;Phylloscopus nitidus/trochiloides
Two-barred Warbler;Phylloscopus plumbeitarsus
Greenish/Two-barred Warbler;Phylloscopus trochiloides/plumbeitarsus
Emei Leaf Warbler;Phylloscopus emeiensis
Large-billed Leaf Warbler;Phylloscopus magnirostris
Greenish/Large-billed Leaf Warbler;Phylloscopus trochiloides/magnirostris
Pale-legged Leaf Warbler;Phylloscopus tenellipes
Sakhalin Leaf Warbler;Phylloscopus borealoides
Pale-legged/Sakhalin Leaf Warbler;Phylloscopus tenellipes/borealoides
Japanese Leaf Warbler;Phylloscopus xanthodryas
Arctic Warbler;Phylloscopus borealis
Japanese Leaf/Arctic Warbler;Phylloscopus xanthodryas/borealis
Kamchatka Leaf Warbler;Phylloscopus examinandus
Arctic/Kamchatka Leaf Warbler;Phylloscopus borealis/examinandus
Japanese Leaf/Arctic/Kamchatka Leaf Warbler;Phylloscopus xanthodryas/borealis/examinandus
Chestnut-crowned Warbler;Phylloscopus castaniceps
Yellow-breasted Warbler;Phylloscopus montis
Sunda Warbler;Phylloscopus grammiceps
Sunda Warbler (Sumatran);Phylloscopus grammiceps sumatrensis
Sunda Warbler (Javan);Phylloscopus grammiceps grammiceps
Limestone Leaf Warbler;Phylloscopus calciatilis
Yellow-vented Warbler;Phylloscopus cantator
Sulphur-breasted Warbler;Phylloscopus ricketti
Limestone Leaf/Sulphur-breasted Warbler;Phylloscopus calciatilis/ricketti
Western Crowned Warbler;Phylloscopus occipitalis
Blyth's Leaf Warbler;Phylloscopus reguloides
Claudia's Leaf Warbler;Phylloscopus claudiae
Hartert's Leaf Warbler;Phylloscopus goodsoni
Blyth's/Claudia's/Hartert's Leaf Warbler;Phylloscopus reguloides/claudiae/goodsoni
Gray-hooded Warbler;Phylloscopus xanthoschistos
Davison's Leaf Warbler;Phylloscopus intensior
Hainan Leaf Warbler;Phylloscopus hainanus
Kloss's Leaf Warbler;Phylloscopus ogilviegranti
Davison's/Kloss's Leaf Warbler;Phylloscopus intensior/ogilviegranti
Mountain Leaf Warbler;Phylloscopus trivirgatus
Negros Leaf Warbler;Phylloscopus nigrorum
Timor Leaf Warbler;Phylloscopus presbytes
Timor Leaf Warbler (Flores);Phylloscopus presbytes floresianus
Timor Leaf Warbler (Timor);Phylloscopus presbytes presbytes
Rote Leaf Warbler;Phylloscopus rotiensis
Makira Leaf Warbler;Phylloscopus makirensis
Sulawesi Leaf Warbler;Phylloscopus nesophilus
Lompobattang Leaf Warbler;Phylloscopus sarasinorum
Selayar Leaf Warbler (undescribed form);Phylloscopus [undescribed Selayar form]
Island Leaf Warbler;Phylloscopus poliocephalus
Island Leaf Warbler (Peleng);Phylloscopus poliocephalus suaramerdu
Island Leaf Warbler (Taliabu);Phylloscopus poliocephalus emilsalimi
Island Leaf Warbler (Halmahera);Phylloscopus poliocephalus henrietta
Island Leaf Warbler (Bacan);Phylloscopus poliocephalus waterstradti
Island Leaf Warbler (Buru);Phylloscopus poliocephalus everetti
Island Leaf Warbler (Seram);Phylloscopus poliocephalus ceramensis
Island Leaf Warbler (Kai);Phylloscopus poliocephalus avicola
Island Leaf Warbler (New Guinea);Phylloscopus poliocephalus [poliocephalus Group]
Island Leaf Warbler (South Pacific);Phylloscopus poliocephalus [matthiae Group]
Numfor Leaf Warbler;Phylloscopus maforensis
Biak Leaf Warbler;Phylloscopus misoriensis
Kolombangara Leaf Warbler;Phylloscopus amoenus
Phylloscopus sp.;Phylloscopus sp.
Green Hylia;Hylia prasina
Tit-hylia;Pholidornis rushiae
Chestnut-capped Flycatcher;Erythrocercus mccallii
Yellow Flycatcher;Erythrocercus holochlorus
Livingstone's Flycatcher;Erythrocercus livingstonei
Scrub Warbler;Scotocerca inquieta
Scrub Warbler (Western);Scotocerca inquieta saharae/theresae
Scrub Warbler (Eastern);Scotocerca inquieta [inquieta Group]
Neumann's Warbler;Hemitesia neumanni
Pale-footed Bush Warbler;Hemitesia pallidipes
Timor Stubtail;Urosphena subulata
Bornean Stubtail;Urosphena whiteheadi
Asian Stubtail;Urosphena squameiceps
Gray-bellied Tesia;Tesia cyaniventer
Slaty-bellied Tesia;Tesia olivea
Gray-bellied/Slaty-bellied Tesia;Tesia cyaniventer/olivea
Javan Tesia;Tesia superciliaris
Russet-capped Tesia;Tesia everetti
tesia sp. (genus Tesia);Tesia sp.
Chestnut-crowned Bush Warbler;Cettia major
Gray-sided Bush Warbler;Cettia brunnifrons
Chestnut-headed Tesia;Cettia castaneocoronata
Cetti's Warbler;Cettia cetti
Cettia sp.;Cettia sp.
Yellow-bellied Warbler;Abroscopus superciliaris
Rufous-faced Warbler;Abroscopus albogularis
Black-faced Warbler;Abroscopus schisticeps
Mountain Tailorbird;Phyllergates cucullatus
Rufous-headed Tailorbird;Phyllergates heterolaemus
Broad-billed Warbler;Tickellia hodgsoni
Mountain Tailorbird/Broad-billed Warbler;Phyllergates cucullatus/Tickellia hodgsoni
Philippine Bush Warbler;Horornis seebohmi
Japanese Bush Warbler;Horornis diphone
Japanese Bush Warbler (Northern);Horornis diphone [cantans Group]
Japanese Bush Warbler (Bonin);Horornis diphone diphone
Manchurian Bush Warbler;Horornis canturians
Japanese/Manchurian Bush Warbler;Horornis diphone/canturians
Palau Bush Warbler;Horornis annae
Tanimbar Bush Warbler;Horornis carolinae
Shade Warbler;Horornis parens
Odedi;Horornis haddeni
Fiji Bush Warbler;Horornis ruficapilla
Brownish-flanked Bush Warbler;Horornis fortipes
Brownish-flanked Bush Warbler (Brownish-flanked);Horornis fortipes [fortipes Group]
Brownish-flanked Bush Warbler (Taiwan);Horornis fortipes robustipes
Hume's Bush Warbler;Horornis brunnescens
Yellowish-bellied Bush Warbler;Horornis acanthizoides
Brownish-flanked/Yellowish-bellied Bush Warbler;Horornis fortipes/acanthizoides
Aberrant Bush Warbler;Horornis flavolivaceus
Aberrant Bush Warbler (Sunda);Horornis flavolivaceus [vulcanius Group]
Aberrant Bush Warbler (Aberrant);Horornis flavolivaceus [flavolivaceus Group]
Aberrant Bush Warbler (Perplexing);Horornis flavolivaceus intricatus/oblitus
Horornis sp.;Horornis sp.
White-browed Tit-Warbler;Leptopoecile sophiae
Crested Tit-Warbler;Leptopoecile elegans
Long-tailed Tit;Aegithalos caudatus
Long-tailed Tit (caudatus);Aegithalos caudatus caudatus
Long-tailed Tit (europaeus Group);Aegithalos caudatus [europaeus Group]
Long-tailed Tit (alpinus Group);Aegithalos caudatus [alpinus Group]
Silver-throated Tit;Aegithalos glaucogularis
Long-tailed x Silver-throated Tit (hybrid);Aegithalos caudatus x glaucogularis
White-cheeked Tit;Aegithalos leucogenys
Pygmy Tit;Aegithalos exilis
Black-throated Tit;Aegithalos concinnus
Black-throated Tit (Black-throated);Aegithalos concinnus [concinnus Group]
Black-throated Tit (Red-headed);Aegithalos concinnus iredalei/rubricapillus
Black-throated Tit (Gray-crowned);Aegithalos concinnus annamensis
White-throated Tit;Aegithalos niveogularis
Black-browed Tit;Aegithalos iouschistos
Black-browed Tit (Rufous-fronted);Aegithalos iouschistos iouschistos
Black-browed Tit (Burmese);Aegithalos iouschistos sharpei
Black-browed Tit (Black-browed);Aegithalos iouschistos bonvaloti/obscuratus
Sooty Tit;Aegithalos fuliginosus
Bushtit;Psaltriparus minimus
Bushtit (Pacific);Psaltriparus minimus [minimus Group]
Bushtit (Interior);Psaltriparus minimus plumbeus
Bushtit (melanotis Group);Psaltriparus minimus [melanotis Group]
Eurasian Blackcap;Sylvia atricapilla
Garden Warbler;Sylvia borin
Dohrn's Thrush-Babbler;Sylvia dohrni
Abyssinian Catbird;Sylvia galinieri
Bush Blackcap;Sylvia nigricapillus
African Hill Babbler;Sylvia abyssinica
African Hill Babbler (Mt. Cameroon);Sylvia abyssinica monachus
African Hill Babbler (Claude's);Sylvia abyssinica claudei
African Hill Babbler (Stierling's);Sylvia abyssinica stierlingi
African Hill Babbler (African);Sylvia abyssinica abyssinica/stictigula
Rwenzori Hill Babbler;Sylvia atriceps
Barred Warbler;Curruca nisoria
Layard's Warbler;Curruca layardi
Banded Parisoma;Curruca boehmi
Chestnut-vented Warbler;Curruca subcoerulea
Layard's/Chestnut-vented Warbler;Curruca layardi/subcoerulea
Lesser Whitethroat;Curruca curruca
Lesser Whitethroat (curruca/blythi);Curruca curruca curruca/blythi
Lesser Whitethroat (halimodendri);Curruca curruca halimodendri
Lesser Whitethroat (Lesser);Curruca curruca curruca/blythi/halimodendri
Lesser Whitethroat (Desert);Curruca curruca minula
Lesser Whitethroat (Lesser/Desert);Curruca curruca curruca/minula
Lesser Whitethroat (Gansu);Curruca curruca margelanica
Lesser Whitethroat (Desert/Gansu);Curruca curruca minula/margelanica
Lesser Whitethroat (Hume's);Curruca curruca althaea
Lesser Whitethroat (Lesser/Hume's);Curruca curruca curruca/althaea
Lesser Whitethroat (Lesser/Desert/Hume's);Curruca curruca curruca/minula/althaea
Brown Parisoma;Curruca lugens
Brown Parisoma (Gray-vented);Curruca lugens griseiventris
Brown Parisoma (Brown);Curruca lugens [lugens Group]
Yemen Warbler;Curruca buryi
Arabian Warbler;Curruca leucomelaena
Western Orphean Warbler;Curruca hortensis
Eastern Orphean Warbler;Curruca crassirostris
Western/Eastern Orphean Warbler;Curruca hortensis/crassirostris
African Desert Warbler;Curruca deserti
Asian Desert Warbler;Curruca nana
Tristram's Warbler;Curruca deserticola
Menetries's Warbler;Curruca mystacea
Menetries's Warbler (mystacea);Curruca mystacea mystacea
Menetries's Warbler (rubescens/turcmenica);Curruca mystacea rubescens/turcmenica
Rüppell's Warbler;Curruca ruppeli
Cyprus Warbler;Curruca melanothorax
Sardinian Warbler;Curruca melanocephala
Moltoni's Warbler;Curruca subalpina
Western Subalpine Warbler;Curruca iberiae
Eastern Subalpine Warbler;Curruca cantillans
Western/Eastern Subalpine Warbler;Curruca iberiae/cantillans
Moltoni's/Western/Eastern Subalpine Warbler;Curruca subalpina/iberiae/cantillans
Greater Whitethroat;Curruca communis
Spectacled Warbler;Curruca conspicillata
Marmora's Warbler;Curruca sarda
Dartford Warbler;Curruca undata
Balearic Warbler;Curruca balearica
Curruca sp.;Curruca sp.
Sylvia/Curruca sp.;Sylvia/Curruca sp.
old world warbler sp.;Passeriformes sp. (Old World warbler sp.)
Fire-tailed Myzornis;Myzornis pyrrhoura
Rufous-tailed Babbler;Moupinia poecilotis
Golden-breasted Fulvetta;Lioparus chrysotis
Yellow-eyed Babbler;Chrysomma sinense
Jerdon's Babbler;Chrysomma altirostre
Jerdon's Babbler (Indus);Chrysomma altirostre scindicum
Jerdon's Babbler (Himalayan);Chrysomma altirostre griseigulare
Jerdon's Babbler (Irrawaddy);Chrysomma altirostre altirostre
Tarim Babbler;Rhopophilus albosuperciliaris
Beijing Babbler;Rhopophilus pekinensis
Spectacled Fulvetta;Fulvetta ruficapilla
Indochinese Fulvetta;Fulvetta danisi
Chinese Fulvetta;Fulvetta striaticollis
Brown-throated Fulvetta;Fulvetta ludlowi
White-browed Fulvetta;Fulvetta vinipectus
White-browed Fulvetta (White-throated);Fulvetta vinipectus vinipectus/kangrae
White-browed Fulvetta (Bhutan);Fulvetta vinipectus chumbiensis
White-browed Fulvetta (Naga Hills);Fulvetta vinipectus austeni
White-browed Fulvetta (Chin Hills);Fulvetta vinipectus ripponi
White-browed Fulvetta (Chinese);Fulvetta vinipectus bieti/perstriata
White-browed Fulvetta (Vietnam);Fulvetta vinipectus valentinae
Manipur Fulvetta;Fulvetta manipurensis
Gray-hooded Fulvetta;Fulvetta cinereiceps
Taiwan Fulvetta;Fulvetta formosana
fulvetta sp. (genus Fulvetta);Fulvetta sp.
Wrentit;Chamaea fasciata
Reed Parrotbill;Paradoxornis heudei
Reed Parrotbill (Northern);Paradoxornis heudei polivanovi
Reed Parrotbill (Reed);Paradoxornis heudei heudei
Black-breasted Parrotbill;Paradoxornis flavirostris
Spot-breasted Parrotbill;Paradoxornis guttaticollis
Great Parrotbill;Paradoxornis aemodius
Brown Parrotbill;Paradoxornis unicolor
Three-toed Parrotbill;Paradoxornis paradoxus
Gray-headed Parrotbill;Paradoxornis gularis
Black-headed Parrotbill;Paradoxornis margaritae
Gray-headed x Black-headed Parrotbill (hybrid);Paradoxornis gularis x margaritae
White-breasted Parrotbill;Paradoxornis ruficeps
Rufous-headed Parrotbill;Paradoxornis bakeri
Short-tailed Parrotbill;Suthora davidiana
Fulvous Parrotbill;Suthora fulvifrons
Black-throated Parrotbill;Suthora nipalensis
Black-throated Parrotbill (Black-throated);Suthora nipalensis nipalensis/garhwalensis
Black-throated Parrotbill (Orange-eared);Suthora nipalensis humii/crocotia
Black-throated Parrotbill (Gray-breasted);Suthora nipalensis poliotis/feae
Black-throated Parrotbill (Buff-breasted);Suthora nipalensis ripponi/patriciae
Black-throated Parrotbill (Black-eared);Suthora nipalensis beaulieu/kamoli
Golden Parrotbill;Suthora verreauxi
Pale-billed Parrotbill;Suthora atrosuperciliaris
Spectacled Parrotbill;Suthora conspicillata
Gray-hooded Parrotbill;Suthora zappeyi
Eye-ringed Parrotbill;Suthora ricketti
Brown-winged Parrotbill;Suthora brunnea
Vinous-throated Parrotbill;Suthora webbiana
Ashy-throated Parrotbill;Suthora alphonsiana
Vinous-throated x Ashy-throated Parrotbill (hybrid);Suthora webbiana x alphonsiana
Rusty-throated Parrotbill;Suthora przewalskii
parrotbill sp.;Paradoxornithidae sp.
White-collared Yuhina;Parayuhina diademata
Chestnut-crested Yuhina;Staphida everetti
Striated Yuhina;Staphida castaniceps
Striated Yuhina (Gray-crowned);Staphida castaniceps [striata Group]
Striated Yuhina (Rufous-crowned);Staphida castaniceps castaniceps
Indochinese Yuhina;Staphida torqueola
Black-chinned Yuhina;Yuhina nigrimenta
Taiwan Yuhina;Yuhina brunneiceps
Whiskered Yuhina;Yuhina flavicollis
Burmese Yuhina;Yuhina humilis
White-naped Yuhina;Yuhina bakeri
Stripe-throated Yuhina;Yuhina gularis
Rufous-vented Yuhina;Yuhina occipitalis
yuhina sp.;Parayuhina/Staphida/Yuhina sp.
Flame-templed Babbler;Dasycrotapha speciosa
Visayan Pygmy-Babbler;Dasycrotapha pygmaea
Mindanao Pygmy-Babbler;Dasycrotapha plateni
Rusty-crowned Babbler;Sterrhoptilus capitalis
Golden-crowned Babbler;Sterrhoptilus dennistouni
Calabarzon Babbler;Sterrhoptilus affinis
Visayan Babbler;Sterrhoptilus nigrocapitatus
Palawan Striped-Babbler;Zosterornis hypogrammicus
Luzon Striped-Babbler;Zosterornis striatus
Chestnut-faced Babbler;Zosterornis whiteheadi
Panay Striped-Babbler;Zosterornis latistriatus
Negros Striped-Babbler;Zosterornis nigrorum
Golden White-eye;Cleptornis marchei
Teardrop White-eye;Rukia ruki
Long-billed White-eye;Rukia longirostra
Giant White-eye;Megazosterops palauensis
Javan Heleia;Heleia javanica
Gray-hooded Heleia;Heleia pinaiae
Pygmy Heleia;Heleia squamifrons
Mindanao Heleia;Heleia goodfellowi
Sulawesi Heleia;Heleia squamiceps
Eyebrowed Heleia;Heleia superciliaris
Dark-crowned Heleia;Heleia dohertyi
Timor Heleia;Heleia muelleri
Flores Heleia;Heleia crassirostris
Yellow-spectacled Heleia;Heleia wallacei
Bonin White-eye;Apalopteron familiare
Rufescent White-eye;Tephrozosterops stalkeri
Sri Lanka White-eye;Zosterops ceylonensis
Yellowish White-eye;Zosterops nigrorum
Black-capped White-eye;Zosterops atricapilla
Pale White-eye;Zosterops flavilateralis
Mbulu White-eye;Zosterops mbuluensis
Chestnut-flanked White-eye;Zosterops erythropleurus
Swinhoe's White-eye;Zosterops simplex
Mountain Black-eye;Zosterops emiliae
Warbling White-eye;Zosterops japonicus
Swinhoe's/Warbling White-eye;Zosterops simplex/japonicus
Indian White-eye;Zosterops palpebrosus
Swinhoe's/Indian White-eye;Zosterops simplex/palpebrosus
Lowland White-eye;Zosterops meyeni
Marianne White-eye;Zosterops semiflavus
Comoro White-eye;Zosterops mouroniensis
Reunion White-eye;Zosterops olivaceus
Mauritius White-eye;Zosterops chloronothos
Reunion Gray White-eye;Zosterops borbonicus
Mauritius Gray White-eye;Zosterops mauritianus
Abyssinian White-eye;Zosterops abyssinicus
Socotra White-eye;Zosterops socotranus
Cameroon Speirops;Zosterops melanocephalus
Forest White-eye;Zosterops stenocricotus
Green White-eye;Zosterops stuhlmanni
Kilimanjaro White-eye;Zosterops eurycricotus
Bioko Speirops;Zosterops brunneus
Ethiopian White-eye;Zosterops poliogastrus
Kafa White-eye;Zosterops kaffensis
Kafa White-eye (Kafa);Zosterops kaffensis kaffensis
Kafa White-eye (Kulal);Zosterops kaffensis kulalensis
Kikuyu White-eye;Zosterops kikuyuensis
Principe White-eye;Zosterops ficedulinus
Annobon White-eye;Zosterops griseovirescens
Sao Tome White-eye;Zosterops feae
Black-capped Speirops;Zosterops lugubris
Principe Speirops;Zosterops leucophaeus
Taita White-eye;Zosterops silvanus
Northern Yellow White-eye;Zosterops senegalensis
Northern Yellow White-eye (senegalensis/demeryi);Zosterops senegalensis senegalensis/demeryi
Northern Yellow White-eye (jacksoni/gerhardi);Zosterops senegalensis jacksoni/gerhardi
Green/Northern Yellow White-eye;Zosterops stuhlmanni/senegalensis
Angola White-eye;Zosterops kasaicus
Orange River White-eye;Zosterops pallidus
South Pare White-eye;Zosterops winifredae
Cape White-eye;Zosterops virens
Cape White-eye (Cape);Zosterops virens capensis
Cape White-eye (Green);Zosterops virens virens
Orange River x Cape White-eye (hybrid);Zosterops pallidus x virens
Orange River/Cape White-eye;Zosterops pallidus/virens
Southern Yellow White-eye;Zosterops anderssoni
Cape/Southern Yellow White-eye;Zosterops virens/anderssoni
Pemba White-eye;Zosterops vaughani
Seychelles White-eye;Zosterops modestus
Anjouan White-eye;Zosterops anjuanensis
Moheli White-eye;Zosterops comorensis
Malagasy White-eye;Zosterops maderaspatanus
Kirk's White-eye;Zosterops kirki
Mayotte White-eye;Zosterops mayottensis
Aldabra White-eye;Zosterops aldabrensis
Lemon-bellied White-eye;Zosterops chloris
Meratus White-eye;Zosterops meratusensis
Wakatobi White-eye;Zosterops flavissimus
Black-crowned White-eye;Zosterops atrifrons
Black-crowned White-eye (northern Sulawesi);Zosterops atrifrons atrifrons/surdus
Black-crowned White-eye (Banggai);Zosterops atrifrons subatrifrons
Black-crowned White-eye (Sula);Zosterops atrifrons sulaensis
Black-crowned White-eye (undescribed Lake Matano form);Zosterops atrifrons [undescribed Lake Matano form]
Sangihe White-eye;Zosterops nehrkorni
Togian White-eye;Zosterops somadikartai
Sulawesi White-eye;Zosterops consobrinorum
Black-ringed White-eye;Zosterops anomalus
Black-fronted White-eye;Zosterops minor
Black-fronted White-eye (Black-fronted);Zosterops minor [chrysolaemus Group]
Black-fronted White-eye (Green-fronted);Zosterops minor minor/rothschildi
Tagula White-eye;Zosterops meeki
Morotai White-eye;Zosterops dehaani
Cream-throated White-eye;Zosterops atriceps
Cream-throated White-eye (Halmahera);Zosterops atriceps fuscifrons
Cream-throated White-eye (Bacan);Zosterops atriceps atriceps
Obi White-eye (undescribed form);Zosterops [undescribed Obi form]
Buru White-eye;Zosterops buruensis
Seram White-eye;Zosterops stalkeri
Javan White-eye;Zosterops flavus
Ashy-bellied White-eye;Zosterops citrinella
Ashy-bellied White-eye (Yellow-bellied);Zosterops citrinella unicus
Ashy-bellied White-eye (Ashy-bellied);Zosterops citrinella [citrinella Group]
Australian Yellow White-eye;Zosterops luteus
Silvereye;Zosterops lateralis
Silvereye (Lord Howe);Zosterops lateralis tephropleurus
Silvereye (Capricorn);Zosterops lateralis chlorocephalus
Silvereye (West Australian);Zosterops lateralis chloronotus
Silvereye (East Australian);Zosterops lateralis [westernensis Group]
Silvereye (Cinnamon-flanked);Zosterops lateralis lateralis
Silvereye (Ouvea and Mare);Zosterops lateralis nigrescens
Silvereye (Lifou);Zosterops lateralis melanops
Silvereye (New Caledonian);Zosterops lateralis griseonota
Silvereye (Vanuatu);Zosterops lateralis [vatensis Group]
Silvereye (Fiji);Zosterops lateralis flaviceps
Ashy-bellied White-eye x Silvereye (hybrid);Zosterops citrinella x lateralis
Ashy-bellied White-eye/Silvereye;Zosterops citrinella/lateralis
Wangi-wangi White-eye;Zosterops paruhbesar
Hume's White-eye;Zosterops auriventer
Swinhoe's/Hume's White-eye;Zosterops simplex/auriventer
Sangkar White-eye;Zosterops melanurus
Everett's White-eye;Zosterops everetti
Banded White-eye;Zosterops vellalavella
Santa Cruz White-eye;Zosterops sanctaecrucis
Capped White-eye;Zosterops fuscicapilla
Capped White-eye (Capped);Zosterops fuscicapilla fuscicapilla
Capped White-eye (Oya Tabu);Zosterops fuscicapilla crookshanki
Yellow-fronted White-eye;Zosterops flavifrons
Bare-eyed White-eye;Zosterops superciliosus
Sanford's White-eye;Zosterops lacertosus
Vanikoro White-eye;Zosterops gibbsi
Fiji White-eye;Zosterops explorator
Silvereye/Fiji White-eye;Zosterops lateralis/explorator
Black-headed White-eye;Zosterops hypoxanthus
Biak White-eye;Zosterops mysorensis
Bougainville White-eye;Zosterops hamlini
Guadalcanal White-eye;Zosterops oblitus
Makira White-eye;Zosterops rendovae
Yap White-eye;Zosterops oleagineus
Dusky White-eye;Zosterops finschii
Pohnpei White-eye;Zosterops ponapensis
Kosrae White-eye;Zosterops cinereus
Rota White-eye;Zosterops rotensis
Yellow-throated White-eye;Zosterops metcalfii
Malaita White-eye;Zosterops stresemanni
New Guinea White-eye;Zosterops novaeguineae
Ambon White-eye;Zosterops kuehni
Kai Besar White-eye;Zosterops grayi
Splendid White-eye;Zosterops luteirostris
Kai Kecil White-eye;Zosterops uropygialis
Ranongga White-eye;Zosterops splendidus
Solomons White-eye;Zosterops kulambangrae
Dark-eyed White-eye;Zosterops tetiparius
Christmas Island White-eye;Zosterops natalis
Bridled White-eye;Zosterops conspicillatus
Bridled White-eye (Saipan);Zosterops conspicillatus saypani
Bridled White-eye (Bridled);Zosterops conspicillatus conspicillatus
Caroline Islands White-eye;Zosterops semperi
Plain White-eye;Zosterops hypolais
Louisiade White-eye;Zosterops griseotinctus
Kolombangara White-eye;Zosterops murphyi
Large Lifou White-eye;Zosterops inornatus
White-chested White-eye;Zosterops albogularis
Samoan White-eye;Zosterops samoensis
Robust White-eye;Zosterops strenuus
Slender-billed White-eye;Zosterops tenuirostris
Small Lifou White-eye;Zosterops minutus
Green-backed White-eye;Zosterops xanthochroa
Rennell White-eye;Zosterops rennellianus
Zosterops sp.;Zosterops sp.
white-eye sp.;Zosteropidae sp.
Chestnut-capped Babbler;Timalia pileata
Tawny-bellied Babbler;Dumetia hyperythra
Tawny-bellied Babbler (Tawny-bellied);Dumetia hyperythra hyperythra
Tawny-bellied Babbler (White-throated);Dumetia hyperythra albogularis/phillipsi
Dark-fronted Babbler;Dumetia atriceps
Dark-fronted Babbler (atriceps);Dumetia atriceps atriceps
Dark-fronted Babbler (bourdilloni);Dumetia atriceps bourdilloni
Dark-fronted Babbler (siccata);Dumetia atriceps siccata
Dark-fronted Babbler (nigrifrons);Dumetia atriceps nigrifrons
Gray-faced Tit-Babbler;Mixornis kelleyi
Gray-cheeked Tit-Babbler;Mixornis flavicollis
Kangean Tit-Babbler;Mixornis prillwitzi
Pin-striped Tit-Babbler;Mixornis gularis
Pin-striped Tit-Babbler (Pin-striped);Mixornis gularis [gularis Group]
Pin-striped Tit-Babbler (Palawan);Mixornis gularis woodi
Gray-faced/Pin-striped Tit-Babbler;Mixornis kelleyi/gularis
Bold-striped Tit-Babbler;Mixornis bornensis
Bold-striped Tit-Babbler (Bold-striped);Mixornis bornensis [bornensis Group]
Bold-striped Tit-Babbler (Mapun);Mixornis bornensis cagayanensis
Fluffy-backed Tit-Babbler;Macronus ptilosus
Brown Tit-Babbler;Macronus striaticeps
Golden Babbler;Cyanoderma chrysaeum
Chestnut-winged Babbler;Cyanoderma erythropterum
Gray-hooded Babbler;Cyanoderma bicolor
Crescent-chested Babbler;Cyanoderma melanothorax
Rufous-fronted Babbler;Cyanoderma rufifrons
Rufous-fronted Babbler (Buff-chested);Cyanoderma rufifrons [ambiguum Group]
Rufous-fronted Babbler (Rufous-fronted);Cyanoderma rufifrons [rufifrons Group]
Black-chinned Babbler;Cyanoderma pyrrhops
Rufous-capped Babbler;Cyanoderma ruficeps
Cyanoderma sp.;Cyanoderma sp.
Rufous-throated Wren-Babbler;Spelaeornis caudatus
Mishmi Wren-Babbler;Spelaeornis badeigularis
Bar-winged Wren-Babbler;Spelaeornis troglodytoides
Pale-throated Wren-Babbler;Spelaeornis kinneari
Naga Wren-Babbler;Spelaeornis chocolatinus
Chin Hills Wren-Babbler;Spelaeornis oatesi
Tawny-breasted Wren-Babbler;Spelaeornis longicaudatus
Gray-bellied Wren-Babbler;Spelaeornis reptatus
Lisu Wren-Babbler (undescribed form);Spelaeornis [undescribed form]
Spelaeornis sp.;Spelaeornis sp.
Black Laughingthrush;Melanocichla lugubris
Bare-headed Laughingthrush;Melanocichla calva
Black-crowned Scimitar-Babbler;Pomatorhinus ferruginosus
Brown-crowned Scimitar-Babbler;Pomatorhinus phayrei
Brown-crowned Scimitar-Babbler (Phayre's);Pomatorhinus phayrei phayrei/stanfordi
Brown-crowned Scimitar-Babbler (albogularis Group);Pomatorhinus phayrei [albogularis Group]
Black-crowned/Brown-crowned Scimitar-Babbler;Pomatorhinus ferruginosus/phayrei
Red-billed Scimitar-Babbler;Pomatorhinus ochraceiceps
Black-crowned/Red-billed Scimitar-Babbler;Pomatorhinus ferruginosus/ochraceiceps
Brown-crowned/Red-billed Scimitar-Babbler;Pomatorhinus phayrei/ochraceiceps
Slender-billed Scimitar-Babbler;Pomatorhinus superciliaris
Streak-breasted Scimitar-Babbler;Pomatorhinus ruficollis
Taiwan Scimitar-Babbler;Pomatorhinus musicus
White-browed Scimitar-Babbler;Pomatorhinus schisticeps
Streak-breasted/White-browed Scimitar-Babbler;Pomatorhinus ruficollis/schisticeps
Indian Scimitar-Babbler;Pomatorhinus horsfieldii
Sri Lanka Scimitar-Babbler;Pomatorhinus melanurus
Sunda Scimitar-Babbler;Pomatorhinus bornensis
Javan Scimitar-Babbler;Pomatorhinus montanus
Pomatorhinus sp.;Pomatorhinus sp.
Large Scimitar-Babbler;Erythrogenys hypoleucos
Rusty-cheeked Scimitar-Babbler;Erythrogenys erythrogenys
Red-eyed Scimitar-Babbler;Erythrogenys imberbis
Spot-breasted Scimitar-Babbler;Erythrogenys mcclellandi
Black-streaked Scimitar-Babbler;Erythrogenys gravivox
Gray-sided Scimitar-Babbler;Erythrogenys swinhoei
Black-streaked/Gray-sided Scimitar-Babbler;Erythrogenys gravivox/swinhoei
Black-necklaced Scimitar-Babbler;Erythrogenys erythrocnemis
Black-throated Babbler;Stachyris nigricollis
White-breasted Babbler;Stachyris grammiceps
Chestnut-rumped Babbler;Stachyris maculata
Gray-throated Babbler;Stachyris nigriceps
Gray-headed Babbler;Stachyris poliocephala
Nonggang Babbler;Stachyris nonggangensis
Sooty Babbler;Stachyris herberti
Sikkim Wedge-billed Babbler;Stachyris humei
Cachar Wedge-billed Babbler;Stachyris roberti
White-necked Babbler;Stachyris leucotis
White-bibbed Babbler;Stachyris thoracica
Snowy-throated Babbler;Stachyris oglei
Spot-necked Babbler;Stachyris strialata
Stachyris sp.;Stachyris sp.
Timaliidae sp.;Timaliidae sp.
Indian Grassbird;Graminicola bengalensis
Chinese Grassbird;Graminicola striatus
Large Wren-Babbler;Turdinus macrodactylus
Marbled Wren-Babbler;Turdinus marmoratus
Black-throated Wren-Babbler;Turdinus atrigularis
Sooty-capped Babbler;Malacopteron affine
Gray-breasted Babbler;Malacopteron albogulare
Scaly-crowned Babbler;Malacopteron cinereum
Rufous-crowned Babbler;Malacopteron magnum
Moustached Babbler;Malacopteron magnirostre
Palawan Babbler;Malacopteron palawanense
Malacopteron sp.;Malacopteron sp.
White-hooded Babbler;Gampsorhynchus rufulus
Collared Babbler;Gampsorhynchus torquatus
Yellow-throated Fulvetta;Schoeniparus cinereus
Rufous-winged Fulvetta;Schoeniparus castaneceps
Black-crowned Fulvetta;Schoeniparus klossi
Gold-fronted Fulvetta;Schoeniparus variegaticeps
Rufous-throated Fulvetta;Schoeniparus rufogularis
Rusty-capped Fulvetta;Schoeniparus dubius
Dusky Fulvetta;Schoeniparus brunneus
Schoeniparus sp.;Schoeniparus sp.
Puff-throated Babbler;Pellorneum ruficeps
Brown-capped Babbler;Pellorneum fuscocapillus
Marsh Babbler;Pellorneum palustre
Malayan Black-capped Babbler;Pellorneum nigrocapitatum
Bornean Black-capped Babbler;Pellorneum capistratoides
Javan Black-capped Babbler;Pellorneum capistratum
Short-tailed Babbler;Pellorneum malaccense
Short-tailed Babbler (Mourning);Pellorneum malaccense malaccense
Short-tailed Babbler (Glissando);Pellorneum malaccense saturatum
Short-tailed Babbler (Leaflitter);Pellorneum malaccense poliogene
Ashy-headed Babbler;Pellorneum cinereiceps
Spot-throated Babbler;Pellorneum albiventre
Buff-breasted Babbler;Pellorneum tickelli
Sumatran Babbler;Pellorneum buettikoferi
Temminck's Babbler;Pellorneum pyrrogenys
White-chested Babbler;Pellorneum rostratum
White-chested Babbler (Malayan);Pellorneum rostratum rostratum
White-chested Babbler (Bornean);Pellorneum rostratum macropterum
Ferruginous Babbler;Pellorneum bicolor
Sulawesi Babbler;Pellorneum celebense
Rufous-vented Grass Babbler;Laticilla burnesii
Swamp Grass Babbler;Laticilla cinerascens
Brown Illadopsis;Illadopsis fulvescens
Brown Illadopsis (Moloney's);Illadopsis fulvescens moloneyana/iboensis
Brown Illadopsis (Brown);Illadopsis fulvescens [fulvescens Group]
Pale-breasted Illadopsis;Illadopsis rufipennis
Brown/Pale-breasted Illadopsis;Illadopsis fulvescens/rufipennis
Tanzanian Illadopsis;Illadopsis distans
Mountain Illadopsis;Illadopsis pyrrhoptera
Blackcap Illadopsis;Illadopsis cleaveri
Blackcap Illadopsis (Western);Illadopsis cleaveri cleaveri/johnsoni
Blackcap Illadopsis (Eastern);Illadopsis cleaveri batesi/marchanti
Blackcap Illadopsis (Bioko);Illadopsis cleaveri poensis
Scaly-breasted Illadopsis;Illadopsis albipectus
Pale-breasted/Scaly-breasted Illadopsis;Illadopsis rufipennis/albipectus
Mountain/Scaly-breasted Illadopsis;Illadopsis pyrrhoptera/albipectus
Thrush Babbler;Illadopsis turdina
Thrush Babbler (Rufous-tailed);Illadopsis turdina harterti
Thrush Babbler (Thrush);Illadopsis turdina turdina
Thrush Babbler (Olive);Illadopsis turdina upembae
Puvel's Illadopsis;Illadopsis puveli
Rufous-winged Illadopsis;Illadopsis rufescens
illadopsis sp.;Illadopsis sp.
Striped Wren-Babbler;Kenopia striata
Abbott's Babbler;Malacocincla abbotti
Horsfield's Babbler;Malacocincla sepiaria
Horsfield's Babbler (Hartert's);Malacocincla sepiaria tardinata/barussana
Horsfield's Babbler (Horsfield's);Malacocincla sepiaria sepiaria
Horsfield's Babbler (Salvadori's);Malacocincla sepiaria rufiventris/harterti
Black-browed Babbler;Malacocincla perspicillata
Mountain Wren-Babbler;Gypsophila crassa
Streaked Wren-Babbler;Gypsophila brevicaudata
Annam Limestone Babbler;Gypsophila annamensis
Rufous Limestone Babbler;Gypsophila calcicola
Variable Limestone Babbler;Gypsophila crispifrons
limestone babbler sp.;Gypsophila annamensis/calcicola/crispifrons
Rusty-breasted Wren-Babbler;Gypsophila rufipectus
Striated Wren-Babbler;Ptilocichla mindanensis
Striated Wren-Babbler (minuta/fortichi);Ptilocichla mindanensis minuta/fortichi
Striated Wren-Babbler (mindanensis/basilanica);Ptilocichla mindanensis mindanensis/basilanica
Bornean Wren-Babbler;Ptilocichla leucogrammica
Falcated Wren-Babbler;Ptilocichla falcata
Eyebrowed Wren-Babbler;Napothera epilepidota
Long-billed Wren-Babbler;Napothera malacoptila
Sumatran Wren-Babbler;Napothera albostriata
White-throated Wren-Babbler;Napothera pasquieri
Naung Mung Scimitar-Babbler;Napothera naungmungensis
Short-tailed Scimitar-Babbler;Napothera danjoui
Pellorneidae sp.;Pellorneidae sp.
Brown-cheeked Fulvetta;Alcippe poioicephala
Black-browed Fulvetta;Alcippe grotei
Brown Fulvetta;Alcippe brunneicauda
Javan Fulvetta;Alcippe pyrrhoptera
Nepal Fulvetta;Alcippe nipalensis
David's Fulvetta;Alcippe davidi
Huet's Fulvetta;Alcippe hueti
Morrison's Fulvetta;Alcippe morrisonia
Yunnan Fulvetta;Alcippe fratercula
Mountain Fulvetta;Alcippe peracensis
Black-browed/Mountain Fulvetta;Alcippe grotei/peracensis
Alcippe sp.;Alcippe sp.
Striated Laughingthrush;Grammatoptila striata
Himalayan Cutia;Cutia nipalensis
Vietnamese Cutia;Cutia legalleni
Gray-crowned Crocias;Laniellus langbianis
Spotted Crocias;Laniellus albonotatus
Scaly Laughingthrush;Trochalopteron subunicolor
Brown-capped Laughingthrush;Trochalopteron austeni
Blue-winged Laughingthrush;Trochalopteron squamatum
Streaked Laughingthrush;Trochalopteron lineatum
Bhutan Laughingthrush;Trochalopteron imbricatum
Striped Laughingthrush;Trochalopteron virgatum
Variegated Laughingthrush;Trochalopteron variegatum
Black-faced Laughingthrush;Trochalopteron affine
White-whiskered Laughingthrush;Trochalopteron morrisonianum
Prince Henry's Laughingthrush;Trochalopteron henrici
Elliot's Laughingthrush;Trochalopteron elliotii
Red-tailed Laughingthrush;Trochalopteron milnei
Collared Laughingthrush;Trochalopteron yersini
Chestnut-crowned Laughingthrush;Trochalopteron erythrocephalum
Chestnut-crowned Laughingthrush (Chestnut-crowned);Trochalopteron erythrocephalum erythrocephalum/kali
Chestnut-crowned Laughingthrush (Gray-crowned);Trochalopteron erythrocephalum nigrimentum
Assam Laughingthrush;Trochalopteron chrysopterum
Red-winged Laughingthrush;Trochalopteron formosum
Silver-eared Laughingthrush;Trochalopteron melanostigma
Golden-winged Laughingthrush;Trochalopteron ngoclinhense
Malayan Laughingthrush;Trochalopteron peninsulae
Trochalopteron sp.;Trochalopteron sp.
Banasura Laughingthrush;Montecincla jerdoni
Nilgiri Laughingthrush;Montecincla cachinnans
Palani Laughingthrush;Montecincla fairbanki
Ashambu Laughingthrush;Montecincla meridionalis
Long-tailed Sibia;Heterophasia picaoides
White-eared Sibia;Heterophasia auricularis
Rufous Sibia;Heterophasia capistrata
Beautiful Sibia;Heterophasia pulchella
Beautiful Sibia (Black-eared);Heterophasia pulchella nigroaurita
Beautiful Sibia (Gray-eared);Heterophasia pulchella pulchella
Gray Sibia;Heterophasia gracilis
Black-backed Sibia;Heterophasia melanoleuca
Black-headed Sibia;Heterophasia desgodinsi
Black-headed Sibia (Black-headed);Heterophasia desgodinsi desgodinsi/tonkinensis
Black-headed Sibia (engelbachi/kingi);Heterophasia desgodinsi engelbachi/kingi
Black-headed Sibia (Lang Bian);Heterophasia desgodinsi robinsoni
Hoary-throated Barwing;Actinodura nipalensis
Taiwan Barwing;Actinodura morrisoniana
Streak-throated Barwing;Actinodura waldeni
Streak-throated Barwing (Gray-chested);Actinodura waldeni daflaensis
Streak-throated Barwing (Rufous-chested);Actinodura waldeni [waldeni Group]
Hoary-throated x Streak-throated Barwing (hybrid);Actinodura nipalensis x waldeni
Hoary-throated/Streak-throated Barwing;Actinodura nipalensis/waldeni
Streaked Barwing;Actinodura souliei
Blue-winged Minla;Actinodura cyanouroptera
Chestnut-tailed Minla;Actinodura strigula
Rusty-fronted Barwing;Actinodura egertoni
Spectacled Barwing;Actinodura ramsayi
Spectacled Barwing (Eastern);Actinodura ramsayi radcliffei/yunnanensis
Spectacled Barwing (Western);Actinodura ramsayi ramsayi
Black-crowned Barwing;Actinodura sodangorum
Red-billed Leiothrix;Leiothrix lutea
Silver-eared Mesia;Leiothrix argentauris
Silver-eared Mesia (Silver-eared);Leiothrix argentauris [argentauris Group]
Silver-eared Mesia (Sumatran);Leiothrix argentauris laurinae/rookmakeri
Red-tailed Minla;Minla ignotincta
Rufous-backed Sibia;Leioptila annectens
Rufous-backed Sibia (Rufous-backed);Leioptila annectens [annectens Group]
Rufous-backed Sibia (Dalat);Leioptila annectens eximia
Bugun Liocichla;Liocichla bugunorum
Emei Shan Liocichla;Liocichla omeiensis
Taiwan Liocichla;Liocichla steerii
Red-faced Liocichla;Liocichla phoenicea
Scarlet-faced Liocichla;Liocichla ripponi
Large Gray Babbler;Argya malcolmi
Ashy-headed Laughingthrush;Argya cinereifrons
Slender-billed Babbler;Argya longirostris
Rufous Babbler;Argya subrufa
Orange-billed Babbler;Argya rufescens
Jungle Babbler;Argya striata
Jungle Babbler (Jungle);Argya striata [striata Group]
Jungle Babbler (Black-winged);Argya striata somervillei
Yellow-billed Babbler;Argya affinis
Jungle/Yellow-billed Babbler;Argya striata/affinis
Rufous Chatterer;Argya rubiginosa
Scaly Chatterer;Argya aylmeri
Iraq Babbler;Argya altirostris
Afghan Babbler;Argya huttoni
Common Babbler;Argya caudata
Fulvous Chatterer;Argya fulva
Arabian Babbler;Argya squamiceps
Striated Babbler;Argya earlei
Common/Striated Babbler;Argya caudata/earlei
White-throated Babbler;Argya gularis
Spiny Babbler;Turdoides nipalensis
Capuchin Babbler;Turdoides atripennis
Capuchin Babbler (Gray-hooded);Turdoides atripennis atripennis
Capuchin Babbler (Black-crowned);Turdoides atripennis rubiginosus
Capuchin Babbler (Brown-throated);Turdoides atripennis bohndorffi
White-throated Mountain-Babbler;Turdoides gilberti
Chapin's Mountain-Babbler;Turdoides chapini
Red-collared Mountain-Babbler;Turdoides rufocinctus
Brown Babbler;Turdoides plebejus
White-rumped Babbler;Turdoides leucopygia
Hinde's Pied-Babbler;Turdoides hindei
Scaly Babbler;Turdoides squamulata
Arrow-marked Babbler;Turdoides jardineii
Bare-cheeked Babbler;Turdoides gymnogenys
Cretzschmar's Babbler;Turdoides leucocephala
Blackcap Babbler;Turdoides reinwardtii
Blackcap Babbler (Blackcap);Turdoides reinwardtii reinwardtii
Blackcap Babbler (Dusky-throated);Turdoides reinwardtii stictilaema
Dusky Babbler;Turdoides tenebrosa
Southern Pied-Babbler;Turdoides bicolor
Hartlaub's Babbler;Turdoides hartlaubii
Black-lored Babbler;Turdoides sharpei
Black-lored Babbler (Sharpe's);Turdoides sharpei sharpei
Black-lored Babbler (Nanyuki);Turdoides sharpei vepres
Black-faced Babbler;Turdoides melanops
Northern Pied-Babbler;Turdoides hypoleuca
Argya/Turdoides sp.;Argya/Turdoides sp.
Spot-breasted Laughingthrush;Garrulax merulinus
Orange-breasted Laughingthrush;Garrulax annamensis
Chinese Hwamei;Garrulax canorus
Taiwan Hwamei;Garrulax taewanus
Chinese x Taiwan Hwamei (hybrid);Garrulax canorus x taewanus
Chinese/Taiwan Hwamei;Garrulax canorus/taewanus
Lesser Necklaced Laughingthrush;Garrulax monileger
Rufous-fronted Laughingthrush;Garrulax rufifrons
Sunda Laughingthrush;Garrulax palliatus
White-crested Laughingthrush;Garrulax leucolophus
Sumatran Laughingthrush;Garrulax bicolor
Black-hooded Laughingthrush;Garrulax milleti
White-necked Laughingthrush;Garrulax strepitans
Cambodian Laughingthrush;Garrulax ferrarius
Gray Laughingthrush;Garrulax maesi
Rufous-cheeked Laughingthrush;Garrulax castanotis
Garrulax sp.;Garrulax sp.
Snowy-cheeked Laughingthrush;Ianthocincla sukatschewi
Rufous-chinned Laughingthrush;Ianthocincla rufogularis
Chestnut-eared Laughingthrush;Ianthocincla konkakinhensis
Moustached Laughingthrush;Ianthocincla cineracea
Moustached Laughingthrush (Western);Ianthocincla cineracea cineracea/strenua
Moustached Laughingthrush (Eastern);Ianthocincla cineracea cinereiceps
Spotted Laughingthrush;Ianthocincla ocellata
Spotted Laughingthrush (Brown-cheeked);Ianthocincla ocellata [ocellata Group]
Spotted Laughingthrush (Black-headed);Ianthocincla ocellata artemisiae
Giant Laughingthrush;Ianthocincla maxima
Biet's Laughingthrush;Ianthocincla bieti
Barred Laughingthrush;Ianthocincla lunulata
Wayanad Laughingthrush;Pterorhinus delesserti
Rufous-vented Laughingthrush;Pterorhinus gularis
White-cheeked Laughingthrush;Pterorhinus vassali
Yellow-throated Laughingthrush;Pterorhinus galbanus
Blue-crowned Laughingthrush;Pterorhinus courtoisi
Chestnut-capped Laughingthrush;Pterorhinus mitratus
Chestnut-hooded Laughingthrush;Pterorhinus treacheri
Meratus Laughingthrush (undescribed form);Pterorhinus [undescribed Meratus form]
Rufous-necked Laughingthrush;Pterorhinus ruficollis
Chestnut-backed Laughingthrush;Pterorhinus nuchalis
Black-throated Laughingthrush;Pterorhinus chinensis
Black-throated Laughingthrush (Black-throated);Pterorhinus chinensis [chinensis Group]
Black-throated Laughingthrush (Hainan);Pterorhinus chinensis monachus
White-browed Laughingthrush;Pterorhinus sannio
Masked Laughingthrush;Pterorhinus perspicillatus
Greater Necklaced Laughingthrush;Pterorhinus pectoralis
Lesser/Greater Necklaced Laughingthrush;Garrulax monileger/Pterorhinus pectoralis
Pere David's Laughingthrush;Pterorhinus davidi
Mount Victoria Babax;Pterorhinus woodi
Chinese Babax;Pterorhinus lanceolatus
Giant Babax;Pterorhinus waddelli
Tibetan Babax;Pterorhinus koslowi
White-throated Laughingthrush;Pterorhinus albogularis
Rufous-crowned Laughingthrush;Pterorhinus ruficeps
Gray-sided Laughingthrush;Pterorhinus caerulatus
Buffy Laughingthrush;Pterorhinus berthemyi
Rusty Laughingthrush;Pterorhinus poecilorhynchus
Ianthocincla/Pterorhinus sp.;Ianthocincla/Pterorhinus sp.
laughingthrush sp.;Leiothrichidae sp. (laughingthrush sp.)
Ruby-crowned Kinglet;Corthylio calendula
Golden-crowned Kinglet;Regulus satrapa
Ruby-crowned/Golden-crowned Kinglet;Corthylio calendula/Regulus satrapa
Goldcrest;Regulus regulus
Goldcrest (European);Regulus regulus [regulus Group]
Goldcrest (western Canary Islands);Regulus regulus ellenthalerae
Goldcrest (Tenerife);Regulus regulus teneriffae
Goldcrest (Sao Miguel);Regulus regulus azoricus
Goldcrest (Santa Maria);Regulus regulus sanctaemariae
Goldcrest (Western Azores);Regulus regulus inermis
Goldcrest (Asian);Regulus regulus [himalayensis Group]
Flamecrest;Regulus goodfellowi
Madeira Firecrest;Regulus madeirensis
Common Firecrest;Regulus ignicapilla
Goldcrest/Common Firecrest;Regulus regulus/ignicapilla
Wallcreeper;Tichodroma muraria
White-cheeked Nuthatch;Sitta leucopsis
Przevalski's Nuthatch;Sitta przewalskii
Giant Nuthatch;Sitta magna
White-breasted Nuthatch;Sitta carolinensis
White-breasted Nuthatch (Eastern);Sitta carolinensis carolinensis
White-breasted Nuthatch (Interior West);Sitta carolinensis [lagunae Group]
White-breasted Nuthatch (Pacific);Sitta carolinensis aculeata/alexandrae
Beautiful Nuthatch;Sitta formosa
Blue Nuthatch;Sitta azurea
Velvet-fronted Nuthatch;Sitta frontalis
Yellow-billed Nuthatch;Sitta solangiae
Velvet-fronted/Yellow-billed Nuthatch;Sitta frontalis/solangiae
Sulphur-billed Nuthatch;Sitta oenochlamys
Pygmy Nuthatch;Sitta pygmaea
Brown-headed Nuthatch;Sitta pusilla
Bahama Nuthatch;Sitta insularis
Yunnan Nuthatch;Sitta yunnanensis
Algerian Nuthatch;Sitta ledanti
Krüper's Nuthatch;Sitta krueperi
Red-breasted Nuthatch;Sitta canadensis
Corsican Nuthatch;Sitta whiteheadi
Snowy-browed Nuthatch;Sitta villosa
Western Rock Nuthatch;Sitta neumayer
Eastern Rock Nuthatch;Sitta tephronota
Western/Eastern Rock Nuthatch;Sitta neumayer/tephronota
Siberian Nuthatch;Sitta arctica
White-browed Nuthatch;Sitta victoriae
White-tailed Nuthatch;Sitta himalayensis
Indian Nuthatch;Sitta castanea
Chestnut-bellied Nuthatch;Sitta cinnamoventris
Indian/Chestnut-bellied Nuthatch;Sitta castanea/cinnamoventris
Burmese Nuthatch;Sitta neglecta
Chestnut-bellied/Burmese Nuthatch;Sitta cinnamoventris/neglecta
Eurasian Nuthatch;Sitta europaea
Eurasian Nuthatch (Western);Sitta europaea [europaea Group]
Eurasian Nuthatch (White-bellied);Sitta europaea [asiatica Group]
Eurasian Nuthatch (Buff-bellied);Sitta europaea [roseilia Group]
Eurasian Nuthatch (Chinese);Sitta europaea sinensis/formosana
Siberian/Eurasian Nuthatch;Sitta arctica/europaea
Chestnut-vented Nuthatch;Sitta nagaensis
Kashmir Nuthatch;Sitta cashmirensis
nuthatch sp.;Sitta sp.
African Spotted Creeper;Salpornis salvadori
Indian Spotted Creeper;Salpornis spilonota
Eurasian Treecreeper;Certhia familiaris
Hodgson's Treecreeper;Certhia hodgsoni
Sichuan Treecreeper;Certhia tianquanensis
Brown Creeper;Certhia americana
Brown Creeper (occidentalis Group);Certhia americana [occidentalis Group]
Brown Creeper (montana/idahoensis);Certhia americana montana/idahoensis
Brown Creeper (americana/nigrescens);Certhia americana americana/nigrescens
Brown Creeper (albescens/alticola);Certhia americana albescens/alticola
Brown Creeper (pernigra);Certhia americana pernigra
Brown Creeper (extima);Certhia americana extima
Short-toed Treecreeper;Certhia brachydactyla
Eurasian/Short-toed Treecreeper;Certhia familiaris/brachydactyla
Bar-tailed Treecreeper;Certhia himalayana
Rusty-flanked Treecreeper;Certhia nipalensis
Sikkim Treecreeper;Certhia discolor
Hume's Treecreeper;Certhia manipurensis
treecreeper sp.;Certhia sp.
Collared Gnatwren;Microbates collaris
Tawny-faced Gnatwren;Microbates cinereiventris
Long-billed Gnatwren;Ramphocaenus melanurus
Long-billed Gnatwren (rufiventris Group);Ramphocaenus melanurus [rufiventris Group]
Long-billed Gnatwren (Trilling);Ramphocaenus melanurus [melanurus Group]
Chattering Gnatwren;Ramphocaenus sticturus
Long-billed/Chattering Gnatwren;Ramphocaenus melanurus/sticturus
Guianan Gnatcatcher;Polioptila guianensis
Slate-throated Gnatcatcher;Polioptila schistaceigula
Iquitos Gnatcatcher;Polioptila clementsi
Rio Negro Gnatcatcher;Polioptila facilis
Guianan/Rio Negro Gnatcatcher;Polioptila guianensis/facilis
Inambari Gnatcatcher;Polioptila attenboroughi
Klages's Gnatcatcher;Polioptila paraensis
Inambari/Klages's Gnatcatcher;Polioptila attenboroughi/paraensis
Masked Gnatcatcher;Polioptila dumicola
Creamy-bellied Gnatcatcher;Polioptila lactea
Cuban Gnatcatcher;Polioptila lembeyei
Tropical Gnatcatcher;Polioptila plumbea
Tropical Gnatcatcher (plumbiceps/anteocularis);Polioptila plumbea plumbiceps/anteocularis
Tropical Gnatcatcher (innotata);Polioptila plumbea innotata
Tropical Gnatcatcher (plumbea);Polioptila plumbea plumbea
Tropical Gnatcatcher (parvirostris);Polioptila plumbea parvirostris
Tropical Gnatcatcher (atricapilla);Polioptila plumbea atricapilla
Marañon Gnatcatcher;Polioptila maior
Yucatan Gnatcatcher;Polioptila albiventris
White-browed Gnatcatcher;Polioptila bilineata
Blue-gray Gnatcatcher;Polioptila caerulea
Blue-gray Gnatcatcher (Western);Polioptila caerulea [obscura Group]
Blue-gray Gnatcatcher (Eastern);Polioptila caerulea caerulea
Blue-gray Gnatcatcher (Cozumel);Polioptila caerulea cozumelae
Black-tailed Gnatcatcher;Polioptila melanura
California Gnatcatcher;Polioptila californica
Black-capped Gnatcatcher;Polioptila nigriceps
Black-tailed x Black-capped Gnatcatcher (hybrid);Polioptila melanura x nigriceps
White-lored Gnatcatcher;Polioptila albiloris
White-lored Gnatcatcher (Van Rossem's);Polioptila albiloris vanrossemi
White-lored Gnatcatcher (Central American);Polioptila albiloris albiloris
gnatcatcher sp.;Polioptila sp.
Rock Wren;Salpinctes obsoletus
Rock Wren (Northern);Salpinctes obsoletus [obsoletus Group]
Rock Wren (Central American);Salpinctes obsoletus [guttatus Group]
Nightingale Wren;Microcerculus philomela
Scaly-breasted Wren;Microcerculus marginatus
Scaly-breasted Wren (Whistling);Microcerculus marginatus luscinia
Scaly-breasted Wren (Scaly);Microcerculus marginatus taeniatus/occidentalis
Scaly-breasted Wren (Southern);Microcerculus marginatus [marginatus Group]
Flutist Wren;Microcerculus ustulatus
Wing-banded Wren;Microcerculus bambla
Gray-mantled Wren;Odontorchilus branickii
Tooth-billed Wren;Odontorchilus cinereus
Canyon Wren;Catherpes mexicanus
Sumichrast's Wren;Hylorchilus sumichrasti
Nava's Wren;Hylorchilus navai
Zapata Wren;Ferminia cerverai
Northern House Wren;Troglodytes aedon
Northern House Wren (Northern);Troglodytes aedon [aedon Group]
Northern House Wren (Brown-throated);Troglodytes aedon [brunneicollis Group]
Cozumel Wren;Troglodytes beani
Kalinago Wren;Troglodytes martinicensis
Kalinago Wren (Guadeloupe);Troglodytes martinicensis guadeloupensis
Kalinago Wren (Dominica);Troglodytes martinicensis rufescens
Kalinago Wren (Martinique);Troglodytes martinicensis martinicensis
St. Lucia Wren;Troglodytes mesoleucus
St. Vincent Wren;Troglodytes musicus
Grenada Wren;Troglodytes grenadensis
Southern House Wren;Troglodytes musculus
Southern House Wren (Central American);Troglodytes musculus [intermedius Group]
Southern House Wren (North Andean);Troglodytes musculus [audax Group]
Southern House Wren (South Peruvian);Troglodytes musculus carabayae
Southern House Wren (cis-Andean);Troglodytes musculus [musculus Group]
Northern/Southern House Wren;Troglodytes aedon/musculus
Cobb's Wren;Troglodytes cobbi
Socorro Wren;Troglodytes sissonii
Clarion Wren;Troglodytes tanneri
Rufous-browed Wren;Troglodytes rufociliatus
Ochraceous Wren;Troglodytes ochraceus
Mountain Wren;Troglodytes solstitialis
Santa Marta Wren;Troglodytes monticola
Tepui Wren;Troglodytes rufulus
Eurasian Wren;Troglodytes troglodytes
Eurasian Wren (Iceland);Troglodytes troglodytes islandicus
Eurasian Wren (Faroe);Troglodytes troglodytes borealis
Eurasian Wren (Shetland);Troglodytes troglodytes zetlandicus
Eurasian Wren (Hebridean);Troglodytes troglodytes hebridensis
Eurasian Wren (Fair Isle);Troglodytes troglodytes fridariensis
Eurasian Wren (St. Kilda);Troglodytes troglodytes hirtensis
Eurasian Wren (British);Troglodytes troglodytes indigenus
Eurasian Wren (Eurasian);Troglodytes troglodytes [troglodytes Group]
Pacific Wren;Troglodytes pacificus
Pacific Wren (alascensis Group);Troglodytes pacificus [alascensis Group]
Pacific Wren (Pacific);Troglodytes pacificus pacificus
Winter Wren;Troglodytes hiemalis
Pacific/Winter Wren;Troglodytes pacificus/hiemalis
Timberline Wren;Thryorchilus browni
Sedge Wren;Cistothorus stellaris
Grass Wren;Cistothorus platensis
Grass Wren (Northern);Cistothorus platensis [elegans Group]
Grass Wren (Venezuelan);Cistothorus platensis alticola
Grass Wren (Paramo);Cistothorus platensis aequatorialis
Grass Wren (Junin);Cistothorus platensis graminicola
Grass Wren (Puna);Cistothorus platensis minimus
Grass Wren (Tucuman);Cistothorus platensis tucumanus
Grass Wren (Pampas);Cistothorus platensis platensis/polyglottus
Grass Wren (Austral);Cistothorus platensis hornensis/falklandicus
Merida Wren;Cistothorus meridae
Apolinar's Wren;Cistothorus apolinari
Marsh Wren;Cistothorus palustris
Marsh Wren (paludicola Group);Cistothorus palustris [paludicola Group]
Marsh Wren (plesius Group);Cistothorus palustris [plesius Group]
Marsh Wren (palustris Group);Cistothorus palustris [palustris Group]
Marsh Wren (griseus);Cistothorus palustris griseus
Marsh Wren (tolucensis);Cistothorus palustris tolucensis
Sedge/Marsh Wren;Cistothorus stellaris/palustris
Carolina Wren;Thryothorus ludovicianus
Carolina Wren (Northern);Thryothorus ludovicianus [ludovicianus Group]
Carolina Wren (Northeast Mexico/South Texas);Thryothorus ludovicianus [berlandieri Group]
Carolina Wren (White-browed);Thryothorus ludovicianus albinucha/subfulvus
Northern House x Carolina Wren (hybrid);Troglodytes aedon x Thryothorus ludovicianus
Bewick's Wren;Thryomanes bewickii
Bewick's Wren (bewickii);Thryomanes bewickii bewickii
Bewick's Wren (mexicanus Group);Thryomanes bewickii [mexicanus Group]
Bewick's Wren (spilurus Group);Thryomanes bewickii [spilurus Group]
White-headed Wren;Campylorhynchus albobrunneus
Band-backed Wren;Campylorhynchus zonatus
Band-backed Wren (Mesoamerican);Campylorhynchus zonatus [zonatus Group]
Band-backed Wren (Costa Rican);Campylorhynchus zonatus costaricensis/panamensis
Band-backed Wren (Colombian);Campylorhynchus zonatus brevirostris/curvirostris
White-headed x Band-backed Wren (hybrid);Campylorhynchus albobrunneus x zonatus
Gray-barred Wren;Campylorhynchus megalopterus
Giant Wren;Campylorhynchus chiapensis
Russet-naped Wren;Campylorhynchus humilis
Veracruz Wren;Campylorhynchus rufinucha
Rufous-backed Wren;Campylorhynchus capistratus
Rufous-backed Wren (Sula Valley);Campylorhynchus capistratus castaneus
Rufous-backed Wren (Rufous-backed);Campylorhynchus capistratus [capistratus Group]
Russet-naped/Rufous-backed Wren;Campylorhynchus humilis/capistratus
Spotted Wren;Campylorhynchus gularis
Boucard's Wren;Campylorhynchus jocosus
Yucatan Wren;Campylorhynchus yucatanicus
Cactus Wren;Campylorhynchus brunneicapillus
Cactus Wren (brunneicapillus Group);Campylorhynchus brunneicapillus [brunneicapillus Group]
Cactus Wren (affinis Group);Campylorhynchus brunneicapillus [affinis Group]
Stripe-backed Wren;Campylorhynchus nuchalis
Fasciated Wren;Campylorhynchus fasciatus
Bicolored Wren;Campylorhynchus griseus
Thrush-like Wren;Campylorhynchus turdinus
Thrush-like Wren (Spot-breasted);Campylorhynchus turdinus turdinus/hypostictus
Thrush-like Wren (Unspotted);Campylorhynchus turdinus unicolor
Sooty-headed Wren;Pheugopedius spadix
Black-bellied Wren;Pheugopedius fasciatoventris
Plain-tailed Wren;Pheugopedius euophrys
Plain-tailed Wren (Western);Pheugopedius euophrys euophrys
Plain-tailed Wren (Eastern);Pheugopedius euophrys longipes/atriceps
Gray-browed Wren;Pheugopedius schulenbergi
Mantaro Wren (undescribed form);Pheugopedius [undescribed form]
Inca Wren;Pheugopedius eisenmanni
Whiskered Wren;Pheugopedius mystacalis
Moustached Wren;Pheugopedius genibarbis
Coraya Wren;Pheugopedius coraya
Moustached x Coraya Wren (hybrid);Pheugopedius genibarbis x coraya
Moustached/Coraya Wren;Pheugopedius genibarbis/coraya
Rufous-breasted Wren;Pheugopedius rutilus
Spot-breasted Wren;Pheugopedius maculipectus
Speckle-breasted Wren;Pheugopedius sclateri
Speckle-breasted Wren (Colombian);Pheugopedius sclateri columbianus
Speckle-breasted Wren (Speckle-breasted);Pheugopedius sclateri paucimaculatus
Speckle-breasted Wren (Marañon);Pheugopedius sclateri sclateri
Happy Wren;Pheugopedius felix
Happy Wren (Mainland);Pheugopedius felix [felix Group]
Happy Wren (Tres Marias Is.);Pheugopedius felix lawrencii
Black-throated Wren;Pheugopedius atrogularis
Pheugopedius sp.;Pheugopedius sp.
Sinaloa Wren;Thryophilus sinaloa
Banded Wren;Thryophilus pleurostictus
Rufous-and-white Wren;Thryophilus rufalbus
Antioquia Wren;Thryophilus sernai
Niceforo's Wren;Thryophilus nicefori
Stripe-breasted Wren;Cantorchilus thoracicus
Stripe-throated Wren;Cantorchilus leucopogon
Cabanis's Wren;Cantorchilus modestus
Canebrake Wren;Cantorchilus zeledoni
Cabanis's/Canebrake Wren;Cantorchilus modestus/zeledoni
Isthmian Wren;Cantorchilus elutus
Cabanis's/Isthmian Wren;Cantorchilus modestus/elutus
Riverside Wren;Cantorchilus semibadius
Bay Wren;Cantorchilus nigricapillus
Bay Wren (Central American);Cantorchilus nigricapillus [castaneus Group]
Bay Wren (South American);Cantorchilus nigricapillus nigricapillus/connectens
Superciliated Wren;Cantorchilus superciliaris
Buff-breasted Wren;Cantorchilus leucotis
Long-billed Wren;Cantorchilus longirostris
Fawn-breasted Wren;Cantorchilus guarayanus
Gray Wren;Cantorchilus griseus
Cantorchilus sp.;Cantorchilus sp.
Rufous Wren;Cinnycerthia unirufa
Sharpe's Wren;Cinnycerthia olivascens
Peruvian Wren;Cinnycerthia peruana
Fulvous Wren;Cinnycerthia fulva
Cinnycerthia sp.;Cinnycerthia sp.
White-bellied Wren;Uropsila leucogastra
White-bellied Wren (Middle American);Uropsila leucogastra [leucogastra Group]
White-bellied Wren (West Mexico);Uropsila leucogastra pacifica
White-breasted Wood-Wren;Henicorhina leucosticta
White-breasted Wood-Wren (Sclater's);Henicorhina leucosticta [prostheleuca Group]
White-breasted Wood-Wren (Cherrie's);Henicorhina leucosticta pittieri/costaricensis
White-breasted Wood-Wren (Choco);Henicorhina leucosticta inornata/eucharis
White-breasted Wood-Wren (Black-capped);Henicorhina leucosticta [leucosticta Group]
Bar-winged Wood-Wren;Henicorhina leucoptera
Gray-breasted Wood-Wren;Henicorhina leucophrys
Gray-breasted Wood-Wren (Central American);Henicorhina leucophrys [mexicana Group]
Gray-breasted Wood-Wren (Choco);Henicorhina leucophrys brunneiceps
Gray-breasted Wood-Wren (bangsi);Henicorhina leucophrys bangsi
Gray-breasted Wood-Wren (Perija);Henicorhina leucophrys manastarae
Gray-breasted Wood-Wren (meridana);Henicorhina leucophrys meridana
Gray-breasted Wood-Wren (venezuelensis);Henicorhina leucophrys venezuelensis
Gray-breasted Wood-Wren (hilaris);Henicorhina leucophrys hilaris
Gray-breasted Wood-Wren (Andean);Henicorhina leucophrys leucophrys/boliviana
Hermit Wood-Wren;Henicorhina anachoreta
Munchique Wood-Wren;Henicorhina negreti
wood-wren sp.;Henicorhina sp.
Northern Chestnut-breasted Wren;Cyphorhinus dichrous
Southern Chestnut-breasted Wren;Cyphorhinus thoracicus
Song Wren;Cyphorhinus phaeocephalus
Musician Wren;Cyphorhinus arada
Musician Wren (Imeri);Cyphorhinus arada transfluvialis
Musician Wren (Gray-eared);Cyphorhinus arada salvini
Musician Wren (Musician);Cyphorhinus arada arada
Musician Wren (Gray-flanked);Cyphorhinus arada griseolateralis
Musician Wren (Rondonia);Cyphorhinus arada interpositus
Musician Wren (Ferruginous);Cyphorhinus arada modulator
wren sp.;Troglodytidae sp.
Spotted Elachura;Elachura formosa
White-throated Dipper;Cinclus cinclus
Brown Dipper;Cinclus pallasii
American Dipper;Cinclus mexicanus
American Dipper (Northern);Cinclus mexicanus [mexicanus Group]
American Dipper (Costa Rican);Cinclus mexicanus ardesiacus
White-capped Dipper;Cinclus leucocephalus
White-capped Dipper (Santa Marta);Cinclus leucocephalus rivularis
White-capped Dipper (White-bellied);Cinclus leucocephalus leuconotus
White-capped Dipper (White-capped);Cinclus leucocephalus leucocephalus
Rufous-throated Dipper;Cinclus schulzii
Red-billed Oxpecker;Buphagus erythroryncha
Yellow-billed Oxpecker;Buphagus africanus
Red-billed x Yellow-billed Oxpecker (hybrid);Buphagus erythroryncha x africanus
Red-billed/Yellow-billed Oxpecker;Buphagus erythroryncha/africanus
Stripe-sided Rhabdornis;Rhabdornis mystacalis
Long-billed Rhabdornis;Rhabdornis grandis
Stripe-breasted Rhabdornis;Rhabdornis inornatus
Visayan Rhabdornis;Rhabdornis rabori
Fiery-browed Myna;Enodes erythrophris
Finch-billed Myna;Scissirostrum dubium
Metallic Starling;Aplonis metallica
Metallic Starling (Violet-hooded);Aplonis metallica circumscripta
Metallic Starling (Metallic);Aplonis metallica [metallica Group]
Yellow-eyed Starling;Aplonis mystacea
Tanimbar Starling;Aplonis crassa
Atoll Starling;Aplonis feadensis
Rennell Starling;Aplonis insularis
Long-tailed Starling;Aplonis magna
White-eyed Starling;Aplonis brunneicapillus
Brown-winged Starling;Aplonis grandis
Makira Starling;Aplonis dichroa
Rusty-winged Starling;Aplonis zelandica
Striated Starling;Aplonis striata
Pohnpei Starling;Aplonis pelzelni
Singing Starling;Aplonis cantoroides
Mountain Starling;Aplonis santovestris
Asian Glossy Starling;Aplonis panayensis
Moluccan Starling;Aplonis mysolensis
Short-tailed Starling;Aplonis minor
Micronesian Starling;Aplonis opaca
Polynesian Starling;Aplonis tabuensis
Polynesian Starling (Polynesian);Aplonis tabuensis [tabuensis Group]
Polynesian Starling (Manua);Aplonis tabuensis manuae
Samoan Starling;Aplonis atrifusca
Kosrae Starling;Aplonis corvina
Rarotonga Starling;Aplonis cinerascens
Mysterious Starling;Aplonis mavornata
Tasman Starling;Aplonis fusca
Raiatea Starling;Aplonis ulietensis
Aplonis sp.;Aplonis sp.
Sulawesi Myna;Basilornis celebensis
Helmeted Myna;Basilornis galeatus
Long-crested Myna;Basilornis corythaix
Apo Myna;Goodfellowia miranda
Coleto;Sarcops calvus
White-necked Myna;Streptocitta albicollis
White-necked Myna (Northern);Streptocitta albicollis torquata
White-necked Myna (Southern);Streptocitta albicollis albicollis
Bare-eyed Myna;Streptocitta albertinae
Yellow-faced Myna;Mino dumontii
Golden Myna;Mino anais
Long-tailed Myna;Mino kreffti
Golden-crested Myna;Ampeliceps coronatus
Sri Lanka Myna;Gracula ptilogenys
Common Hill Myna;Gracula religiosa
Common Hill Myna (Common);Gracula religiosa [religiosa Group]
Common Hill Myna (Simeulue);Gracula religiosa miotera
Common Hill Myna (Nias);Gracula religiosa robusta
Common Hill Myna (Enggano);Gracula religiosa enganensis
Tenggara Hill Myna;Gracula venerata
Southern Hill Myna;Gracula indica
European Starling;Sturnus vulgaris
Spotless Starling;Sturnus unicolor
European/Spotless Starling;Sturnus vulgaris/unicolor
Wattled Starling;Creatophora cinerea
Rosy Starling;Pastor roseus
Daurian Starling;Agropsar sturninus
Chestnut-cheeked Starling;Agropsar philippensis
Daurian/Chestnut-cheeked Starling;Agropsar sturninus/philippensis
Black-collared Starling;Gracupica nigricollis
Indian Pied Starling;Gracupica contra
Siamese Pied Starling;Gracupica floweri
Javan Pied Starling;Gracupica jalla
pied starling sp.;Gracupica contra/floweri/jalla
White-faced Starling;Sturnornis albofrontatus
Bali Myna;Leucopsar rothschildi
Rodrigues Starling;Necropsar rodericanus
Reunion Starling;Fregilupus varius
White-shouldered Starling;Sturnia sinensis
Brahminy Starling;Sturnia pagodarum
Chestnut-tailed Starling;Sturnia malabarica
Chestnut-tailed Starling (Western);Sturnia malabarica malabarica
Chestnut-tailed Starling (Eastern);Sturnia malabarica nemoricola
Indian Pied x Chestnut-tailed Starling (hybrid);Gracupica contra x Sturnia malabarica
Malabar Starling;Sturnia blythii
Chestnut-tailed/Malabar Starling;Sturnia malabarica/blythii
White-headed Starling;Sturnia erythropygia
Red-billed Starling;Spodiopsar sericeus
White-cheeked Starling;Spodiopsar cineraceus
Common Myna;Acridotheres tristis
Bank Myna;Acridotheres ginginianus
Burmese Myna;Acridotheres burmannicus
Vinous-breasted Myna;Acridotheres leucocephalus
Burmese/Vinous-breasted Myna;Acridotheres burmannicus/leucocephalus
Black-winged Myna;Acridotheres melanopterus
Black-winged Myna (Black-winged);Acridotheres melanopterus melanopterus
Black-winged Myna (Gray-backed);Acridotheres melanopterus tricolor
Black-winged Myna (Gray-rumped);Acridotheres melanopterus tertius
Jungle Myna;Acridotheres fuscus
Jungle Myna (Blue-eyed);Acridotheres fuscus mahrattensis
Jungle Myna (Yellow-eyed);Acridotheres fuscus [fuscus Group]
Burmese x Jungle Myna (hybrid);Acridotheres burmannicus x fuscus
Common/Jungle Myna;Acridotheres tristis/fuscus
Javan Myna;Acridotheres javanicus
Jungle x Javan Myna (hybrid);Acridotheres fuscus x javanicus
Pale-bellied Myna;Acridotheres cinereus
Collared Myna;Acridotheres albocinctus
Great Myna;Acridotheres grandis
Black-collared Starling x Great Myna (hybrid);Gracupica nigricollis x Acridotheres grandis
Siamese Pied Starling x Great Myna (hybrid);Gracupica floweri x Acridotheres grandis
Common x Great Myna (hybrid);Acridotheres tristis x grandis
Vinous-breasted x Great Myna (hybrid);Acridotheres leucocephalus x grandis
Jungle x Great Myna (hybrid);Acridotheres fuscus x grandis
Javan x Great Myna (hybrid);Acridotheres javanicus x grandis
Crested Myna;Acridotheres cristatellus
White-cheeked Starling x Crested Myna (hybrid);Spodiopsar cineraceus x Acridotheres cristatellus
Common x Crested Myna (hybrid);Acridotheres tristis x cristatellus
Collared x Crested Myna (hybrid);Acridotheres albocinctus x cristatellus
Jungle/Crested Myna;Acridotheres fuscus/cristatellus
black myna sp.;Acridotheres sp. (black myna sp.)
Acridotheres sp.;Acridotheres sp.
Madagascar Starling;Hartlaubius auratus
Violet-backed Starling;Cinnyricinclus leucogaster
Slender-billed Starling;Onychognathus tenuirostris
Pale-winged Starling;Onychognathus nabouroup
Neumann's Starling;Onychognathus neumanni
Red-winged Starling;Onychognathus morio
Chestnut-winged Starling;Onychognathus fulgidus
Chestnut-winged Starling (Chestnut-winged);Onychognathus fulgidus fulgidus
Chestnut-winged Starling (Hartlaub's);Onychognathus fulgidus hartlaubii/intermedius
Waller's Starling;Onychognathus walleri
Waller's Starling (Preuss's);Onychognathus walleri preussi
Waller's Starling (Albertine);Onychognathus walleri elgonensis
Waller's Starling (Waller's);Onychognathus walleri walleri
Tristram's Starling;Onychognathus tristramii
White-billed Starling;Onychognathus albirostris
Bristle-crowned Starling;Onychognathus salvadorii
Somali Starling;Onychognathus blythii
Socotra Starling;Onychognathus frater
Spot-winged Starling;Saroglossa spilopterus
Babbling Starling;Neocichla gutturalis
Babbling Starling (Western);Neocichla gutturalis gutturalis
Babbling Starling (Eastern);Neocichla gutturalis angusta
White-collared Starling;Grafisia torquata
Magpie Starling;Speculipastor bicolor
Sharpe's Starling;Pholia sharpii
Abbott's Starling;Arizelopsar femoralis
Narrow-tailed Starling;Poeoptera lugubris
Stuhlmann's Starling;Poeoptera stuhlmanni
Kenrick's Starling;Poeoptera kenricki
Black-bellied Starling;Notopholia corusca
Purple-headed Starling;Hylopsar purpureiceps
Copper-tailed Starling;Hylopsar cupreocauda
Hildebrandt's Starling;Lamprotornis hildebrandti
Shelley's Starling;Lamprotornis shelleyi
Burchell's Starling;Lamprotornis australis
Rüppell's Starling;Lamprotornis purpuroptera
Long-tailed Glossy Starling;Lamprotornis caudatus
Meves's Starling;Lamprotornis mevesii
Meves's Starling (Meves's);Lamprotornis mevesii mevesii
Meves's Starling (Cunene);Lamprotornis mevesii violacior
Meves's Starling (Benguela);Lamprotornis mevesii benguelensis
Ashy Starling;Lamprotornis unicolor
Splendid Starling;Lamprotornis splendidus
Principe Starling;Lamprotornis ornatus
Golden-breasted Starling;Lamprotornis regius
Superb Starling;Lamprotornis superbus
Chestnut-bellied Starling;Lamprotornis pulcher
African Pied Starling;Lamprotornis bicolor
White-crowned Starling;Lamprotornis albicapillus
Fischer's Starling;Lamprotornis fischeri
Lesser Blue-eared Starling;Lamprotornis chloropterus
Lesser Blue-eared Starling (Lesser);Lamprotornis chloropterus chloropterus
Lesser Blue-eared Starling (Miombo);Lamprotornis chloropterus elisabeth
Sharp-tailed Starling;Lamprotornis acuticaudus
Greater Blue-eared Starling;Lamprotornis chalybaeus
Lesser/Greater Blue-eared Starling;Lamprotornis chloropterus/chalybaeus
Emerald Starling;Lamprotornis iris
Purple Starling;Lamprotornis purpureus
Cape Starling;Lamprotornis nitens
Bronze-tailed Starling;Lamprotornis chalcurus
Lamprotornis sp.;Lamprotornis sp.
myna/starling sp.;Sturnidae sp.
Blue Mockingbird;Melanotis caerulescens
Blue-and-white Mockingbird;Melanotis hypoleucus
Black Catbird;Melanoptila glabrirostris
Gray Catbird;Dumetella carolinensis
Martinique Thrasher;Ramphocinclus brachyurus
St. Lucia Thrasher;Ramphocinclus sanctaeluciae
Scaly-breasted Thrasher;Allenia fusca
Pearly-eyed Thrasher;Margarops fuscatus
Scaly-breasted/Pearly-eyed Thrasher;Allenia fusca/Margarops fuscatus
Brown Trembler;Cinclocerthia ruficauda
Gray Trembler;Cinclocerthia gutturalis
Brown/Gray Trembler;Cinclocerthia ruficauda/gutturalis
Curve-billed Thrasher;Toxostoma curvirostre
Curve-billed Thrasher (curvirostre Group);Toxostoma curvirostre [curvirostre Group]
Curve-billed Thrasher (palmeri Group);Toxostoma curvirostre [palmeri Group]
Ocellated Thrasher;Toxostoma ocellatum
Brown Thrasher;Toxostoma rufum
Long-billed Thrasher;Toxostoma longirostre
Curve-billed x Long-billed Thrasher (hybrid);Toxostoma curvirostre x longirostre
Brown/Long-billed Thrasher;Toxostoma rufum/longirostre
Cozumel Thrasher;Toxostoma guttatum
Bendire's Thrasher;Toxostoma bendirei
Curve-billed/Bendire's Thrasher;Toxostoma curvirostre/bendirei
Gray Thrasher;Toxostoma cinereum
California Thrasher;Toxostoma redivivum
LeConte's Thrasher;Toxostoma lecontei
LeConte's Thrasher (LeConte's);Toxostoma lecontei lecontei/macmillanorum
LeConte's Thrasher (Vizcaino);Toxostoma lecontei arenicola
Crissal Thrasher;Toxostoma crissale
California x Crissal Thrasher (hybrid);Toxostoma redivivum x crissale
Toxostoma sp.;Toxostoma sp.
Sage Thrasher;Oreoscoptes montanus
Chilean Mockingbird;Mimus thenca
Patagonian Mockingbird;Mimus patagonicus
Chalk-browed Mockingbird;Mimus saturninus
Chilean x Chalk-browed Mockingbird (hybrid);Mimus thenca x saturninus
Chilean/Chalk-browed Mockingbird;Mimus thenca/saturninus
Patagonian/Chalk-browed Mockingbird;Mimus patagonicus/saturninus
White-banded Mockingbird;Mimus triurus
Brown-backed Mockingbird;Mimus dorsalis
Bahama Mockingbird;Mimus gundlachii
Galapagos Mockingbird;Mimus parvulus
Floreana Mockingbird;Mimus trifasciatus
Española Mockingbird;Mimus macdonaldi
San Cristobal Mockingbird;Mimus melanotis
Long-tailed Mockingbird;Mimus longicaudatus
Socorro Mockingbird;Mimus graysoni
Tropical Mockingbird;Mimus gilvus
Tropical Mockingbird (Mayan);Mimus gilvus gracilis/leucophaeus
Tropical Mockingbird (Southern);Mimus gilvus [gilvus Group]
Tropical Mockingbird (San Andres);Mimus gilvus magnirostris
Northern Mockingbird;Mimus polyglottos
Bahama x Northern Mockingbird (hybrid);Mimus gundlachii x polyglottos
Tropical x Northern Mockingbird (hybrid);Mimus gilvus x polyglottos
Tropical/Northern Mockingbird;Mimus gilvus/polyglottos
Mimus sp.;Mimus sp.
mimid sp.;Mimidae sp.
Boulder Chat;Pinarornis plumosus
Grandala;Grandala coelicolor
Eastern Bluebird;Sialia sialis
Eastern Bluebird (Eastern);Sialia sialis sialis/bermudensis
Eastern Bluebird (Mexican);Sialia sialis [guatemalae Group]
Western Bluebird;Sialia mexicana
Eastern x Western Bluebird (hybrid);Sialia sialis x mexicana
Mountain Bluebird;Sialia currucoides
Eastern x Mountain Bluebird (hybrid);Sialia sialis x currucoides
Western x Mountain Bluebird (hybrid);Sialia mexicana x currucoides
bluebird sp.;Sialia sp.
Rufous Flycatcher-Thrush;Stizorhina fraseri
Finsch's Flycatcher-Thrush;Stizorhina finschi
Red-tailed Ant-Thrush;Neocossyphus rufus
Red-tailed Ant-Thrush (Red-tailed);Neocossyphus rufus gabunensis
Red-tailed Ant-Thrush (Coastal);Neocossyphus rufus rufus
White-tailed Ant-Thrush;Neocossyphus poensis
Red-tailed/White-tailed Ant-Thrush;Neocossyphus rufus/poensis
Townsend's Solitaire;Myadestes townsendi
Brown-backed Solitaire;Myadestes occidentalis
Cuban Solitaire;Myadestes elisabeth
Rufous-throated Solitaire;Myadestes genibarbis
Rufous-throated Solitaire (Rufous-throated);Myadestes genibarbis [genibarbis Group]
Rufous-throated Solitaire (St. Vincent);Myadestes genibarbis sibilans
Black-faced Solitaire;Myadestes melanops
Varied Solitaire;Myadestes coloratus
Slate-colored Solitaire;Myadestes unicolor
Andean Solitaire;Myadestes ralloides
Andean Solitaire (plumbeiceps);Myadestes ralloides plumbeiceps
Andean Solitaire (venezuelensis/candelae);Myadestes ralloides venezuelensis/candelae
Andean Solitaire (ralloides);Myadestes ralloides ralloides
Kamao;Myadestes myadestinus
Amaui;Myadestes woahensis
Olomao;Myadestes lanaiensis
Omao;Myadestes obscurus
Puaiohi;Myadestes palmeri
Long-tailed Thrush;Zoothera dixoni
Alpine Thrush;Zoothera mollissima
Himalayan Thrush;Zoothera salimalii
Alpine/Himalayan Thrush;Zoothera mollissima/salimalii
Sichuan Thrush;Zoothera griseiceps
Alpine/Sichuan Thrush;Zoothera mollissima/griseiceps
Alpine/Himalayan/Sichuan Thrush;Zoothera mollissima/salimalii/griseiceps
Geomalia;Zoothera heinrichi
Dark-sided Thrush;Zoothera marginata
Long-billed Thrush;Zoothera monticola
Everett's Thrush;Zoothera everetti
Sunda Thrush;Zoothera andromedae
White's Thrush;Zoothera aurea
Scaly Thrush;Zoothera dauma
Scaly Thrush (Scaly);Zoothera dauma dauma
Scaly Thrush (Horsfield's);Zoothera dauma horsfieldi
Scaly Thrush (Iriomotejima);Zoothera dauma iriomotensis
White's/Scaly Thrush;Zoothera aurea/dauma
Amami Thrush;Zoothera major
Nilgiri Thrush;Zoothera neilgherriensis
Sri Lanka Thrush;Zoothera imbricata
Bonin Thrush;Zoothera terrestris
Makira Thrush;Zoothera margaretae
Guadalcanal Thrush;Zoothera turipavae
Bassian Thrush;Zoothera lunulata
Bassian Thrush (Northern);Zoothera lunulata cuneata
Bassian Thrush (Southern);Zoothera lunulata lunulata/halmaturina
New Britain Thrush;Zoothera talaseae
Bougainville Thrush;Zoothera atrigena
Russet-tailed Thrush;Zoothera heinei
Russet-tailed Thrush (Russet-tailed);Zoothera heinei [heinei Group]
Russet-tailed Thrush (Mussau);Zoothera heinei eichhorni
Bassian/Russet-tailed Thrush;Zoothera lunulata/heinei
Fawn-breasted Thrush;Zoothera machiki
Zoothera sp.;Zoothera sp.
Fruit-hunter;Chlamydochaera jefferyi
Purple Cochoa;Cochoa purpurea
Green Cochoa;Cochoa viridis
Purple/Green Cochoa;Cochoa purpurea/viridis
Sumatran Cochoa;Cochoa beccarii
Javan Cochoa;Cochoa azurea
Varied Thrush;Ixoreus naevius
Black-billed Nightingale-Thrush;Catharus gracilirostris
Orange-billed Nightingale-Thrush;Catharus aurantiirostris
Orange-billed Nightingale-Thrush (Brown-headed);Catharus aurantiirostris [melpomene Group]
Orange-billed Nightingale-Thrush (Gray-headed);Catharus aurantiirostris [griseiceps Group]
Orange-billed Nightingale-Thrush (Orange-billed);Catharus aurantiirostris [aurantiirostris Group]
Slaty-backed Nightingale-Thrush;Catharus fuscater
Slaty-backed Nightingale-Thrush (Talamanca);Catharus fuscater hellmayri
Slaty-backed Nightingale-Thrush (Pirre);Catharus fuscater mirabilis
Slaty-backed Nightingale-Thrush (Darien);Catharus fuscater arcanus
Slaty-backed Nightingale-Thrush (Cordilleran);Catharus fuscater fuscater/sanctaemartae
Slaty-backed Nightingale-Thrush (Antioquia);Catharus fuscater opertaneus/tenebris
Slaty-backed Nightingale-Thrush (Trans-Andean);Catharus fuscater [berlepschi Group]
Slaty-backed Nightingale-Thrush (Bolivian);Catharus fuscater mentalis
Russet Nightingale-Thrush;Catharus occidentalis
Ruddy-capped Nightingale-Thrush;Catharus frantzii
Russet/Ruddy-capped Nightingale-Thrush;Catharus occidentalis/frantzii
Black-headed Nightingale-Thrush;Catharus mexicanus
Yellow-throated Nightingale-Thrush;Catharus dryas
Speckled Nightingale-Thrush;Catharus maculatus
Veery;Catharus fuscescens
Gray-cheeked Thrush;Catharus minimus
Bicknell's Thrush;Catharus bicknelli
Veery x Bicknell's Thrush (hybrid);Catharus fuscescens x bicknelli
Gray-cheeked/Bicknell's Thrush;Catharus minimus/bicknelli
Swainson's Thrush;Catharus ustulatus
Swainson's Thrush (Russet-backed);Catharus ustulatus [ustulatus Group]
Swainson's Thrush (Olive-backed);Catharus ustulatus [swainsoni Group]
Hermit Thrush;Catharus guttatus
Hermit Thrush (guttatus Group);Catharus guttatus [guttatus Group]
Hermit Thrush (auduboni Group);Catharus guttatus [auduboni Group]
Hermit Thrush (faxoni/crymophilus);Catharus guttatus faxoni/crymophilus
Catharus sp.;Catharus sp.
Wood Thrush;Hylocichla mustelina
Black Solitaire;Entomodestes coracinus
White-eared Solitaire;Entomodestes leucotis
Rufous-brown Solitaire;Cichlopsis leucogenys
Rufous-brown Solitaire (Chestnut-throated);Cichlopsis leucogenys chubbi
Rufous-brown Solitaire (Peruvian);Cichlopsis leucogenys peruviana
Rufous-brown Solitaire (Guianan);Cichlopsis leucogenys gularis
Rufous-brown Solitaire (Rufous-brown);Cichlopsis leucogenys leucogenys
Aztec Thrush;Ridgwayia pinicola
Siberian Thrush;Geokichla sibirica
Siberian Thrush (Continental);Geokichla sibirica sibirica
Siberian Thrush (Sakhalin);Geokichla sibirica davisoni
Pied Thrush;Geokichla wardii
Spotted Ground-Thrush;Geokichla guttata
Spotted Ground-Thrush (Lotti);Geokichla guttata maxis
Spotted Ground-Thrush (Upemba);Geokichla guttata lippensi
Spotted Ground-Thrush (Spotted);Geokichla guttata [guttata Group]
Black-eared Ground-Thrush;Geokichla camaronensis
Black-eared Ground-Thrush (Cameroon);Geokichla camaronensis camaronensis
Black-eared Ground-Thrush (Grauer's);Geokichla camaronensis graueri
Gray Ground-Thrush;Geokichla princei
Gray Ground-Thrush (Prince's);Geokichla princei princei
Gray Ground-Thrush (Bates's);Geokichla princei batesi
Crossley's Ground-Thrush;Geokichla crossleyi
Crossley's Ground-Thrush (Crossley's);Geokichla crossleyi crossleyi
Crossley's Ground-Thrush (Itombwe);Geokichla crossleyi pilettei
Oberländer's Ground-Thrush;Geokichla oberlaenderi
Abyssinian Ground-Thrush;Geokichla piaggiae
Abyssinian Ground-Thrush (Abyssinian);Geokichla piaggiae [piaggiae Group]
Abyssinian Ground-Thrush (Kivu);Geokichla piaggiae tanganjicae
Orange Ground-Thrush;Geokichla gurneyi
Spot-winged Thrush;Geokichla spiloptera
Ashy Thrush;Geokichla cinerea
Buru Thrush;Geokichla dumasi
Seram Thrush;Geokichla joiceyi
Chestnut-capped Thrush;Geokichla interpres
Enggano Thrush;Geokichla leucolaema
Chestnut-backed Thrush;Geokichla dohertyi
Orange-banded Thrush;Geokichla peronii
Slaty-backed Thrush;Geokichla schistacea
Rusty-backed Thrush;Geokichla erythronota
Red-and-black Thrush;Geokichla mendeni
Orange-headed Thrush;Geokichla citrina
Orange-headed Thrush (Orange-headed);Geokichla citrina [citrina Group]
Orange-headed Thrush (White-throated);Geokichla citrina cyanota
Orange-headed Thrush (Plain-winged);Geokichla citrina albogularis/andamanensis
Orange-headed Thrush (Buff-throated);Geokichla citrina [aurimacula Group]
Geokichla sp.;Geokichla sp.
Chinese Thrush;Turdus mupinensis
Ethiopian Thrush;Turdus simensis
Groundscraper Thrush;Turdus litsitsirupa
Mistle Thrush;Turdus viscivorus
Song Thrush;Turdus philomelos
African Bare-eyed Thrush;Turdus tephronotus
Somali Thrush;Turdus ludoviciae
Yemen Thrush;Turdus menachensis
Chinese Blackbird;Turdus mandarinus
Comoro Thrush;Turdus bewsheri
Kurrichane Thrush;Turdus libonyana
Olive Thrush;Turdus olivaceus
Abyssinian Thrush;Turdus abyssinicus
Abyssinian Thrush (Ngorongoro);Turdus abyssinicus oldeani
Abyssinian Thrush (Abyssinian);Turdus abyssinicus [abyssinicus Group]
Taita Thrush;Turdus helleri
Usambara Thrush;Turdus roehli
Principe Thrush;Turdus xanthorhynchus
Sao Tome Thrush;Turdus olivaceofuscus
Taiwan Thrush;Turdus niveiceps
Gray-winged Blackbird;Turdus boulboul
Indian Blackbird;Turdus simillimus
Indian Blackbird (Indian);Turdus simillimus simillimus/bourdilloni
Indian Blackbird (Black-capped);Turdus simillimus nigropileus
Indian Blackbird (Sri Lanka);Turdus simillimus kinnisii
African Thrush;Turdus pelios
African Thrush (African);Turdus pelios [pelios Group]
African Thrush (Black-lored);Turdus pelios nigrilorum/poensis
African Thrush (Orange-bellied);Turdus pelios stormsi/graueri
Karoo Thrush;Turdus smithi
Olive x Karoo Thrush (hybrid);Turdus olivaceus x smithi
Olive/Karoo Thrush;Turdus olivaceus/smithi
Redwing;Turdus iliacus
Redwing (Icelandic);Turdus iliacus coburni
Redwing (Eurasian);Turdus iliacus iliacus
Eurasian Blackbird;Turdus merula
Tickell's Thrush;Turdus unicolor
Black-breasted Thrush;Turdus dissimilis
Gray-backed Thrush;Turdus hortulorum
Japanese Thrush;Turdus cardis
Black-breasted x Japanese Thrush (hybrid);Turdus dissimilis x cardis
Mindoro Island-Thrush;Turdus mindorensis
Luzon Island-Thrush;Turdus thomassoni
Luzon Island-Thrush (undescribed Sibuyan form);Turdus thomassoni [undescribed Sibuyan form]
Mindanao Island-Thrush;Turdus nigrorum
Mindanao Island-Thrush (Negros);Turdus nigrorum nigrorum
Mindanao Island-Thrush (Malindang);Turdus nigrorum malindangensis
Mindanao Island-Thrush (Katanglad);Turdus nigrorum katanglad
Mindanao Island-Thrush (Apo);Turdus nigrorum kelleri
Mindanao Island-Thrush (undescribed Mt. Busa form);Turdus nigrorum [undescribed Mt. Busa form]
Panay Island-Thrush (undescribed Panay form);Turdus [undescribed Panay form]
Christmas Island-Thrush;Turdus erythropleurus
Wallacean Island-Thrush;Turdus schlegelii
Wallacean Island-Thrush (Latimojong);Turdus schlegelii hygroscopus
Wallacean Island-Thrush (Lompobattang);Turdus schlegelii celebensis
Wallacean Island-Thrush (Schlegel's);Turdus schlegelii schlegelii
Wallacean Island-Thrush (Sterling's);Turdus schlegelii sterlingi
Sundaic Island-Thrush;Turdus javanicus
Sundaic Island-Thrush (Loeser's);Turdus javanicus loeseri
Sundaic Island-Thrush (Sumatran);Turdus javanicus indrapurae
Sundaic Island-Thrush (Sooty);Turdus javanicus fumidus/biesenbachi
Sundaic Island-Thrush (Central Javan);Turdus javanicus javanicus
Sundaic Island-Thrush (Stresemann's);Turdus javanicus whiteheadi/stresemanni
Sundaic Island-Thrush (Bornean);Turdus javanicus seebohmi
Moluccan Island-Thrush;Turdus deningeri
Moluccan Island-Thrush (Taliabu);Turdus deningeri sukahujan
Moluccan Island-Thrush (Seram);Turdus deningeri deningeri
Papuan Island-Thrush;Turdus papuensis
Papuan Island-Thrush (Jayawijaya);Turdus papuensis versteegi
Papuan Island-Thrush (Ashy);Turdus papuensis erebus
Papuan Island-Thrush (Papuan);Turdus papuensis papuensis
Papuan Island-Thrush (Huon);Turdus papuensis keysseri
Papuan Island-Thrush (Goodenough);Turdus papuensis canescens
Bismarck Island-Thrush;Turdus heinrothi
Bougainville Island-Thrush;Turdus bougainvillei
Solomons Island-Thrush;Turdus kulambangrae
Solomons Island-Thrush (Kolombangara);Turdus kulambangrae kulambangrae
Solomons Island-Thrush (Guadalcanal);Turdus kulambangrae sladeni
Vanikoro Island-Thrush;Turdus vanikorensis
Vanikoro Island-Thrush (Rennell);Turdus vanikorensis rennellianus
Vanikoro Island-Thrush (Mare);Turdus vanikorensis mareensis
Vanikoro Island-Thrush (Vanuatu);Turdus vanikorensis [vanikorensis Group]
Vanikoro Island-Thrush (Ureparapara);Turdus vanikorensis placens
Vanikoro Island-Thrush (Efate);Turdus vanikorensis efatensis
White-headed Island-Thrush;Turdus pritzbueri
New Caledonian Island-Thrush;Turdus xanthopus
Tasman Sea Island-Thrush;Turdus poliocephalus
Tasman Sea Island-Thrush (Lord Howe I.);Turdus poliocephalus vinitinctus
Tasman Sea Island-Thrush (Norfolk I.);Turdus poliocephalus poliocephalus
Samoan Island-Thrush;Turdus samoensis
Fiji Island-Thrush;Turdus ruficeps
Fiji Island-Thrush (Viti Levu);Turdus ruficeps layardi
Fiji Island-Thrush (Kadavu);Turdus ruficeps ruficeps
Fiji Island-Thrush (Vanua Levu);Turdus ruficeps vitiensis
Fiji Island-Thrush (Gau);Turdus ruficeps hades
Fiji Island-Thrush (Taveuni);Turdus ruficeps tempesti
Tibetan Blackbird;Turdus maximus
White-backed Thrush;Turdus kessleri
Pale Thrush;Turdus pallidus
Eyebrowed Thrush;Turdus obscurus
Gray-sided Thrush;Turdus feae
Eyebrowed/Gray-sided Thrush;Turdus obscurus/feae
Izu Thrush;Turdus celaenops
Brown-headed Thrush;Turdus chrysolaus
Fieldfare;Turdus pilaris
White-collared Blackbird;Turdus albocinctus
Chestnut Thrush;Turdus rubrocanus
Chestnut Thrush (Silver-headed);Turdus rubrocanus rubrocanus
Chestnut Thrush (Gray-headed);Turdus rubrocanus gouldii
Ring Ouzel;Turdus torquatus
Ring Ouzel (Northern);Turdus torquatus torquatus
Ring Ouzel (Alpine);Turdus torquatus alpestris
Ring Ouzel (Caucasian);Turdus torquatus amicorum
Black-throated Thrush;Turdus atrogularis
Red-throated Thrush;Turdus ruficollis
Black-throated x Red-throated Thrush (hybrid);Turdus atrogularis x ruficollis
Black-throated/Red-throated Thrush;Turdus atrogularis/ruficollis
Dusky Thrush;Turdus eunomus
Naumann's Thrush;Turdus naumanni
Black-throated x Naumann's Thrush (hybrid);Turdus atrogularis x naumanni
Red-throated x Naumann's Thrush (hybrid);Turdus ruficollis x naumanni
Dusky x Naumann's Thrush (hybrid);Turdus eunomus x naumanni
Dusky/Naumann's Thrush;Turdus eunomus/naumanni
Sulawesi Thrush;Turdus turdoides
Grand Cayman Thrush;Turdus ravidus
White-chinned Thrush;Turdus aurantius
Western Red-legged Thrush;Turdus plumbeus
Western Red-legged Thrush (Bahamas);Turdus plumbeus plumbeus
Western Red-legged Thrush (Rusty-bellied);Turdus plumbeus [rubripes Group]
Western Red-legged Thrush (Cuban Slaty);Turdus plumbeus schistaceus
Western Red-legged Thrush (Rusty-bellied x Cuban Slaty);Turdus plumbeus rubripes x schistaceus
Eastern Red-legged Thrush;Turdus ardosiaceus
Black Thrush;Turdus infuscatus
Sooty Thrush;Turdus nigrescens
Rufous-collared Robin;Turdus rufitorques
American Robin;Turdus migratorius
American Robin (nigrideus);Turdus migratorius nigrideus
American Robin (migratorius Group);Turdus migratorius [migratorius Group]
American Robin (San Lucas);Turdus migratorius confinis
Varied Thrush/American Robin;Ixoreus naevius/Turdus migratorius
Rufous-backed Robin;Turdus rufopalliatus
Rufous-backed Robin (Rufous-backed);Turdus rufopalliatus rufopalliatus
Rufous-backed Robin (Grayson's);Turdus rufopalliatus graysoni
Mountain Thrush;Turdus plebejus
La Selle Thrush;Turdus swalesi
White-eyed Thrush;Turdus jamaicensis
Pale-eyed Thrush;Turdus leucops
Forest Thrush;Turdus lherminieri
Chestnut-bellied Thrush;Turdus fulviventris
Plumbeous-backed Thrush;Turdus reevei
Glossy-black Thrush;Turdus serranus
Black-hooded Thrush;Turdus olivater
Andean Slaty Thrush;Turdus nigriceps
Great Thrush;Turdus fuscater
Great Thrush (Santa Marta);Turdus fuscater cacozelus
Great Thrush (Great);Turdus fuscater [gigas Group]
Great Thrush (Black);Turdus fuscater ockendeni
Great Thrush (Bolivian);Turdus fuscater fuscater
Chiguanco Thrush;Turdus chiguanco
Chiguanco Thrush (chiguanco/conradi);Turdus chiguanco chiguanco/conradi
Chiguanco Thrush (anthracinus);Turdus chiguanco anthracinus
Great/Chiguanco Thrush;Turdus fuscater/chiguanco
Austral Thrush;Turdus falcklandii
Austral Thrush (Magellan);Turdus falcklandii magellanicus/pembertoni
Austral Thrush (Falkland);Turdus falcklandii falcklandii
Tristan Thrush;Turdus eremita
Creamy-bellied Thrush;Turdus amaurochalinus
Black-billed Thrush;Turdus ignobilis
Black-billed Thrush (Drab);Turdus ignobilis ignobilis/goodfellowi
Black-billed Thrush (Amazonian);Turdus ignobilis debilis
Campina Thrush;Turdus arthuri
Black-billed/Campina Thrush;Turdus ignobilis/arthuri
Marañon Thrush;Turdus maranonicus
Yellow-legged Thrush;Turdus flavipes
Blacksmith Thrush;Turdus subalaris
Pantepui Thrush;Turdus murinus
Campina/Pantepui Thrush;Turdus arthuri/murinus
Lawrence's Thrush;Turdus lawrencii
Pale-vented Thrush;Turdus obsoletus
White-throated Thrush;Turdus assimilis
Dagua Thrush;Turdus daguae
White-necked Thrush;Turdus albicollis
White-necked Thrush (Gray-flanked);Turdus albicollis [phaeopygus Group]
White-necked Thrush (Rufous-flanked);Turdus albicollis [albicollis Group]
Pale-breasted Thrush;Turdus leucomelas
Hauxwell's Thrush;Turdus hauxwelli
Cocoa Thrush;Turdus fumigatus
Cocoa Thrush (Lesser Antillean);Turdus fumigatus personus
Cocoa Thrush (Cocoa);Turdus fumigatus [fumigatus Group]
Rufous-bellied Thrush;Turdus rufiventris
Unicolored Thrush;Turdus haplochrous
Spectacled Thrush;Turdus nudigenis
Varzea Thrush;Turdus sanchezorum
Hauxwell's/Varzea Thrush;Turdus hauxwelli/sanchezorum
Ecuadorian Thrush;Turdus maculirostris
Clay-colored Thrush;Turdus grayi
Turdus sp.;Turdus sp.
thrush sp.;Turdidae sp.
Gray-streaked Flycatcher;Muscicapa griseisticta
Dark-sided Flycatcher;Muscicapa sibirica
Dark-sided Flycatcher (Siberian);Muscicapa sibirica sibirica
Dark-sided Flycatcher (Himalayan);Muscicapa sibirica [cacabata Group]
Gray-streaked/Dark-sided Flycatcher;Muscicapa griseisticta/sibirica
Ferruginous Flycatcher;Muscicapa ferruginea
Asian Brown Flycatcher;Muscicapa dauurica
Asian Brown Flycatcher (Northern);Muscicapa dauurica dauurica
Asian Brown Flycatcher (Southern);Muscicapa dauurica poonensis/siamensis
Ashy-breasted Flycatcher;Muscicapa randi
Sumba Brown Flycatcher;Muscicapa segregata
Brown-breasted Flycatcher;Muscicapa muttui
Asian Brown/Brown-breasted Flycatcher;Muscicapa dauurica/muttui
Sulawesi Brown Flycatcher;Muscicapa sodhii
Brown-streaked Flycatcher;Muscicapa williamsoni
Brown-streaked Flycatcher (Brown-streaked);Muscicapa williamsoni williamsoni
Brown-streaked Flycatcher (Umber);Muscicapa williamsoni umbrosa
Asian Brown/Brown-streaked Flycatcher;Muscicapa dauurica/williamsoni
African Dusky Flycatcher;Muscicapa adusta
Little Flycatcher;Muscicapa epulata
Yellow-footed Flycatcher;Muscicapa sethsmithi
Little/Yellow-footed Flycatcher;Muscicapa epulata/sethsmithi
Spotted Flycatcher;Muscicapa striata
Spotted Flycatcher (Spotted);Muscicapa striata [striata Group]
Spotted Flycatcher (Mediterranean);Muscicapa striata tyrrhenica/balearica
African Dusky/Spotted Flycatcher;Muscicapa adusta/striata
Gambaga Flycatcher;Muscicapa gambagae
Spotted/Gambaga Flycatcher;Muscicapa striata/gambagae
African Dusky/Spotted/Gambaga Flycatcher;Muscicapa adusta/striata/gambagae
Swamp Flycatcher;Muscicapa aquatica
Cassin's Flycatcher;Muscicapa cassini
Muscicapa sp.;Muscicapa sp.
Böhm's Flycatcher;Myopornis boehmi
Ussher's Flycatcher;Artomyias ussheri
Sooty Flycatcher;Artomyias fuliginosa
Dusky-blue Flycatcher;Bradornis comitatus
Marico Flycatcher;Bradornis mariquensis
African Gray Flycatcher;Bradornis microrhynchus
African Gray Flycatcher (Ethiopian);Bradornis microrhynchus pumilus
African Gray Flycatcher (African Gray);Bradornis microrhynchus [microrhynchus Group]
Gambaga/African Gray Flycatcher;Muscicapa gambagae/Bradornis microrhynchus
Bradornis sp.;Bradornis sp.
Muscicapa/Bradornis sp.;Muscicapa/Bradornis sp.
Pale Flycatcher;Agricola pallidus
Pale Flycatcher (Pale);Agricola pallidus [pallidus Group]
Pale Flycatcher (Wajir);Agricola pallidus bafirawari
Pale Flycatcher (East Coast);Agricola pallidus subalaris/erlangeri
Marico/Pale Flycatcher;Bradornis mariquensis/Agricola pallidus
Chat Flycatcher;Agricola infuscatus
White-browed Forest-Flycatcher;Fraseria cinerascens
African Forest-Flycatcher;Fraseria ocreata
African Forest-Flycatcher (Western);Fraseria ocreata prosphora/kelsalli
African Forest-Flycatcher (Eastern);Fraseria ocreata ocreata
Gray-throated Tit-Flycatcher;Fraseria griseigularis
Gray Tit-Flycatcher;Fraseria plumbea
Olivaceous Flycatcher;Fraseria olivascens
Olivaceous Flycatcher (Olivaceous);Fraseria olivascens olivascens
Olivaceous Flycatcher (Mt. Nimba);Fraseria olivascens nimbae
Chapin's Flycatcher;Fraseria lendu
Chapin's Flycatcher (Chapin's);Fraseria lendu lendu
Chapin's Flycatcher (Itombwe);Fraseria lendu itombwensis
Tessmann's Flycatcher;Fraseria tessmanni
Ashy Flycatcher;Fraseria caerulescens
Herero Chat;Namibornis herero
Silverbird;Empidornis semipartitus
Fiscal Flycatcher;Sigelus silens
Yellow-eyed Black-Flycatcher;Melaenornis ardesiacus
Nimba Flycatcher;Melaenornis annamarulae
Northern Black-Flycatcher;Melaenornis edolioides
Southern Black-Flycatcher;Melaenornis pammelaina
White-eyed Slaty-Flycatcher;Melaenornis fischeri
Angola Slaty-Flycatcher;Melaenornis brunneus
Abyssinian Slaty-Flycatcher;Melaenornis chocolatinus
Grande Comore Flycatcher;Humblotia flavirostris
White-tailed Alethe;Alethe diademata
Fire-crested Alethe;Alethe castanea
Karoo Scrub-Robin;Tychaedon coryphoeus
Forest Scrub-Robin;Tychaedon leucosticta
Forest Scrub-Robin (Forest);Tychaedon leucosticta [leucosticta Group]
Forest Scrub-Robin (Huila);Tychaedon leucosticta reichenowi
Brown Scrub-Robin;Tychaedon signata
Bearded Scrub-Robin;Tychaedon quadrivirgata
Bearded Scrub-Robin (Bearded);Tychaedon quadrivirgata quadrivirgata
Bearded Scrub-Robin (Zanzibar);Tychaedon quadrivirgata greenwayi
Miombo Scrub-Robin;Tychaedon barbata
Black Scrub-Robin;Cercotrichas podobe
Rufous-tailed Scrub-Robin;Cercotrichas galactotes
Rufous-tailed Scrub-Robin (Rufous-tailed);Cercotrichas galactotes [galactotes Group]
Rufous-tailed Scrub-Robin (African);Cercotrichas galactotes minor/hamertoni
Kalahari Scrub-Robin;Cercotrichas paena
Brown-backed Scrub-Robin;Cercotrichas hartlaubi
White-browed Scrub-Robin;Cercotrichas leucophrys
White-browed Scrub-Robin (White-winged);Cercotrichas leucophrys [leucoptera Group]
White-browed Scrub-Robin (Red-backed);Cercotrichas leucophrys [leucophrys Group]
african scrub-robin sp.;Cercotrichas sp.
Indian Robin;Copsychus fulicatus
Oriental Magpie-Robin;Copsychus saularis
Oriental Magpie-Robin (Oriental);Copsychus saularis [saularis Group]
Oriental Magpie-Robin (Black);Copsychus saularis [amoenus Group]
Rufous-tailed Shama;Copsychus pyrropygus
Madagascar Magpie-Robin;Copsychus albospecularis
Madagascar Magpie-Robin (Black-bellied);Copsychus albospecularis albospecularis
Madagascar Magpie-Robin (White-bellied);Copsychus albospecularis inexspectatus
Madagascar Magpie-Robin (White-winged);Copsychus albospecularis pica
Seychelles Magpie-Robin;Copsychus sechellarum
Philippine Magpie-Robin;Copsychus mindanensis
White-rumped Shama;Copsychus malabaricus
White-rumped Shama (White-rumped);Copsychus malabaricus [malabaricus Group]
White-rumped Shama (Long-tailed);Copsychus malabaricus ngae
White-rumped Shama (Barusan);Copsychus malabaricus [melanurus Group]
Sri Lanka Shama;Copsychus leggei
White-crowned Shama;Copsychus stricklandii
Maratua Shama;Copsychus barbouri
Kangean Shama;Copsychus nigricauda
Andaman Shama;Copsychus albiventris
Larwo Shama;Copsychus omissus
White-browed Shama;Copsychus luzoniensis
Visayan Shama;Copsychus superciliaris
White-vented Shama;Copsychus niger
Black Shama;Copsychus cebuensis
White-tailed Flycatcher;Leucoptilon concretum
Nilgiri Sholakili;Sholicola major
White-bellied Sholakili;Sholicola albiventris
Large Niltava;Niltava grandis
Large Niltava (Large);Niltava grandis [grandis Group]
Large Niltava (Dalat);Niltava grandis decorata
Small Niltava;Niltava macgrigoriae
Large/Small Niltava;Niltava grandis/macgrigoriae
Fujian Niltava;Niltava davidi
Rufous-bellied Niltava;Niltava sundara
Rufous-vented Niltava;Niltava sumatrana
Chinese Vivid Niltava;Niltava oatesi
Fujian/Rufous-bellied/Chinese Vivid Niltava;Niltava davidi/sundara/oatesi
Taiwan Vivid Niltava;Niltava vivida
niltava sp.;Niltava sp.
Blue-and-white Flycatcher;Cyanoptila cyanomelana
Zappey's Flycatcher;Cyanoptila cumatilis
Blue-and-white/Zappey's Flycatcher;Cyanoptila cyanomelana/cumatilis
Matinan Flycatcher;Eumyias sanfordi
Blue-fronted Flycatcher;Eumyias hoevelli
Timor Blue Flycatcher;Eumyias hyacinthinus
Flores Jungle Flycatcher;Eumyias oscillans
Sumba Jungle Flycatcher;Eumyias stresemanni
Dull-blue Flycatcher;Eumyias sordidus
Nilgiri Flycatcher;Eumyias albicaudatus
Indigo Flycatcher;Eumyias indigo
Indigo Flycatcher (Rufous-vented);Eumyias indigo ruficrissa/cerviniventris
Indigo Flycatcher (Javan);Eumyias indigo indigo
Verditer Flycatcher;Eumyias thalassinus
Nilgiri/Verditer Flycatcher;Eumyias albicaudatus/thalassinus
Buru Jungle Flycatcher;Eumyias additus
Turquoise Flycatcher;Eumyias panayensis
White-gorgeted Flycatcher;Anthipes monileger
Rufous-browed Flycatcher;Anthipes solitaris
Rück's Blue Flycatcher;Cyornis ruckii
Blue-breasted Blue Flycatcher;Cyornis herioti
Rufous-breasted Blue Flycatcher;Cyornis camarinensis
Blue-breasted/Rufous-breasted Blue Flycatcher;Cyornis herioti/camarinensis
Hainan Blue Flycatcher;Cyornis hainanus
Hainan Blue Flycatcher (Western Orange-breasted);Cyornis hainanus dialilaemus
Hainan Blue Flycatcher (Blue-breasted);Cyornis hainanus hainanus
Hainan Blue Flycatcher (Eastern Orange-breasted);Cyornis hainanus klossi
White-bellied Blue Flycatcher;Cyornis pallidipes
Pale-chinned Flycatcher;Cyornis poliogenys
Pale Blue Flycatcher;Cyornis unicolor
Pale Blue Flycatcher (Unicolored);Cyornis unicolor unicolor
Pale Blue Flycatcher (Diao Luo);Cyornis unicolor diaoluoensis
Pale Blue Flycatcher (Hartert's);Cyornis unicolor cyanopolia
Blue-throated Flycatcher;Cyornis rubeculoides
Chinese Blue Flycatcher;Cyornis glaucicomans
Blue-throated/Chinese Blue Flycatcher;Cyornis rubeculoides/glaucicomans
Hainan Blue/Blue-throated/Chinese Blue Flycatcher;Cyornis hainanus/rubeculoides/glaucicomans
Large Blue Flycatcher;Cyornis magnirostris
Hill Blue Flycatcher;Cyornis whitei
Large/Hill Blue Flycatcher;Cyornis magnirostris/whitei
Javan Blue Flycatcher;Cyornis banyumas
Dayak Blue Flycatcher;Cyornis montanus
Meratus Blue Flycatcher;Cyornis kadayangensis
Sunda Blue Flycatcher;Cyornis caerulatus
Malaysian Blue Flycatcher;Cyornis turcosus
Palawan Blue Flycatcher;Cyornis lemprieri
Bornean Blue Flycatcher;Cyornis superbus
Tickell's Blue Flycatcher;Cyornis tickelliae
Pale-chinned x Tickell's Blue Flycatcher (hybrid);Cyornis poliogenys x tickelliae
Blue-throated/Tickell's Blue Flycatcher;Cyornis rubeculoides/tickelliae
Indochinese Blue Flycatcher;Cyornis sumatrensis
Mangrove Blue Flycatcher;Cyornis rufigastra
Mangrove Blue Flycatcher (Mangrove);Cyornis rufigastra [rufigastra Group]
Mangrove Blue Flycatcher (Philippine);Cyornis rufigastra [blythi Group]
Sulawesi Blue Flycatcher;Cyornis omissus
Sulawesi Blue Flycatcher (Sulawesi);Cyornis omissus [omissus Group]
Sulawesi Blue Flycatcher (Tanahjampea);Cyornis omissus djampeanus
Kalao Blue Flycatcher;Cyornis kalaoensis
Brown-chested Jungle Flycatcher;Cyornis brunneatus
Nicobar Jungle Flycatcher;Cyornis nicobaricus
Gray-chested Jungle Flycatcher;Cyornis umbratilis
Fulvous-chested Jungle Flycatcher;Cyornis olivaceus
Philippine Jungle Flycatcher;Cyornis ruficauda
Sulu Jungle Flycatcher;Cyornis ocularis
Crocker Jungle Flycatcher;Cyornis ruficrissa
Banggai Jungle Flycatcher;Cyornis pelingensis
Sula Jungle Flycatcher;Cyornis colonus
Cyornis sp.;Cyornis sp.
White-bellied Robin-Chat;Cossyphicula roberti
White-bellied Robin-Chat (White-bellied);Cossyphicula roberti roberti
White-bellied Robin-Chat (Albertine);Cossyphicula roberti rufescentior
Mountain Robin-Chat;Cossyphicula isabellae
Mountain Robin-Chat (Highland);Cossyphicula isabellae batesi
Mountain Robin-Chat (Mountain);Cossyphicula isabellae isabellae
Archer's Robin-Chat;Dessonornis archeri
Archer's Robin-Chat (Archer's);Dessonornis archeri archeri
Archer's Robin-Chat (Kabobo);Dessonornis archeri kimbutui
Olive-flanked Robin-Chat;Dessonornis anomalus
Olive-flanked Robin-Chat (White-bellied);Dessonornis anomalus grotei
Olive-flanked Robin-Chat (Black);Dessonornis anomalus mbuluensis
Olive-flanked Robin-Chat (Olive-flanked);Dessonornis anomalus [anomalus Group]
Cape Robin-Chat;Dessonornis caffer
White-throated Robin-Chat;Dessonornis humeralis
Blue-shouldered Robin-Chat;Cossypha cyanocampter
Rüppell's Robin-Chat;Cossypha semirufa
White-browed Robin-Chat;Cossypha heuglini
Red-capped Robin-Chat;Cossypha natalensis
Chorister Robin-Chat;Cossypha dichroa
Red-capped x Chorister Robin-Chat (hybrid);Cossypha natalensis x dichroa
White-headed Robin-Chat;Cossypha heinrichi
Snowy-crowned Robin-Chat;Cossypha niveicapilla
White-crowned Robin-Chat;Cossypha albicapillus
robin-chat sp.;Cossypha sp.
Angola Cave-Chat;Xenocopsychus ansorgei
Collared Palm-Thrush;Cichladusa arquata
Rufous-tailed Palm-Thrush;Cichladusa ruficauda
Spotted Morning-Thrush;Cichladusa guttata
European Robin;Erithacus rubecula
White-starred Robin;Pogonocichla stellata
Swynnerton's Robin;Swynnertonia swynnertoni
Swynnerton's Robin (Udzungwa);Swynnertonia swynnertoni rodgersi
Swynnerton's Robin (Swynnerton's);Swynnertonia swynnertoni swynnertoni
Brown-chested Alethe;Chamaetylas poliocephala
Brown-chested Alethe (Gray-headed);Chamaetylas poliocephala poliocephala
Brown-chested Alethe (Gabela);Chamaetylas poliocephala hallae
Brown-chested Alethe (Chestnut-backed);Chamaetylas poliocephala compsonota
Brown-chested Alethe (Brown-chested);Chamaetylas poliocephala [carruthersi Group]
Red-throated Alethe;Chamaetylas poliophrys
Thyolo Alethe;Chamaetylas choloensis
White-chested Alethe;Chamaetylas fuelleborni
Olive-backed Forest Robin;Stiphrornis pyrrholaemus
Orange-breasted Forest Robin;Stiphrornis erythrothorax
Yellow-breasted Forest Robin;Stiphrornis mabirae
forest robin sp.;Stiphrornis sp.
Gray-winged Robin-Chat;Sheppardia polioptera
Gray-winged Robin-Chat (Black-capped);Sheppardia polioptera nigriceps/tessmanni
Gray-winged Robin-Chat (Gray-winged);Sheppardia polioptera polioptera
Short-tailed Akalat;Sheppardia poensis
Short-tailed Akalat (Grant's);Sheppardia poensis granti
Short-tailed Akalat (Bioko);Sheppardia poensis poensis
Short-tailed Akalat (Short-tailed);Sheppardia poensis [kungwensis Group]
Bocage's Akalat;Sheppardia bocagei
Lowland Akalat;Sheppardia cyornithopsis
Equatorial Akalat;Sheppardia aequatorialis
Sharpe's Akalat;Sheppardia sharpei
East Coast Akalat;Sheppardia gunningi
East Coast Akalat (East Coast);Sheppardia gunningi sokokensis
East Coast Akalat (Montane);Sheppardia gunningi alticola
East Coast Akalat (Benson's);Sheppardia gunningi bensoni
East Coast Akalat (Gunning's);Sheppardia gunningi gunningi
Gabela Akalat;Sheppardia gabela
Usambara Akalat;Sheppardia montana
Iringa Akalat;Sheppardia lowei
Rubeho Akalat;Sheppardia aurantiithorax
Bagobo Robin;Leonardina woodi
Eyebrowed Jungle Flycatcher;Vauriella gularis
Rusty-flanked Jungle Flycatcher;Vauriella insignis
Negros Jungle Flycatcher;Vauriella albigularis
Mindanao Jungle Flycatcher;Vauriella goodfellowi
Great Shortwing;Heinrichia calligyna
Great Shortwing (Minahasa);Heinrichia calligyna simplex
Great Shortwing (Great);Heinrichia calligyna calligyna/picta
Rusty-bellied Shortwing;Brachypteryx hyperythra
Lesser Shortwing;Brachypteryx leucophris
Himalayan Shortwing;Brachypteryx cruralis
Chinese Shortwing;Brachypteryx sinensis
Himalayan/Chinese Shortwing;Brachypteryx cruralis/sinensis
Taiwan Shortwing;Brachypteryx goodfellowi
Philippine Shortwing;Brachypteryx poliogyna
Bornean Shortwing;Brachypteryx erythrogyna
Sumatran Shortwing;Brachypteryx saturata
Javan Shortwing;Brachypteryx montana
Flores Shortwing;Brachypteryx floris
Mindanao Shortwing (undescribed form);Brachypteryx [undescribed submontane Mindanao form]
Brachypteryx sp.;Brachypteryx sp.
Gould's Shortwing;Heteroxenicus stellatus
Rufous-tailed Robin;Larvivora sibilans
Rufous-headed Robin;Larvivora ruficeps
Japanese Robin;Larvivora akahige
Izu Robin;Larvivora tanensis
Japanese/Izu Robin;Larvivora akahige/tanensis
Ryukyu Robin;Larvivora komadori
Okinawa Robin;Larvivora namiyei
Ryukyu/Okinawa Robin;Larvivora komadori/namiyei
Indian Blue Robin;Larvivora brunnea
Siberian Blue Robin;Larvivora cyane
White-throated Robin;Irania gutturalis
Thrush Nightingale;Luscinia luscinia
Common Nightingale;Luscinia megarhynchos
Common Nightingale (megarhynchos/africana);Luscinia megarhynchos megarhynchos/africana
Common Nightingale (golzii);Luscinia megarhynchos golzii
Thrush x Common Nightingale (hybrid);Luscinia luscinia x megarhynchos
Thrush/Common Nightingale;Luscinia luscinia/megarhynchos
White-bellied Redstart;Luscinia phaenicuroides
Bluethroat;Luscinia svecica
Bluethroat (Red-spotted);Luscinia svecica [svecica Group]
Bluethroat (Iberian);Luscinia svecica azuricollis
Bluethroat (White-spotted);Luscinia svecica cyanecula/namnetum
Bluethroat (Caucasian);Luscinia svecica magna
Sri Lanka Whistling-Thrush;Myophonus blighi
Shiny Whistling-Thrush;Myophonus melanurus
Javan Whistling-Thrush;Myophonus glaucinus
Sumatran Whistling-Thrush;Myophonus castaneus
Bornean Whistling-Thrush;Myophonus borneensis
Malayan Whistling-Thrush;Myophonus robinsoni
Malabar Whistling-Thrush;Myophonus horsfieldii
Taiwan Whistling-Thrush;Myophonus insularis
Blue Whistling-Thrush;Myophonus caeruleus
Blue Whistling-Thrush (Black-billed);Myophonus caeruleus caeruleus
Blue Whistling-Thrush (Yellow-billed);Myophonus caeruleus [flavirostris Group]
whistling-thrush sp.;Myophonus sp.
Little Forktail;Enicurus scouleri
White-crowned Forktail;Enicurus leschenaulti
White-crowned Forktail (Northern);Enicurus leschenaulti sinensis/indicus
White-crowned Forktail (Malaysian);Enicurus leschenaulti frontalis/chaseni
White-crowned Forktail (Javan);Enicurus leschenaulti leschenaulti
Bornean Forktail;Enicurus borneensis
White-crowned/Bornean Forktail;Enicurus leschenaulti/borneensis
Spotted Forktail;Enicurus maculatus
Sunda Forktail;Enicurus velatus
Chestnut-naped Forktail;Enicurus ruficapillus
Black-backed Forktail;Enicurus immaculatus
Slaty-backed Forktail;Enicurus schistaceus
forktail sp.;Enicurus sp.
Firethroat;Calliope pectardens
Blackthroat;Calliope obscura
Firethroat/Blackthroat;Calliope pectardens/obscura
Siberian Rubythroat;Calliope calliope
Himalayan Rubythroat;Calliope pectoralis
Chinese Rubythroat;Calliope tschebaiewi
Himalayan/Chinese Rubythroat (White-tailed Rubythroat);Calliope pectoralis/tschebaiewi
White-tailed Robin;Myiomela leucura
White-tailed Robin (White-tailed);Myiomela leucura leucura/montium
White-tailed Robin (Cambodian);Myiomela leucura cambodiana
Sumatran Robin;Myiomela sumatrana
Javan Robin;Myiomela diana
Blue-fronted Robin;Cinclidium frontale
Red-flanked Bluetail;Tarsiger cyanurus
Qilian Bluetail;Tarsiger albocoeruleus
Red-flanked/Qilian Bluetail;Tarsiger cyanurus/albocoeruleus
Himalayan Bluetail;Tarsiger rufilatus
Red-flanked/Himalayan Bluetail;Tarsiger cyanurus/rufilatus
Rufous-breasted Bush-Robin;Tarsiger hyperythrus
White-browed Bush-Robin;Tarsiger indicus
Taiwan Bush-Robin;Tarsiger formosanus
Golden Bush-Robin;Tarsiger chrysaeus
Collared Bush-Robin;Tarsiger johnstoniae
Taiwan/Collared Bush-Robin;Tarsiger formosanus/johnstoniae
Tarsiger sp.;Tarsiger sp.
Yellow-rumped Flycatcher;Ficedula zanthopygia
Green-backed Flycatcher;Ficedula elisae
Narcissus Flycatcher;Ficedula narcissina
Ryukyu Flycatcher;Ficedula owstoni
Yellow-rumped/Green-backed/Narcissus/Ryukyu Flycatcher;Ficedula zanthopygia/elisae/narcissina/owstoni
Narcissus/Ryukyu Flycatcher;Ficedula narcissina/owstoni
Mugimaki Flycatcher;Ficedula mugimaki
Slaty-backed Flycatcher;Ficedula erithacus
Black-and-orange Flycatcher;Ficedula nigrorufa
Slaty-blue Flycatcher;Ficedula tricolor
Snowy-browed Flycatcher;Ficedula hyperythra
Pygmy Flycatcher;Ficedula hodgsoni
Rufous-gorgeted Flycatcher;Ficedula strophiata
Sapphire Flycatcher;Ficedula sapphira
Little Pied Flycatcher;Ficedula westermanni
Ultramarine Flycatcher;Ficedula superciliaris
Ultramarine Flycatcher (Eyebrowed);Ficedula superciliaris superciliaris
Ultramarine Flycatcher (Eastern);Ficedula superciliaris aestigma
Rusty-tailed Flycatcher;Ficedula ruficauda
Taiga Flycatcher;Ficedula albicilla
Kashmir Flycatcher;Ficedula subrubra
Red-breasted Flycatcher;Ficedula parva
Taiga/Red-breasted Flycatcher;Ficedula albicilla/parva
Semicollared Flycatcher;Ficedula semitorquata
European Pied Flycatcher;Ficedula hypoleuca
Semicollared x European Pied Flycatcher (hybrid);Ficedula semitorquata x hypoleuca
Atlas Flycatcher;Ficedula speculigera
European Pied/Atlas Flycatcher;Ficedula hypoleuca/speculigera
Collared Flycatcher;Ficedula albicollis
Semicollared x Collared Flycatcher (hybrid);Ficedula semitorquata x albicollis
European Pied x Collared Flycatcher (hybrid);Ficedula hypoleuca x albicollis
European Pied/Collared Flycatcher;Ficedula hypoleuca/albicollis
European Pied/Collared/Semicollared Flycatcher;Ficedula hypoleuca/albicollis/semitorquata
Tanimbar Flycatcher;Ficedula riedeli
Rufous-chested Flycatcher;Ficedula dumetoria
Palawan Flycatcher;Ficedula platenae
Furtive Flycatcher;Ficedula disposita
Rufous-throated Flycatcher;Ficedula rufigula
Damar Flycatcher;Ficedula henrici
Cinnamon-chested Flycatcher;Ficedula buruensis
Lompobattang Flycatcher;Ficedula bonthaina
Sumba Flycatcher;Ficedula harterti
Black-banded Flycatcher;Ficedula timorensis
Little Slaty Flycatcher;Ficedula basilanica
Little Slaty Flycatcher (samarensis);Ficedula basilanica samarensis
Little Slaty Flycatcher (basilanica);Ficedula basilanica basilanica
Cryptic Flycatcher;Ficedula crypta
Bundok Flycatcher;Ficedula luzoniensis
Ficedula sp.;Ficedula sp.
Blue-fronted Redstart;Phoenicurus frontalis
Plumbeous Redstart;Phoenicurus fuliginosus
Luzon Redstart;Phoenicurus bicolor
Rufous-backed Redstart;Phoenicurus erythronotus
White-capped Redstart;Phoenicurus leucocephalus
Ala Shan Redstart;Phoenicurus alaschanicus
Blue-capped Redstart;Phoenicurus coeruleocephala
Moussier's Redstart;Phoenicurus moussieri
Common Redstart;Phoenicurus phoenicurus
Common Redstart (Common);Phoenicurus phoenicurus phoenicurus
Common Redstart (Ehrenberg's);Phoenicurus phoenicurus samamisicus
Hodgson's Redstart;Phoenicurus hodgsoni
White-throated Redstart;Phoenicurus schisticeps
White-winged Redstart;Phoenicurus erythrogastrus
Black Redstart;Phoenicurus ochruros
Black Redstart (Western);Phoenicurus ochruros gibraltariensis/aterrimus
Black Redstart (Eastern);Phoenicurus ochruros [ochruros Group]
Common x Black Redstart (hybrid);Phoenicurus phoenicurus x ochruros
Common/Black Redstart;Phoenicurus phoenicurus/ochruros
Daurian Redstart;Phoenicurus auroreus
redstart sp.;Phoenicurus sp.
Little Rock-Thrush;Monticola rufocinereus
Chestnut-bellied Rock-Thrush;Monticola rufiventris
White-throated Rock-Thrush;Monticola gularis
Blue-capped Rock-Thrush;Monticola cinclorhyncha
Short-toed Rock-Thrush;Monticola brevipes
Short-toed Rock-Thrush (White-crowned);Monticola brevipes brevipes
Short-toed Rock-Thrush (Short-toed);Monticola brevipes pretoriae
Sentinel Rock-Thrush;Monticola explorator
Littoral Rock-Thrush;Monticola imerina
Amber Mountain Rock-Thrush;Monticola erythronotus
Forest Rock-Thrush;Monticola sharpei
Forest Rock-Thrush (Forest);Monticola sharpei sharpei
Forest Rock-Thrush (Benson's);Monticola sharpei bensoni
Rufous-tailed Rock-Thrush;Monticola saxatilis
Blue Rock-Thrush;Monticola solitarius
Blue Rock-Thrush (solitarius/longirostris);Monticola solitarius solitarius/longirostris
Blue Rock-Thrush (pandoo);Monticola solitarius pandoo
Blue Rock-Thrush (philippensis);Monticola solitarius philippensis
Blue Rock-Thrush (pandoo x philippensis);Monticola solitarius pandoo x philippensis
Blue Rock-Thrush (madoci);Monticola solitarius madoci
Miombo Rock-Thrush;Monticola angolensis
Cape Rock-Thrush;Monticola rupestris
White-winged Cliff-Chat;Monticola semirufus
rock-thrush sp.;Monticola sp.
Whinchat;Saxicola rubetra
Common Redstart x Whinchat (hybrid);Phoenicurus phoenicurus x Saxicola rubetra
White-browed Bushchat;Saxicola macrorhynchus
White-throated Bushchat;Saxicola insignis
Fuerteventura Stonechat;Saxicola dacotiae
European Stonechat;Saxicola rubicola
Whinchat/European Stonechat;Saxicola rubetra/rubicola
Siberian Stonechat;Saxicola maurus
Siberian Stonechat (Caspian);Saxicola maurus hemprichii
Siberian Stonechat (Siberian);Saxicola maurus [maurus Group]
Siberian Stonechat (Przevalski's);Saxicola maurus przewalskii
Whinchat x Siberian Stonechat (hybrid);Saxicola rubetra x maurus
White-browed Bushchat/Siberian Stonechat;Saxicola macrorhynchus/maurus
White-throated Bushchat/Siberian Stonechat;Saxicola insignis/maurus
European/Siberian Stonechat;Saxicola rubicola/maurus
Amur Stonechat;Saxicola stejnegeri
Siberian/Amur Stonechat;Saxicola maurus/stejnegeri
African Stonechat;Saxicola torquatus
African Stonechat (African);Saxicola torquatus [torquatus Group]
African Stonechat (Ethiopian);Saxicola torquatus albofasciatus
African Stonechat (Madagascar);Saxicola torquatus sibilla
Reunion Stonechat;Saxicola tectes
White-tailed Stonechat;Saxicola leucurus
Siberian/White-tailed Stonechat;Saxicola maurus/leucurus
Pied Bushchat;Saxicola caprata
Jerdon's Bushchat;Saxicola jerdoni
Gray Bushchat;Saxicola ferreus
Timor Bushchat;Saxicola gutturalis
Saxicola sp.;Saxicola sp.
Buff-streaked Chat;Campicoloides bifasciatus
Sickle-winged Chat;Emarginata sinuata
Karoo Chat;Emarginata schlegelii
Tractrac Chat;Emarginata tractrac
Moorland Chat;Pinarochroa sordida
Moorland Chat (Abyssinian);Pinarochroa sordida sordida
Moorland Chat (Mt. Kenya);Pinarochroa sordida ernesti
Moorland Chat (Ngorongoro);Pinarochroa sordida olimotiensis
Moorland Chat (Mt. Kilimanjaro);Pinarochroa sordida hypospodia
Mocking Cliff-Chat;Thamnolaea cinnamomeiventris
Sooty Chat;Myrmecocichla nigra
Northern Anteater-Chat;Myrmecocichla aethiops
Southern Anteater-Chat;Myrmecocichla formicivora
Congo Moor Chat;Myrmecocichla tholloni
Mountain Chat;Myrmecocichla monticola
Rüppell's Chat;Myrmecocichla melaena
Arnot's Chat;Myrmecocichla arnotti
Arnot's Chat (Angola);Myrmecocichla arnotti harterti
Arnot's Chat (Arnot's);Myrmecocichla arnotti arnotti
Arnot's Chat (Ruaha);Myrmecocichla arnotti collaris
Northern Wheatear;Oenanthe oenanthe
Northern Wheatear (Greenland);Oenanthe oenanthe leucorhoa
Northern Wheatear (Eurasian);Oenanthe oenanthe oenanthe/libanotica
Atlas Wheatear;Oenanthe seebohmi
Northern/Atlas Wheatear;Oenanthe oenanthe/seebohmi
Capped Wheatear;Oenanthe pileata
Buff-breasted Wheatear;Oenanthe bottae
Rusty-breasted Wheatear;Oenanthe frenata
Isabelline Wheatear;Oenanthe isabellina
Heuglin's Wheatear;Oenanthe heuglinii
Hooded Wheatear;Oenanthe monacha
Desert Wheatear;Oenanthe deserti
Western Black-eared Wheatear;Oenanthe hispanica
Cyprus Wheatear;Oenanthe cypriaca
Eastern Black-eared Wheatear;Oenanthe melanoleuca
Northern/Western Black-eared/Eastern Black-eared Wheatear;Oenanthe oenanthe/hispanica/melanoleuca
Western/Eastern Black-eared Wheatear;Oenanthe hispanica/melanoleuca
Pied Wheatear;Oenanthe pleschanka
Pied Wheatear (vittata);Oenanthe pleschanka (vittata form)
Eastern Black-eared x Pied Wheatear (hybrid);Oenanthe melanoleuca x pleschanka
Cyprus/Pied Wheatear;Oenanthe cypriaca/pleschanka
Eastern Black-eared/Pied Wheatear;Oenanthe melanoleuca/pleschanka
White-fronted Black-Chat;Oenanthe albifrons
Somali Wheatear;Oenanthe phillipsi
Red-rumped Wheatear;Oenanthe moesta
Blackstart;Oenanthe melanura
Familiar Chat;Oenanthe familiaris
Sickle-winged/Familiar Chat;Emarginata sinuata/Oenanthe familiaris
Sombre Rock Chat;Oenanthe dubia
Brown-tailed Chat;Oenanthe scotocerca
Brown-tailed Chat (Brown-tailed);Oenanthe scotocerca [scotocerca Group]
Brown-tailed Chat (Pale);Oenanthe scotocerca spectatrix/validior
Brown Rock Chat;Oenanthe fusca
Variable Wheatear;Oenanthe picata
Variable Wheatear (Blyth's);Oenanthe picata picata
Variable Wheatear (Gould's);Oenanthe picata capistrata
Variable Wheatear (Strickland's);Oenanthe picata opistholeuca
Black Wheatear;Oenanthe leucura
Hume's Wheatear;Oenanthe albonigra
White-crowned Wheatear;Oenanthe leucopyga
Arabian Wheatear;Oenanthe lugentoides
Abyssinian Wheatear;Oenanthe lugubris
Finsch's Wheatear;Oenanthe finschii
Mourning Wheatear;Oenanthe lugens
Mourning Wheatear (Mourning);Oenanthe lugens lugens/persica
Mourning Wheatear (Maghreb);Oenanthe lugens halophila
Mourning Wheatear (Basalt);Oenanthe lugens warriae
Arabian/Mourning Wheatear;Oenanthe lugentoides/lugens
Kurdish Wheatear;Oenanthe xanthoprymna
Persian Wheatear;Oenanthe chrysopygia
Kurdish/Persian Wheatear (Red-tailed Wheatear);Oenanthe xanthoprymna/chrysopygia
wheatear sp.;Oenanthe sp.
muscicapid sp.;Muscicapidae sp.
Bohemian Waxwing;Bombycilla garrulus
Cedar Waxwing;Bombycilla cedrorum
Bohemian x Cedar Waxwing (hybrid);Bombycilla garrulus x cedrorum
Bohemian/Cedar Waxwing;Bombycilla garrulus/cedrorum
Japanese Waxwing;Bombycilla japonica
Bohemian/Japanese Waxwing;Bombycilla garrulus/japonica
Kauai Oo;Moho braccatus
Oahu Oo;Moho apicalis
Bishop's Oo;Moho bishopi
Hawaii Oo;Moho nobilis
Kioea;Chaetoptila angustipluma
Black-and-yellow Silky-flycatcher;Phainoptila melanoxantha
Gray Silky-flycatcher;Ptiliogonys cinereus
Long-tailed Silky-flycatcher;Ptiliogonys caudatus
Phainopepla;Phainopepla nitens
Palmchat;Dulus dominicus
Hylocitrea;Hylocitrea bonensis
Hylocitrea (Northern);Hylocitrea bonensis bonensis
Hylocitrea (Southern);Hylocitrea bonensis bonthaina
Hypocolius;Hypocolius ampelinus
Gurney's Sugarbird;Promerops gurneyi
Cape Sugarbird;Promerops cafer
Spot-throat;Modulatrix stictigula
Dapple-throat;Arcanator orostruthus
Gray-chested Babbler;Kakamega poliothorax
Yellow-breasted Flowerpecker;Prionochilus maculatus
Crimson-breasted Flowerpecker;Prionochilus percussus
Palawan Flowerpecker;Prionochilus plateni
Yellow-rumped Flowerpecker;Prionochilus xanthopygius
Scarlet-breasted Flowerpecker;Prionochilus thoracicus
Prionochilus sp.;Prionochilus sp.
Olive-backed Flowerpecker;Pachyglossa olivacea
Olive-backed Flowerpecker (Luzon);Pachyglossa olivacea parsonsi
Olive-backed Flowerpecker (Mindanao);Pachyglossa olivacea olivacea/samarensis
Thick-billed Flowerpecker;Pachyglossa agilis
Thick-billed Flowerpecker (Indian);Pachyglossa agilis agilis/zeylonica
Thick-billed Flowerpecker (obsoleta Group);Pachyglossa agilis [obsoleta Group]
Thick-billed Flowerpecker (Striped);Pachyglossa agilis [aeruginosa Group]
Brown-backed Flowerpecker;Pachyglossa everetti
Whiskered Flowerpecker;Pachyglossa propria
Yellow-vented Flowerpecker;Pachyglossa chrysorrhea
Yellow-bellied Flowerpecker;Pachyglossa melanozantha
White-throated Flowerpecker;Pachyglossa vincens
Spectacled Flowerpecker;Dicaeum dayakorum
Golden-rumped Flowerpecker;Dicaeum annae
Yellow-sided Flowerpecker;Dicaeum aureolimbatum
Olive-capped Flowerpecker;Dicaeum nigrilore
Yellow-crowned Flowerpecker;Dicaeum anthonyi
Flame-crowned Flowerpecker;Dicaeum kampalili
Bicolored Flowerpecker;Dicaeum bicolor
Cebu Flowerpecker;Dicaeum quadricolor
Red-keeled Flowerpecker;Dicaeum australe
Black-belted Flowerpecker;Dicaeum haematostictum
Scarlet-collared Flowerpecker;Dicaeum retrocinctum
Orange-bellied Flowerpecker;Dicaeum trigonostigma
Orange-bellied Flowerpecker (Orange-bellied);Dicaeum trigonostigma [trigonostigma Group]
Orange-bellied Flowerpecker (Orange-breasted);Dicaeum trigonostigma xanthopygium/dorsale
Orange-bellied Flowerpecker (Sibuyan);Dicaeum trigonostigma [sibuyanicum Group]
Orange-bellied Flowerpecker (Gray-throated);Dicaeum trigonostigma [cinereigulare Group]
Orange-bellied Flowerpecker (Sulu);Dicaeum trigonostigma sibutuense/assimile
Buzzing Flowerpecker;Dicaeum hypoleucum
Buzzing Flowerpecker (obscurum/cagayanense);Dicaeum hypoleucum obscurum/cagayanense
Buzzing Flowerpecker (pontifex);Dicaeum hypoleucum pontifex
Buzzing Flowerpecker (hypoleucum/mindanense);Dicaeum hypoleucum hypoleucum/mindanense
Pale-billed Flowerpecker;Dicaeum erythrorhynchos
Thick-billed/Pale-billed Flowerpecker;Pachyglossa agilis/Dicaeum erythrorhynchos
Nilgiri Flowerpecker;Dicaeum concolor
Pale-billed/Nilgiri Flowerpecker;Dicaeum erythrorhynchos/concolor
Plain Flowerpecker;Dicaeum minullum
Andaman Flowerpecker;Dicaeum virescens
Pygmy Flowerpecker;Dicaeum pygmaeum
Pygmy Flowerpecker (Fuga);Dicaeum pygmaeum fugaense
Pygmy Flowerpecker (Luzon);Dicaeum pygmaeum pygmaeum/salomonseni
Pygmy Flowerpecker (Palawan);Dicaeum pygmaeum palawanorum
Pygmy Flowerpecker (Mindanao);Dicaeum pygmaeum davao
Crimson-crowned Flowerpecker;Dicaeum nehrkorni
Halmahera Flowerpecker;Dicaeum schistaceiceps
Buru Flowerpecker;Dicaeum erythrothorax
Ashy Flowerpecker;Dicaeum vulneratum
Olive-crowned Flowerpecker;Dicaeum pectorale
Red-capped Flowerpecker;Dicaeum geelvinkianum
Louisiade Flowerpecker;Dicaeum nitidum
Red-banded Flowerpecker;Dicaeum eximium
Red-banded Flowerpecker (New Britain);Dicaeum eximium layardorum
Red-banded Flowerpecker (New Ireland);Dicaeum eximium eximium
Red-banded Flowerpecker (Dyaul);Dicaeum eximium phaeopygium
Midget Flowerpecker;Dicaeum aeneum
Mottled Flowerpecker;Dicaeum tristrami
Black-fronted Flowerpecker;Dicaeum igniferum
Red-chested Flowerpecker;Dicaeum maugei
Fire-breasted Flowerpecker;Dicaeum ignipectus
Fire-breasted Flowerpecker (Fire-breasted);Dicaeum ignipectus ignipectus/dolichorhynchum
Fire-breasted Flowerpecker (Taiwan);Dicaeum ignipectus formosum
Cambodian Flowerpecker;Dicaeum cambodianum
Fire-throated Flowerpecker;Dicaeum luzoniense
Sumatran Flowerpecker;Dicaeum beccarii
Black-sided Flowerpecker;Dicaeum monticolum
Meratus Flowerpecker (undescribed form);Dicaeum [undescribed Meratus form]
Gray-sided Flowerpecker;Dicaeum celebicum
Gray-sided Flowerpecker (Gray-sided);Dicaeum celebicum [celebicum Group]
Gray-sided Flowerpecker (Wakatobi);Dicaeum celebicum kuehni
Javan Flowerpecker;Dicaeum sanguinolentum
Flores Flowerpecker;Dicaeum rhodopygiale
Sumba Flowerpecker;Dicaeum wilhelminae
Timor Flowerpecker;Dicaeum hanieli
Pink-breasted Flowerpecker;Dicaeum keiense
Mistletoebird;Dicaeum hirundinaceum
Mistletoebird (Australian);Dicaeum hirundinaceum hirundinaceum
Mistletoebird (Aru);Dicaeum hirundinaceum ignicolle
Scarlet-backed Flowerpecker;Dicaeum cruentatum
Scarlet-headed Flowerpecker;Dicaeum trochileum
Pachyglossa/Dicaeum sp.;Pachyglossa/Dicaeum sp.
flowerpecker sp.;Dicaeidae sp.
Ruby-cheeked Sunbird;Chalcoparia singalensis
Fraser's Sunbird;Deleornis fraseri
Gray-headed Sunbird;Deleornis axillaris
Plain-backed Sunbird;Anthreptes reichenowi
Anchieta's Sunbird;Anthreptes anchietae
Plain Sunbird;Anthreptes simplex
Brown-throated Sunbird;Anthreptes malacensis
Gray-throated Sunbird;Anthreptes griseigularis
Brown-throated/Gray-throated Sunbird;Anthreptes malacensis/griseigularis
Red-throated Sunbird;Anthreptes rhodolaemus
Brown-throated/Red-throated Sunbird;Anthreptes malacensis/rhodolaemus
Mouse-brown Sunbird;Anthreptes gabonicus
Western Violet-backed Sunbird;Anthreptes longuemarei
Western Violet-backed Sunbird (Northern);Anthreptes longuemarei longuemarei/haussarum
Western Violet-backed Sunbird (Southern);Anthreptes longuemarei angolensis/nyassae
Eastern Violet-backed Sunbird;Anthreptes orientalis
Uluguru Violet-backed Sunbird;Anthreptes neglectus
Violet-tailed Sunbird;Anthreptes aurantius
Little Green Sunbird;Anthreptes seimundi
Yellow-chinned Sunbird;Anthreptes rectirostris
Gray-chinned Sunbird;Anthreptes tephrolaemus
Banded Sunbird;Anthreptes rubritorques
Mafwemiro Sunbird (undescribed form);Anthreptes [undescribed form]
Collared Sunbird;Hedydipna collaris
Pygmy Sunbird;Hedydipna platura
Nile Valley Sunbird;Hedydipna metallica
Amani Sunbird;Hedydipna pallidigaster
Reichenbach's Sunbird;Anabathmis reichenbachii
Principe Sunbird;Anabathmis hartlaubii
Newton's Sunbird;Anabathmis newtonii
Sao Tome Sunbird;Dreptes thomensis
Orange-breasted Sunbird;Anthobaphes violacea
Green-headed Sunbird;Cyanomitra verticalis
Green-headed Sunbird (Green-headed);Cyanomitra verticalis verticalis/viridisplendens
Green-headed Sunbird (Blue-headed);Cyanomitra verticalis cyanocephala/bohndorffi
Bannerman's Sunbird;Cyanomitra bannermani
Blue-throated Brown Sunbird;Cyanomitra cyanolaema
Cameroon Sunbird;Cyanomitra oritis
Cameroon Sunbird (Green-headed);Cyanomitra oritis bansoensis
Cameroon Sunbird (Bioko);Cyanomitra oritis poensis
Cameroon Sunbird (Blue-headed);Cyanomitra oritis oritis
Blue-headed Sunbird;Cyanomitra alinae
Olive Sunbird;Cyanomitra olivacea
Mouse-colored Sunbird;Cyanomitra veroxii
Buff-throated Sunbird;Chalcomitra adelberti
Carmelite Sunbird;Chalcomitra fuliginosa
Green-throated Sunbird;Chalcomitra rubescens
Amethyst Sunbird;Chalcomitra amethystina
Scarlet-chested Sunbird;Chalcomitra senegalensis
Hunter's Sunbird;Chalcomitra hunteri
Socotra Sunbird;Chalcomitra balfouri
Purple-rumped Sunbird;Leptocoma zeylonica
Crimson-backed Sunbird;Leptocoma minima
Purple-rumped Sunbird/Crimson-backed Sunbird;Leptocoma zeylonica/minima
Van Hasselt's Sunbird;Leptocoma brasiliana
Purple-throated Sunbird;Leptocoma sperata
Purple-throated Sunbird (Purple-throated);Leptocoma sperata [sperata Group]
Purple-throated Sunbird (Orange-lined);Leptocoma sperata juliae
Black Sunbird;Leptocoma aspasia
Black Sunbird (Sangihe);Leptocoma aspasia talautensis/sangirensis
Black Sunbird (North Sulawesi);Leptocoma aspasia grayi
Black Sunbird (South Sulawesi);Leptocoma aspasia porphyrolaema
Black Sunbird (Menui);Leptocoma aspasia [undescribed form]
Black Sunbird (Moluccan);Leptocoma aspasia [aspasioides Group]
Black Sunbird (Kai);Leptocoma aspasia chlorolaema
Black Sunbird (Papuan);Leptocoma aspasia [aspasia Group]
Black Sunbird (Bismarck);Leptocoma aspasia [corinna Group]
Copper-throated Sunbird;Leptocoma calcostetha
Bocage's Sunbird;Nectarinia bocagii
Purple-breasted Sunbird;Nectarinia purpureiventris
Tacazze Sunbird;Nectarinia tacazze
Bronze Sunbird;Nectarinia kilimensis
Malachite Sunbird;Nectarinia famosa
Red-tufted Sunbird;Nectarinia johnstoni
Golden-winged Sunbird;Drepanorhynchus reichenowi
Olive-bellied Sunbird;Cinnyris chloropygius
Tiny Sunbird;Cinnyris minullus
Western Miombo Sunbird;Cinnyris gertrudis
Eastern Miombo Sunbird;Cinnyris manoensis
Western/Eastern Miombo Sunbird;Cinnyris gertrudis/manoensis
Southern Double-collared Sunbird;Cinnyris chalybeus
Neergaard's Sunbird;Cinnyris neergaardi
Stuhlmann's Sunbird;Cinnyris stuhlmanni
Prigogine's Sunbird;Cinnyris prigoginei
Montane Double-collared Sunbird;Cinnyris ludovicensis
Montane Double-collared Sunbird (Western);Cinnyris ludovicensis ludovicensis
Montane Double-collared Sunbird (Eastern);Cinnyris ludovicensis whytei/skye
Northern Double-collared Sunbird;Cinnyris reichenowi
Northern Double-collared Sunbird (Western);Cinnyris reichenowi preussi
Northern Double-collared Sunbird (Eastern);Cinnyris reichenowi reichenowi
Greater Double-collared Sunbird;Cinnyris afer
Regal Sunbird;Cinnyris regius
Rockefeller's Sunbird;Cinnyris rockefelleri
Eastern Double-collared Sunbird;Cinnyris mediocris
Usambara Double-collared Sunbird;Cinnyris usambaricus
Forest Double-collared Sunbird;Cinnyris fuelleborni
Moreau's Sunbird;Cinnyris moreaui
Loveridge's Sunbird;Cinnyris loveridgei
Beautiful Sunbird;Cinnyris pulchellus
Gorgeous Sunbird;Cinnyris melanogastrus
Beautiful x Gorgeous Sunbird (hybrid);Cinnyris pulchellus x melanogastrus
Marico Sunbird;Cinnyris mariquensis
Shelley's Sunbird;Cinnyris shelleyi
Shelley's Sunbird (Shelley's);Cinnyris shelleyi shelleyi
Shelley's Sunbird (Hofmann's);Cinnyris shelleyi hofmanni
Congo Sunbird;Cinnyris congensis
Red-chested Sunbird;Cinnyris erythrocercus
Black-bellied Sunbird;Cinnyris nectarinioides
Purple-banded Sunbird;Cinnyris bifasciatus
Tsavo Sunbird;Cinnyris tsavoensis
Violet-breasted Sunbird;Cinnyris chalcomelas
Pemba Sunbird;Cinnyris pembae
Orange-tufted Sunbird;Cinnyris bouvieri
Palestine Sunbird;Cinnyris osea
Palestine Sunbird (Decorse's);Cinnyris osea decorsei
Palestine Sunbird (Palestine);Cinnyris osea osea
Abyssinian Sunbird;Cinnyris habessinicus
Arabian Sunbird;Cinnyris hellmayri
Splendid Sunbird;Cinnyris coccinigastrus
Johanna's Sunbird;Cinnyris johannae
Superb Sunbird;Cinnyris superbus
Rufous-winged Sunbird;Cinnyris rufipennis
Oustalet's Sunbird;Cinnyris oustaleti
Oustalet's Sunbird (Angola);Cinnyris oustaleti oustaleti
Oustalet's Sunbird (Eastern);Cinnyris oustaleti rhodesiae
White-bellied Sunbird;Cinnyris talatala
Variable Sunbird;Cinnyris venustus
Variable Sunbird (Yellow-bellied);Cinnyris venustus [venustus Group]
Variable Sunbird (Orange-chested);Cinnyris venustus igneiventris
Variable Sunbird (White-bellied);Cinnyris venustus albiventris
Dusky Sunbird;Cinnyris fuscus
Ursula's Sunbird;Cinnyris ursulae
Bates's Sunbird;Cinnyris batesi
Copper Sunbird;Cinnyris cupreus
Purple Sunbird;Cinnyris asiaticus
Ornate Sunbird;Cinnyris ornatus
Ornate Sunbird (Ornate);Cinnyris ornatus [ornatus Group]
Ornate Sunbird (Cream-bellied);Cinnyris ornatus rhizophorae
Tukangbesi Sunbird;Cinnyris infrenatus
Sahul Sunbird;Cinnyris frenatus
Garden Sunbird;Cinnyris jugularis
Palawan Sunbird;Cinnyris aurora
South Moluccan Sunbird;Cinnyris clementiae
Flores Sea Sunbird;Cinnyris teysmanni
Mamberamo Sunbird;Cinnyris idenburgi
Apricot-breasted Sunbird;Cinnyris buettikoferi
Flame-breasted Sunbird;Cinnyris solaris
Souimanga Sunbird;Cinnyris sovimanga
Souimanga Sunbird (Sooty-bellied);Cinnyris sovimanga aldabrensis
Souimanga Sunbird (Yellow-bellied);Cinnyris sovimanga sovimanga
Souimanga Sunbird (White-bellied);Cinnyris sovimanga apolis
Souimanga Sunbird (Abbott's);Cinnyris sovimanga abbotti/buchenorum
Malagasy Sunbird;Cinnyris notatus
Malagasy Sunbird (Grande Comore);Cinnyris notatus moebii
Malagasy Sunbird (Moheli);Cinnyris notatus voeltzkowi
Malagasy Sunbird (Long-billed);Cinnyris notatus notatus
Seychelles Sunbird;Cinnyris dussumieri
Humblot's Sunbird;Cinnyris humbloti
Anjouan Sunbird;Cinnyris comorensis
Mayotte Sunbird;Cinnyris coquerellii
Loten's Sunbird;Cinnyris lotenius
Purple/Loten's Sunbird;Cinnyris asiaticus/lotenius
Cinnyris sp.;Cinnyris sp.
Elegant Sunbird;Aethopyga duyvenbodei
Fire-tailed Sunbird;Aethopyga ignicauda
Black-throated Sunbird;Aethopyga saturata
Black-throated Sunbird (Black-throated);Aethopyga saturata [saturata Group]
Black-throated Sunbird (Dalat);Aethopyga saturata johnsi
Mrs. Gould's Sunbird;Aethopyga gouldiae
Mrs. Gould's Sunbird (Yellow-breasted);Aethopyga gouldiae gouldiae/isolata
Mrs. Gould's Sunbird (Scarlet-breasted);Aethopyga gouldiae dabryii
Mrs. Gould's Sunbird (Purple-rumped);Aethopyga gouldiae annamensis
Green-tailed Sunbird;Aethopyga nipalensis
Green-tailed Sunbird (Green-tailed);Aethopyga nipalensis [nipalensis Group]
Green-tailed Sunbird (Doi Inthanon);Aethopyga nipalensis angkanensis
Lovely Sunbird;Aethopyga shelleyi
Temminck's Sunbird;Aethopyga temminckii
Javan Sunbird;Aethopyga mystacalis
Vigors's Sunbird;Aethopyga vigorsii
Crimson Sunbird;Aethopyga siparaja
Crimson Sunbird (Goulpourah);Aethopyga siparaja [seheriae Group]
Crimson Sunbird (Crimson);Aethopyga siparaja [siparaja Group]
Crimson Sunbird (Sulawesi);Aethopyga siparaja flavostriata/beccarii
Temminck's/Crimson Sunbird;Aethopyga temminckii/siparaja
Magnificent Sunbird;Aethopyga magnifica
Fork-tailed Sunbird;Aethopyga christinae
Fork-tailed Sunbird (Fork-tailed);Aethopyga christinae latouchii/sokolovi
Fork-tailed Sunbird (Hainan);Aethopyga christinae christinae
Handsome Sunbird;Aethopyga bella
White-flanked Sunbird;Aethopyga eximia
Flaming Sunbird;Aethopyga flagrans
Maroon-naped Sunbird;Aethopyga guimarasensis
Metallic-winged Sunbird;Aethopyga pulcherrima
Metallic-winged Sunbird (Luzon);Aethopyga pulcherrima jefferyi
Metallic-winged Sunbird (Bohol);Aethopyga pulcherrima decorosa
Metallic-winged Sunbird (Southern);Aethopyga pulcherrima pulcherrima
Lina's Sunbird;Aethopyga linaraborae
Gray-hooded Sunbird;Aethopyga primigenia
Apo Sunbird;Aethopyga boltoni
Tboli Sunbird;Aethopyga tibolii
Aethopyga sp.;Aethopyga sp.
sunbird sp.;Nectariniidae sp. (sunbird sp.)
Purple-naped Spiderhunter;Kurochkinegramma hypogrammicum
Thick-billed Spiderhunter;Arachnothera crassirostris
Long-billed Spiderhunter;Arachnothera robusta
Orange-tufted Spiderhunter;Arachnothera flammifera
Pale Spiderhunter;Arachnothera dilutior
Little Spiderhunter;Arachnothera longirostra
Whitehead's Spiderhunter;Arachnothera juliae
Naked-faced Spiderhunter;Arachnothera clarae
Yellow-eared Spiderhunter;Arachnothera chrysogenys
Spectacled Spiderhunter;Arachnothera flavigaster
Streaked Spiderhunter;Arachnothera magna
Streaky-breasted Spiderhunter;Arachnothera affinis
Gray-breasted Spiderhunter;Arachnothera modesta
Bornean Spiderhunter;Arachnothera everetti
spiderhunter sp.;Arachnothera sp.
Asian Fairy-bluebird;Irena puella
Palawan Fairy-bluebird;Irena tweeddalii
Philippine Fairy-bluebird;Irena cyanogastra
Philippine Fairy-bluebird (cyanogastra);Irena cyanogastra cyanogastra
Philippine Fairy-bluebird (ellae);Irena cyanogastra ellae
Philippine Fairy-bluebird (melanochlamys/hoogstraali);Irena cyanogastra melanochlamys/hoogstraali
Philippine Leafbird;Chloropsis flavipennis
Yellow-throated Leafbird;Chloropsis palawanensis
Greater Green Leafbird;Chloropsis sonnerati
Lesser Green Leafbird;Chloropsis cyanopogon
Greater/Lesser Green Leafbird;Chloropsis sonnerati/cyanopogon
Blue-winged Leafbird;Chloropsis moluccensis
Javan Leafbird;Chloropsis cochinchinensis
Bornean Leafbird;Chloropsis kinabaluensis
Jerdon's Leafbird;Chloropsis jerdoni
Golden-fronted Leafbird;Chloropsis aurifrons
Jerdon's/Golden-fronted Leafbird;Chloropsis jerdoni/aurifrons
Sumatran Leafbird;Chloropsis media
Orange-bellied Leafbird;Chloropsis hardwickii
Orange-bellied Leafbird (Orange-bellied);Chloropsis hardwickii hardwickii/malayana
Orange-bellied Leafbird (Grayish-crowned);Chloropsis hardwickii lazulina/melliana
Blue-masked Leafbird;Chloropsis venusta
leafbird sp.;Chloropsis sp.
Olive Warbler;Peucedramus taeniatus
Przevalski's Pinktail;Urocynchramus pylzowi
White-billed Buffalo-Weaver;Bubalornis albirostris
Red-billed Buffalo-Weaver;Bubalornis niger
White-headed Buffalo-Weaver;Dinemellia dinemelli
Speckle-fronted Weaver;Sporopipes frontalis
Scaly Weaver;Sporopipes squamifrons
White-browed Sparrow-Weaver;Plocepasser mahali
White-browed Sparrow-Weaver (Black-billed);Plocepasser mahali melanorhynchus
White-browed Sparrow-Weaver (White-tailed);Plocepasser mahali ansorgei
White-browed Sparrow-Weaver (Spot-chested);Plocepasser mahali pectoralis
White-browed Sparrow-Weaver (White-breasted);Plocepasser mahali mahali
Chestnut-crowned Sparrow-Weaver;Plocepasser superciliosus
Chestnut-backed Sparrow-Weaver;Plocepasser rufoscapulatus
Donaldson Smith's Sparrow-Weaver;Plocepasser donaldsoni
Rufous-tailed Weaver;Histurgops ruficauda
Gray-capped Social-Weaver;Pseudonigrita arnaudi
Black-capped Social-Weaver;Pseudonigrita cabanisi
Sociable Weaver;Philetairus socius
Red-crowned Malimbe;Malimbus coronatus
Black-throated Malimbe;Malimbus cassini
Gola Malimbe;Malimbus ballmanni
Rachel's Malimbe;Malimbus racheliae
Red-vented Malimbe;Malimbus scutatus
Ibadan Malimbe;Malimbus ibadanensis
Red-bellied Malimbe;Malimbus erythrogaster
Blue-billed Malimbe;Malimbus nitens
Crested Malimbe;Malimbus malimbicus
Red-headed Malimbe;Malimbus rubricollis
malimbe sp.;Malimbus sp.
Red-headed Weaver;Anaplectes rubriceps
Red-headed Weaver (Northern);Anaplectes rubriceps leuconotos
Red-headed Weaver (Southern);Anaplectes rubriceps rubriceps
Red Weaver;Anaplectes jubaensis
Yellow-legged Weaver;Ploceus flavipes
Bertram's Weaver;Ploceus bertrandi
Baglafecht Weaver;Ploceus baglafecht
Baglafecht Weaver (Baglafecht);Ploceus baglafecht [baglafecht Group]
Baglafecht Weaver (Emin's);Ploceus baglafecht emini
Baglafecht Weaver (Reichenow's);Ploceus baglafecht reichenowi
Baglafecht Weaver (Stuhlmann's);Ploceus baglafecht [stuhlmanni Group]
Black-chinned Weaver;Ploceus nigrimentus
Bannerman's Weaver;Ploceus bannermani
Baglafecht/Bannerman's Weaver;Ploceus baglafecht/bannermani
Bates's Weaver;Ploceus batesi
Little Weaver;Ploceus luteolus
Slender-billed Weaver;Ploceus pelzelni
Loango Weaver;Ploceus subpersonatus
Olive-naped Weaver;Ploceus brachypterus
Black-necked Weaver;Ploceus nigricollis
Olive-naped x Black-necked Weaver (hybrid);Ploceus brachypterus x nigricollis
Olive-naped/Black-necked Weaver;Ploceus brachypterus/nigricollis
Spectacled Weaver;Ploceus ocularis
Spectacled Weaver (Yellow-throated);Ploceus ocularis crocatus
Spectacled Weaver (Black-throated);Ploceus ocularis ocularis/suahelicus
Black-necked/Spectacled Weaver;Ploceus nigricollis/ocularis
Black-billed Weaver;Ploceus melanogaster
Black-billed Weaver (Western);Ploceus melanogaster melanogaster
Black-billed Weaver (Eastern);Ploceus melanogaster stephanophorus
Strange Weaver;Ploceus alienus
Cape Weaver;Ploceus capensis
Bocage's Weaver;Ploceus temporalis
African Golden-Weaver;Ploceus subaureus
Holub's Golden-Weaver;Ploceus xanthops
Orange Weaver;Ploceus aurantius
Golden Palm Weaver;Ploceus bojeri
Taveta Golden-Weaver;Ploceus castaneiceps
Principe Golden-Weaver;Ploceus princeps
Southern Brown-throated Weaver;Ploceus xanthopterus
Northern Brown-throated Weaver;Ploceus castanops
Kilombero Weaver;Ploceus burnieri
Ruvu Weaver;Ploceus holoxanthus
African Golden-Weaver/Ruvu Weaver;Ploceus subaureus/holoxanthus
Northern Masked-Weaver;Ploceus taeniopterus
Lesser Masked-Weaver;Ploceus intermedius
Southern Masked-Weaver;Ploceus velatus
Vitelline Masked-Weaver;Ploceus vitellinus
Tanganyika Masked-Weaver;Ploceus reichardi
Katanga Masked-Weaver;Ploceus katangae
Katanga Masked-Weaver (Upemba);Ploceus katangae upembae
Katanga Masked-Weaver (Katanga);Ploceus katangae katangae
Lake Lufira Masked-Weaver;Ploceus ruweti
Heuglin's Masked-Weaver;Ploceus heuglini
Rüppell's Weaver;Ploceus galbula
Speke's Weaver;Ploceus spekei
Fox's Weaver;Ploceus spekeoides
Chestnut-and-black Weaver;Ploceus castaneofuscus
Vieillot's Black Weaver;Ploceus nigerrimus
Chestnut-and-black/Vieillot's Black Weaver;Ploceus castaneofuscus/nigerrimus
Village Weaver;Ploceus cucullatus
Village Weaver (Mottled);Ploceus cucullatus collaris
Village Weaver (Black-headed);Ploceus cucullatus [cucullatus Group]
Village Weaver (Layard's);Ploceus cucullatus nigriceps/graueri
Village Weaver (Spot-backed);Ploceus cucullatus spilonotus
Giant Weaver;Ploceus grandis
Weyns's Weaver;Ploceus weynsi
Kilifi Weaver;Ploceus golandi
Juba Weaver;Ploceus dichrocephalus
Black-headed Weaver;Ploceus melanocephalus
Golden-backed Weaver;Ploceus jacksoni
Chestnut Weaver;Ploceus rubiginosus
Chestnut Weaver (Benguela);Ploceus rubiginosus trothae
Chestnut Weaver (Chestnut);Ploceus rubiginosus rubiginosus
Cinnamon Weaver;Ploceus badius
Golden-naped Weaver;Ploceus aureonucha
Yellow-mantled Weaver;Ploceus tricolor
Maxwell's Black Weaver;Ploceus albinucha
Maxwell's Black Weaver (White-naped);Ploceus albinucha albinucha
Maxwell's Black Weaver (Maxwell's);Ploceus albinucha maxwelli/holomelas
Dark-backed Weaver;Ploceus bicolor
Brown-capped Weaver;Ploceus insignis
Yellow-capped Weaver;Ploceus dorsomaculatus
Preuss's Weaver;Ploceus preussi
Olive-headed Weaver;Ploceus olivaceiceps
Usambara Weaver;Ploceus nicolli
Bar-winged Weaver;Ploceus angolensis
Sao Tome Weaver;Ploceus sanctithomae
Nelicourvi Weaver;Ploceus nelicourvi
Sakalava Weaver;Ploceus sakalava
Streaked Weaver;Ploceus manyar
Baya Weaver;Ploceus philippinus
Asian Golden Weaver;Ploceus hypoxanthus
Finn's Weaver;Ploceus megarhynchus
Baya/Finn's Weaver;Ploceus philippinus/megarhynchus
Black-breasted Weaver;Ploceus benghalensis
Streaked/Black-breasted Weaver;Ploceus manyar/benghalensis
Ploceus sp.;Ploceus sp.
Compact Weaver;Pachyphantes superciliosus
Cardinal Quelea;Quelea cardinalis
Red-headed Quelea;Quelea erythrops
Red-billed Quelea;Quelea quelea
quelea sp.;Quelea sp.
Bob-tailed Weaver;Brachycope anomala
Red Fody;Foudia madagascariensis
Aldabra Fody;Foudia aldabrana
Red-headed Fody;Foudia eminentissima
Red-headed Fody (Grande Comore);Foudia eminentissima consobrina
Red-headed Fody (Southern Comoros);Foudia eminentissima [eminentissima Group]
Forest Fody;Foudia omissa
Red/Forest Fody;Foudia madagascariensis/omissa
Reunion Fody;Foudia delloni
Mauritius Fody;Foudia rubra
Seychelles Fody;Foudia sechellarum
Rodrigues Fody;Foudia flavicans
Northern Red Bishop;Euplectes franciscanus
Southern Red Bishop;Euplectes orix
Zanzibar Red Bishop;Euplectes nigroventris
Black-winged Bishop;Euplectes hordeaceus
Black Bishop;Euplectes gierowii
Yellow-crowned Bishop;Euplectes afer
Fire-fronted Bishop;Euplectes diadematus
Golden-backed Bishop;Euplectes aureus
Yellow Bishop;Euplectes capensis
Yellow Bishop (Montane);Euplectes capensis phoenicomerus
Yellow Bishop (Ethiopian);Euplectes capensis xanthomelas
Yellow Bishop (Yellow);Euplectes capensis [capensis Group]
bishop sp.;Euplectes sp. (bishop sp.)
White-winged Widowbird;Euplectes albonotatus
Yellow-mantled Widowbird;Euplectes macroura
Yellow-mantled Widowbird (Yellow-shouldered);Euplectes macroura macrocercus
Yellow-mantled Widowbird (Yellow-mantled);Euplectes macroura macroura/conradsi
Red-cowled Widowbird;Euplectes laticauda
Red-collared Widowbird;Euplectes ardens
Red-cowled/Red-collared Widowbird;Euplectes laticauda/ardens
Fan-tailed Widowbird;Euplectes axillaris
Marsh Widowbird;Euplectes hartlaubi
Buff-shouldered Widowbird;Euplectes psammacromius
Long-tailed Widowbird;Euplectes progne
Jackson's Widowbird;Euplectes jacksoni
widowbird sp.;Euplectes sp. (widowbird sp.)
Euplectes sp.;Euplectes sp.
Grosbeak Weaver;Amblyospiza albifrons
Pictorella Munia;Heteromunia pectoralis
Mountain Firetail;Oreostruthus fuliginosus
Diamond Firetail;Stagonopleura guttata
Red-eared Firetail;Stagonopleura oculata
Beautiful Firetail;Stagonopleura bella
Crimson Finch;Neochmia phaeton
Crimson Finch (White-bellied);Neochmia phaeton evangelinae
Crimson Finch (Black-bellied);Neochmia phaeton phaeton
Red-browed Firetail;Neochmia temporalis
Red-browed Firetail (Black-vented);Neochmia temporalis minor
Red-browed Firetail (Gray-vented);Neochmia temporalis temporalis
Painted Firetail;Emblema pictum
Star Finch;Emblema ruficauda
Plum-headed Finch;Emblema modestum
Double-barred Finch;Stizoptera bichenovii
Double-barred Finch (Black-rumped);Stizoptera bichenovii annulosa
Double-barred Finch (White-rumped);Stizoptera bichenovii bichenovii
Zebra Finch;Taeniopygia guttata
Zebra Finch (Lesser Sundas);Taeniopygia guttata guttata
Zebra Finch (Australian);Taeniopygia guttata castanotis
Zebra Finch (Domestic type);Taeniopygia guttata (Domestic type)
Double-barred x Zebra Finch (hybrid);Stizoptera bichenovii x Taeniopygia guttata
Masked Finch;Poephila personata
Masked Finch (Masked);Poephila personata personata
Masked Finch (White-eared);Poephila personata leucotis
Long-tailed Finch;Poephila acuticauda
Long-tailed Finch (Yellow-billed);Poephila acuticauda acuticauda
Long-tailed Finch (Red-billed);Poephila acuticauda hecki
Black-throated Finch;Poephila cincta
Black-throated Finch (Black-rumped);Poephila cincta atropygialis
Black-throated Finch (White-rumped);Poephila cincta cincta
Gray-headed Silverbill;Spermestes griseicapilla
Bronze Mannikin;Spermestes cucullata
Magpie Mannikin;Spermestes fringilloides
Black-and-white Mannikin;Spermestes bicolor
Black-and-white Mannikin (Black-and-white);Spermestes bicolor bicolor/poensis
Black-and-white Mannikin (Red-backed);Spermestes bicolor nigriceps/woltersi
Madagascar Munia;Lepidopygia nana
African Silverbill;Euodice cantans
Indian Silverbill;Euodice malabarica
Java Sparrow;Padda oryzivora
Timor Sparrow;Padda fuscata
Streak-headed Munia;Mayrimunia tristissima
White-spotted Munia;Mayrimunia leucosticta
Streak-headed x White-spotted Munia (hybrid);Mayrimunia tristissima x leucosticta
Streak-headed/White-spotted Munia;Mayrimunia tristissima/leucosticta
Scaly-breasted Munia;Lonchura punctulata
Scaly-breasted Munia (Checkered);Lonchura punctulata punctulata
Scaly-breasted Munia (Scaled);Lonchura punctulata [nisoria Group]
Black-throated Munia;Lonchura kelaarti
Black-faced Munia;Lonchura molucca
White-rumped Munia;Lonchura striata
White-rumped Munia (Domestic type);Lonchura striata (Domestic type)
Scaly-breasted x White-rumped Munia (hybrid);Lonchura punctulata x striata
Dusky Munia;Lonchura fuscans
White-bellied Munia;Lonchura leucogastra
Javan Munia;Lonchura leucogastroides
Tricolored Munia;Lonchura malacca
Tricolored Munia (Pale-flanked);Lonchura malacca (Pale-flanked)
Tricolored Munia (Cinnamon-flanked);Lonchura malacca (Cinnamon-flanked)
Chestnut Munia;Lonchura atricapilla
Chestnut Munia (Chestnut);Lonchura atricapilla [atricapilla Group]
Chestnut Munia (formosana);Lonchura atricapilla formosana
Scaly-breasted x Chestnut Munia (hybrid);Lonchura punctulata x atricapilla
Tricolored x Chestnut Munia (hybrid);Lonchura malacca x atricapilla
Tricolored/Chestnut Munia;Lonchura malacca/atricapilla
White-capped Munia;Lonchura ferruginosa
White-headed Munia;Lonchura maja
Pale-headed Munia;Lonchura pallida
Grand Munia;Lonchura grandis
Black-breasted Munia;Lonchura teerinki
Snow Mountain Munia;Lonchura montana
Alpine Munia;Lonchura monticola
Gray-banded Munia;Lonchura vana
Gray-crowned Munia;Lonchura nevermanni
Gray-headed Munia;Lonchura caniceps
Hooded Munia;Lonchura spectabilis
New Ireland Munia;Lonchura forbesi
Mottled Munia;Lonchura hunsteini
New Hanover Munia;Lonchura nigerrima
Yellow-rumped Munia;Lonchura flaviprymna
Five-colored Munia;Lonchura quinticolor
Chestnut-breasted Munia;Lonchura castaneothorax
Gray-headed x Chestnut-breasted Munia (hybrid);Lonchura caniceps x castaneothorax
Yellow-rumped x Chestnut-breasted Munia (hybrid);Lonchura flaviprymna x castaneothorax
Black Munia;Lonchura stygia
Bismarck Munia;Lonchura melaena
Lonchura sp.;Lonchura sp.
Gouldian Finch;Chloebia gouldiae
Pin-tailed Parrotfinch;Erythrura prasina
Green-faced Parrotfinch;Erythrura viridifacies
Tawny-breasted Parrotfinch;Erythrura hyperythra
Red-throated Parrotfinch;Erythrura psittacea
Fiji Parrotfinch;Erythrura pealii
Royal Parrotfinch;Erythrura cyaneovirens
Royal Parrotfinch (Vanuatu);Erythrura cyaneovirens [regia Group]
Royal Parrotfinch (Samoan);Erythrura cyaneovirens cyaneovirens/gaughrani
Pink-billed Parrotfinch;Erythrura kleinschmidti
Tricolored Parrotfinch;Erythrura tricolor
Red-eared Parrotfinch;Erythrura coloria
Papuan Parrotfinch;Erythrura papuana
Blue-faced Parrotfinch;Erythrura trichroa
Papuan/Blue-faced Parrotfinch;Erythrura papuana/trichroa
Mount Mutis Parrotfinch (undescribed form);Erythrura [undescribed form]
parrotfinch sp.;Erythrura sp.
Shelley's Oliveback;Nesocharis shelleyi
White-collared Oliveback;Nesocharis ansorgei
Yellow-bellied Waxbill;Coccopygia quartinia
Angola Waxbill;Coccopygia bocagei
Swee Waxbill;Coccopygia melanotis
Green-backed Twinspot;Mandingoa nitidula
Green-backed Twinspot (Orange-breasted);Mandingoa nitidula schlegeli/virginiae
Green-backed Twinspot (Green-breasted);Mandingoa nitidula nitidula/chubbi
Shelley's Crimsonwing;Cryptospiza shelleyi
Dusky Crimsonwing;Cryptospiza jacksoni
Abyssinian Crimsonwing;Cryptospiza salvadorii
Red-faced Crimsonwing;Cryptospiza reichenovii
Red-faced Crimsonwing (Western);Cryptospiza reichenovii reichenovii
Red-faced Crimsonwing (Eastern);Cryptospiza reichenovii australis/ocularis
Red-fronted Antpecker;Parmoptila rubrifrons
Woodhouse's Antpecker;Parmoptila woodhousei
Jameson's Antpecker;Parmoptila jamesoni
White-breasted Nigrita;Nigrita fusconotus
Chestnut-breasted Nigrita;Nigrita bicolor
Gray-headed Nigrita;Nigrita canicapillus
Pale-fronted Nigrita;Nigrita luteifrons
nigrita sp.;Nigrita sp.
Gray-headed Oliveback;Delacourella capistrata
Black-faced Waxbill;Brunhilda erythronotos
Black-cheeked Waxbill;Brunhilda charmosyna
Lavender Waxbill;Glaucestrilda caerulescens
Black-tailed Waxbill;Glaucestrilda perreini
Cinderella Waxbill;Glaucestrilda thomensis
Black-crowned Waxbill;Estrilda nonnula
Black-headed Waxbill;Estrilda atricapilla
Kandt's Waxbill;Estrilda kandti
Orange-cheeked Waxbill;Estrilda melpoda
Anambra Waxbill;Estrilda poliopareia
Fawn-breasted Waxbill;Estrilda paludicola
Fawn-breasted Waxbill (Abyssinian);Estrilda paludicola ochrogaster
Fawn-breasted Waxbill (Fawn-breasted);Estrilda paludicola [paludicola Group]
Fawn-breasted Waxbill (benguellensis);Estrilda paludicola benguellensis
Common Waxbill;Estrilda astrild
Black-lored Waxbill;Estrilda nigriloris
Black-rumped Waxbill;Estrilda troglodytes
Crimson-rumped Waxbill;Estrilda rhodopyga
Arabian Waxbill;Estrilda rufibarba
waxbill sp.;Estrilda sp.
Quailfinch;Ortygospiza atricollis
Quailfinch (Black-faced);Ortygospiza atricollis [atricollis Group]
Quailfinch (Spectacled);Ortygospiza atricollis [fuscocrissa Group]
Quailfinch (Black-chinned);Ortygospiza atricollis [gabonensis Group]
Locustfinch;Paludipasser locustella
Cut-throat;Amadina fasciata
Red-headed Finch;Amadina erythrocephala
Cut-throat x Red-headed Finch (hybrid);Amadina fasciata x erythrocephala
Green Avadavat;Amandava formosa
Zebra Waxbill;Amandava subflava
Red Avadavat;Amandava amandava
Red Avadavat (Red-bellied);Amandava amandava amandava/punicea
Red Avadavat (Yellow-bellied);Amandava amandava flavidiventris
Purple Grenadier;Granatina ianthinogaster
Violet-eared Waxbill;Granatina granatina
Southern Cordonbleu;Uraeginthus angolensis
Red-cheeked Cordonbleu;Uraeginthus bengalus
Blue-capped Cordonbleu;Uraeginthus cyanocephalus
cordonbleu sp.;Uraeginthus sp.
Grant's Bluebill;Spermophaga poliogenys
Western Bluebill;Spermophaga haematina
Western Bluebill (Western);Spermophaga haematina haematina/togoensis
Western Bluebill (Red-rumped);Spermophaga haematina pustulata
Red-headed Bluebill;Spermophaga ruficapilla
Grant's/Red-headed Bluebill;Spermophaga poliogenys/ruficapilla
Lesser Seedcracker;Pyrenestes minor
Crimson Seedcracker;Pyrenestes sanguineus
Black-bellied Seedcracker;Pyrenestes ostrinus
Crimson/Black-bellied Seedcracker;Pyrenestes sanguineus/ostrinus
Green-winged Pytilia;Pytilia melba
Orange-winged Pytilia;Pytilia afra
Red-winged Pytilia;Pytilia phoenicoptera
Red-billed Pytilia;Pytilia lineata
Red-faced Pytilia;Pytilia hypogrammica
pytilia sp.;Pytilia sp.
Dybowski's Twinspot;Euschistospiza dybowskii
Dusky Twinspot;Euschistospiza cinereovinacea
Dusky Twinspot (Angola);Euschistospiza cinereovinacea cinereovinacea
Dusky Twinspot (Grauer's);Euschistospiza cinereovinacea graueri
Red-throated Twinspot;Hypargos niveoguttatus
Pink-throated Twinspot;Hypargos margaritatus
Brown Twinspot;Clytospiza monteiri
Red-billed Firefinch;Lagonosticta senegala
African Firefinch;Lagonosticta rubricata
Jameson's Firefinch;Lagonosticta rhodopareia
Mali Firefinch;Lagonosticta virata
Rock Firefinch;Lagonosticta sanguinodorsalis
Chad Firefinch;Lagonosticta umbrinodorsalis
Black-bellied Firefinch;Lagonosticta rara
Bar-breasted Firefinch;Lagonosticta rufopicta
Brown Firefinch;Lagonosticta nitidula
Black-faced Firefinch;Lagonosticta larvata
Black-faced Firefinch (Vinaceous);Lagonosticta larvata vinacea
Black-faced Firefinch (Gray);Lagonosticta larvata nigricollis
Black-faced Firefinch (Reddish);Lagonosticta larvata larvata
firefinch sp.;Lagonosticta sp.
estrildid finch sp.;Estrildidae sp.
Pin-tailed Whydah;Vidua macroura
Sahel Paradise-Whydah;Vidua orientalis
Exclamatory Paradise-Whydah;Vidua interjecta
Togo Paradise-Whydah;Vidua togoensis
Broad-tailed Paradise-Whydah;Vidua obtusa
Eastern Paradise-Whydah;Vidua paradisaea
Steel-blue Whydah;Vidua hypocherina
Straw-tailed Whydah;Vidua fischeri
Shaft-tailed Whydah;Vidua regia
Village Indigobird;Vidua chalybeata
Wilson's Indigobird;Vidua wilsoni
Quailfinch Indigobird;Vidua nigeriae
Jos Plateau Indigobird;Vidua maryae
Jambandu Indigobird;Vidua raricola
Barka Indigobird;Vidua larvaticola
Cameroon Indigobird;Vidua camerunensis
Dusky Indigobird;Vidua funerea
Purple Indigobird;Vidua purpurascens
Green Indigobird;Vidua codringtoni
paradise-whydah sp.;Vidua sp. (paradise-whydah sp.)
whydah sp.;Vidua sp. (whydah sp.)
indigobird sp.;Vidua sp. (indigobird sp.)
Vidua sp.;Vidua sp.
Parasitic Weaver;Anomalospiza imberbis
Alpine Accentor;Prunella collaris
Altai Accentor;Prunella himalayana
Robin Accentor;Prunella rubeculoides
Rufous-breasted Accentor;Prunella strophiata
Siberian Accentor;Prunella montanella
Radde's Accentor;Prunella ocularis
Radde's Accentor (Radde's);Prunella ocularis ocularis
Radde's Accentor (Yemen);Prunella ocularis fagani
Brown Accentor;Prunella fulvescens
Black-throated Accentor;Prunella atrogularis
Mongolian Accentor;Prunella koslowi
Dunnock;Prunella modularis
Japanese Accentor;Prunella rubida
Maroon-backed Accentor;Prunella immaculata
accentor sp.;Prunella sp.
Cinnamon Ibon;Hypocryptadius cinnamomeus
Saxaul Sparrow;Passer ammodendri
House Sparrow;Passer domesticus
House Sparrow (Gray-cheeked);Passer domesticus [domesticus Group]
House Sparrow (Indian);Passer domesticus [indicus Group]
Italian Sparrow;Passer italiae
House x Italian Sparrow (hybrid);Passer domesticus x italiae
House/Italian Sparrow;Passer domesticus/italiae
Spanish Sparrow;Passer hispaniolensis
House x Spanish Sparrow (hybrid);Passer domesticus x hispaniolensis
Italian x Spanish Sparrow (hybrid);Passer italiae x hispaniolensis
House/Spanish Sparrow;Passer domesticus/hispaniolensis
Italian/Spanish Sparrow;Passer italiae/hispaniolensis
Sind Sparrow;Passer pyrrhonotus
Somali Sparrow;Passer castanopterus
House x Somali Sparrow (hybrid);Passer domesticus x castanopterus
Russet Sparrow;Passer cinnamomeus
Plain-backed Sparrow;Passer flaveolus
Dead Sea Sparrow;Passer moabiticus
Dead Sea Sparrow (Dead Sea);Passer moabiticus moabiticus
Dead Sea Sparrow (Sistan Scrub);Passer moabiticus yatii
Cape Verde Sparrow;Passer iagoensis
Abd al Kuri Sparrow;Passer hemileucus
Socotra Sparrow;Passer insularis
Great Rufous Sparrow;Passer motitensis
Kenya Rufous Sparrow;Passer rufocinctus
Shelley's Rufous Sparrow;Passer shelleyi
Kordofan Rufous Sparrow;Passer cordofanicus
Cape Sparrow;Passer melanurus
Northern Gray-headed Sparrow;Passer griseus
Swainson's Sparrow;Passer swainsonii
Parrot-billed Sparrow;Passer gongonensis
Swahili Sparrow;Passer suahelicus
Southern Gray-headed Sparrow;Passer diffusus
Northern/Southern Gray-headed Sparrow;Passer griseus/diffusus
Desert Sparrow;Passer simplex
Zarudny's Sparrow;Passer zarudnyi
Eurasian Tree Sparrow;Passer montanus
House x Eurasian Tree Sparrow (hybrid);Passer domesticus x montanus
Spanish x Eurasian Tree Sparrow (hybrid);Passer hispaniolensis x montanus
House/Eurasian Tree Sparrow;Passer domesticus/montanus
Sudan Golden Sparrow;Passer luteus
Arabian Golden Sparrow;Passer euchlorus
Chestnut Sparrow;Passer eminibey
Passer sp.;Passer sp.
Yellow-spotted Bush Sparrow;Gymnoris pyrgita
Yellow-throated Sparrow;Gymnoris xanthocollis
Yellow-throated Bush Sparrow;Gymnoris superciliaris
Sahel Bush Sparrow;Gymnoris dentata
Rock Sparrow;Petronia petronia
Pale Rockfinch;Carpospiza brachydactyla
White-winged Snowfinch;Montifringilla nivalis
Tibetan Snowfinch;Montifringilla henrici
Black-winged Snowfinch;Montifringilla adamsi
White-rumped Snowfinch;Onychostruthus taczanowskii
Pere David's Snowfinch;Pyrgilauda davidiana
Rufous-necked Snowfinch;Pyrgilauda ruficollis
Blanford's Snowfinch;Pyrgilauda blanfordi
Afghan Snowfinch;Pyrgilauda theresae
snowfinch sp.;Montifringilla/Onychostruthus/Pyrgilauda sp.
Forest Wagtail;Dendronanthus indicus
Cape Wagtail;Motacilla capensis
Mountain Wagtail;Motacilla clara
Sao Tome Short-tail;Motacilla bocagii
Madagascar Wagtail;Motacilla flaviventris
Gray Wagtail;Motacilla cinerea
Western Yellow Wagtail;Motacilla flava
Western Yellow Wagtail (flavissima);Motacilla flava flavissima
Western Yellow Wagtail (lutea);Motacilla flava lutea
Western Yellow Wagtail (flavissima/lutea);Motacilla flava flavissima/lutea
Western Yellow Wagtail (thunbergi);Motacilla flava thunbergi
Western Yellow Wagtail (flava);Motacilla flava flava
Western Yellow Wagtail (Channel Wagtail intergrade);Motacilla flava flavissima x flava
Western Yellow Wagtail (beema);Motacilla flava beema
Western Yellow Wagtail (flava/beema);Motacilla flava flava/beema
Western Yellow Wagtail (iberiae);Motacilla flava iberiae
Western Yellow Wagtail (cinereocapilla);Motacilla flava cinereocapilla
Western Yellow Wagtail (iberiae/cinereocapilla/pygmaea);Motacilla flava [cinereocapilla Group]
Western Yellow Wagtail (pygmaea);Motacilla flava pygmaea
Western Yellow Wagtail (feldegg);Motacilla flava feldegg
Western Yellow Wagtail (leucocephala);Motacilla flava leucocephala
Western Yellow Wagtail (superciliaris-type intergrade);Motacilla flava (superciliaris intergrade)
Western Yellow Wagtail (dombrowskii-type intergrade);Motacilla flava (dombrowskii intergrade)
Western Yellow Wagtail (xanthophrys-type intergrade);Motacilla flava (xanthophrys intergrade)
Eastern Yellow Wagtail;Motacilla tschutschensis
Eastern Yellow Wagtail (Eastern);Motacilla tschutschensis tschutschensis/plexa
Eastern Yellow Wagtail (Green-headed);Motacilla tschutschensis taivana
Eastern Yellow Wagtail (Manchurian);Motacilla tschutschensis macronyx
Western/Eastern Yellow Wagtail;Motacilla flava/tschutschensis
Citrine Wagtail;Motacilla citreola
Citrine Wagtail (Gray-backed);Motacilla citreola citreola/werae
Citrine Wagtail (Black-backed);Motacilla citreola calcarata
Western Yellow x Citrine Wagtail (hybrid);Motacilla flava x citreola
Eastern Yellow/Citrine Wagtail;Motacilla tschutschensis/citreola
White-browed Wagtail;Motacilla maderaspatensis
Mekong Wagtail;Motacilla samveasnae
Japanese Wagtail;Motacilla grandis
African Pied Wagtail;Motacilla aguimp
White Wagtail;Motacilla alba
White Wagtail (White-faced);Motacilla alba alba/dukhunensis
White Wagtail (British);Motacilla alba yarrellii
White Wagtail (ocularis);Motacilla alba ocularis
White Wagtail (Moroccan);Motacilla alba subpersonata
White Wagtail (Masked);Motacilla alba personata
White Wagtail (Transbaikalian);Motacilla alba baicalensis
White Wagtail (White-faced/Transbaikalian);Motacilla alba alba/dukhunensis/baicalensis
White Wagtail (Black-backed);Motacilla alba lugens
White Wagtail (ocularis/Black-backed);Motacilla alba ocularis/lugens
White Wagtail (Chinese);Motacilla alba leucopsis
White Wagtail (Black-backed x Chinese);Motacilla alba lugens x leucopsis
White Wagtail (Hodgson's);Motacilla alba alboides
White Wagtail (Chinese x Hodgson's);Motacilla alba leucopsis x alboides
White-browed/White Wagtail;Motacilla maderaspatensis/alba
wagtail sp.;Motacilla sp.
Australian Pipit;Anthus australis
Australian Pipit (Papuan);Anthus australis rogersi/exiguus
Australian Pipit (Australian);Anthus australis [australis Group]
New Zealand Pipit;Anthus novaeseelandiae
New Zealand Pipit (New Zealand);Anthus novaeseelandiae [novaeseelandiae Group]
New Zealand Pipit (Antipodes);Anthus novaeseelandiae steindachneri
Richard's Pipit;Anthus richardi
Paddyfield Pipit;Anthus rufulus
Richard's/Paddyfield Pipit;Anthus richardi/rufulus
African Pipit;Anthus cinnamomeus
African Pipit (Cameroon);Anthus cinnamomeus camaroonensis
African Pipit (Yemen);Anthus cinnamomeus eximius
African Pipit (African);Anthus cinnamomeus [cinnamomeus Group]
African Pipit (Jackson's);Anthus cinnamomeus latistriatus
African Pipit (Etosha);Anthus cinnamomeus grotei
Mountain Pipit;Anthus hoeschi
Woodland Pipit;Anthus nyassae
Long-billed Pipit;Anthus similis
Long-billed Pipit (West African);Anthus similis bannermani
Long-billed Pipit (Middle Eastern);Anthus similis captus
Long-billed Pipit (Arabian);Anthus similis arabicus
Long-billed Pipit (Socotra);Anthus similis sokotrae
Long-billed Pipit (Nairobi);Anthus similis chyuluensis
Long-billed Pipit (East African);Anthus similis [nivescens Group]
Long-billed Pipit (Persian);Anthus similis jerdoni/decaptus
Long-billed Pipit (Indian);Anthus similis similis/travancoriensis
Long-billed Pipit (Burmese);Anthus similis yamethini
Nicholson's Pipit;Anthus nicholsoni
Blyth's Pipit;Anthus godlewskii
Richard's/Blyth's Pipit;Anthus richardi/godlewskii
Tawny Pipit;Anthus campestris
Plain-backed Pipit;Anthus leucophrys
Buffy Pipit;Anthus vaalensis
Long-legged Pipit;Anthus pallidiventris
Nilgiri Pipit;Anthus nilghiriensis
Upland Pipit;Anthus sylvanus
Berthelot's Pipit;Anthus berthelotii
Malindi Pipit;Anthus melindae
Striped Pipit;Anthus lineiventris
Yellow-tufted Pipit;Anthus crenatus
Madanga;Anthus ruficollis
Alpine Pipit;Anthus gutturalis
Meadow Pipit;Anthus pratensis
Rosy Pipit;Anthus roseatus
Tree Pipit;Anthus trivialis
Meadow/Tree Pipit;Anthus pratensis/trivialis
Olive-backed Pipit;Anthus hodgsoni
Tree/Olive-backed Pipit;Anthus trivialis/hodgsoni
Pechora Pipit;Anthus gustavi
Pechora Pipit (Pechora);Anthus gustavi gustavi/stejnegeri
Pechora Pipit (Menzbier's);Anthus gustavi menzbieri
Red-throated Pipit;Anthus cervinus
Water Pipit;Anthus spinoletta
Water Pipit (Western);Anthus spinoletta spinoletta
Water Pipit (Caucasian);Anthus spinoletta coutellii
Water Pipit (Blakiston's);Anthus spinoletta blakistoni
Meadow/Water Pipit;Anthus pratensis/spinoletta
Rock Pipit;Anthus petrosus
Rock Pipit (Western);Anthus petrosus petrosus/kleinschmidti
Rock Pipit (Eastern);Anthus petrosus littoralis
Water/Rock Pipit;Anthus spinoletta/petrosus
Siberian Pipit;Anthus japonicus
American Pipit;Anthus rubescens
Siberian/American Pipit;Anthus japonicus/rubescens
Water/Siberian/American Pipit;Anthus spinoletta/japonicus/rubescens
Sprague's Pipit;Anthus spragueii
Yellowish Pipit;Anthus chii
Peruvian Pipit;Anthus peruvianus
Puna Pipit;Anthus brevirostris
Short-billed Pipit;Anthus furcatus
Puna/Short-billed Pipit;Anthus brevirostris/furcatus
Pampas Pipit;Anthus chacoensis
Correndera Pipit;Anthus correndera
Correndera Pipit (Correndera);Anthus correndera [correndera Group]
Correndera Pipit (Falklands);Anthus correndera grayi
South Georgia Pipit;Anthus antarcticus
Ochre-breasted Pipit;Anthus nattereri
Hellmayr's Pipit;Anthus hellmayri
Paramo Pipit;Anthus bogotensis
Paramo Pipit (meridae);Anthus bogotensis meridae
Paramo Pipit (bogotensis Group);Anthus bogotensis [bogotensis Group]
Short-tailed Pipit;Anthus brachyurus
Bush Pipit;Anthus caffer
Sokoke Pipit;Anthus sokokensis
pipit sp.;Anthus sp.
Golden Pipit;Tmetothylacus tenellus
Yellow-breasted Pipit;Hemimacronyx chloris
Sharpe's Longclaw;Macronyx sharpei
Orange-throated Longclaw;Macronyx capensis
Yellow-throated Longclaw;Macronyx croceus
Fülleborn's Longclaw;Macronyx fuelleborni
Abyssinian Longclaw;Macronyx flavicollis
Pangani Longclaw;Macronyx aurantiigula
Rosy-throated Longclaw;Macronyx ameliae
Grimwood's Longclaw;Macronyx grimwoodi
longclaw sp.;Macronyx sp.
Common Chaffinch;Fringilla coelebs
Azores Chaffinch;Fringilla moreletti
Madeira Chaffinch;Fringilla maderensis
Canary Islands Chaffinch;Fringilla canariensis
Canary Islands Chaffinch (Canary Is.);Fringilla canariensis canariensis/ombriosa
Canary Islands Chaffinch (La Palma);Fringilla canariensis palmae
African Chaffinch;Fringilla spodiogenys
African Chaffinch (African);Fringilla spodiogenys africana
African Chaffinch (Tunisian);Fringilla spodiogenys spodiogenys/harterti
Common x African Chaffinch (hybrid);Fringilla coelebs x spodiogenys
Common/African Chaffinch;Fringilla coelebs/spodiogenys
Tenerife Blue Chaffinch;Fringilla teydea
Gran Canaria Blue Chaffinch;Fringilla polatzeki
Brambling;Fringilla montifringilla
Common Chaffinch x Brambling (hybrid);Fringilla coelebs x montifringilla
Common Chaffinch/Brambling;Fringilla coelebs/montifringilla
Elegant Euphonia;Chlorophonia elegantissima
Hispaniolan Euphonia;Chlorophonia musica
Puerto Rican Euphonia;Chlorophonia sclateri
Lesser Antillean Euphonia;Chlorophonia flavifrons
Golden-rumped Euphonia;Chlorophonia cyanocephala
Blue-naped Chlorophonia;Chlorophonia cyanea
Chestnut-breasted Chlorophonia;Chlorophonia pyrrhophrys
Yellow-collared Chlorophonia;Chlorophonia flavirostris
Blue-crowned Chlorophonia;Chlorophonia occipitalis
Golden-browed Chlorophonia;Chlorophonia callophrys
Jamaican Euphonia;Euphonia jamaica
Orange-crowned Euphonia;Euphonia saturata
Plumbeous Euphonia;Euphonia plumbea
Purple-throated Euphonia;Euphonia chlorotica
Finsch's Euphonia;Euphonia finschi
Velvet-fronted Euphonia;Euphonia concinna
Trinidad Euphonia;Euphonia trinitatis
Velvet-fronted/Trinidad Euphonia;Euphonia concinna/trinitatis
West Mexican Euphonia;Euphonia godmani
Scrub Euphonia;Euphonia affinis
West Mexican/Scrub Euphonia;Euphonia godmani/affinis
Yellow-crowned Euphonia;Euphonia luteicapilla
Golden-bellied Euphonia;Euphonia chrysopasta
White-vented Euphonia;Euphonia minuta
Green-throated Euphonia;Euphonia chalybea
Violaceous Euphonia;Euphonia violacea
Yellow-throated Euphonia;Euphonia hirundinacea
Thick-billed Euphonia;Euphonia laniirostris
Thick-billed Euphonia (Black-tailed);Euphonia laniirostris melanura/crassirostris
Thick-billed Euphonia (Thick-billed);Euphonia laniirostris [laniirostris Group]
Spot-crowned Euphonia;Euphonia imitans
Olive-backed Euphonia;Euphonia gouldi
Fulvous-vented Euphonia;Euphonia fulvicrissa
Tawny-capped Euphonia;Euphonia anneae
Orange-bellied Euphonia;Euphonia xanthogaster
Bronze-green Euphonia;Euphonia mesochrysa
Golden-sided Euphonia;Euphonia cayennensis
Rufous-bellied Euphonia;Euphonia rufiventris
Chestnut-bellied Euphonia;Euphonia pectoralis
euphonia sp.;Euphonia sp.
Black-and-yellow Grosbeak;Mycerobas icterioides
Collared Grosbeak;Mycerobas affinis
Black-and-yellow/Collared Grosbeak;Mycerobas icterioides/affinis
Spot-winged Grosbeak;Mycerobas melanozanthos
White-winged Grosbeak;Mycerobas carnipes
Mycerobas sp.;Mycerobas sp.
Hooded Grosbeak;Hesperiphona abeillei
Evening Grosbeak;Hesperiphona vespertina
Evening Grosbeak (Northwestern or type 1);Hesperiphona vespertina brooksi
Evening Grosbeak (Sierra Nevada or type 2);Hesperiphona vespertina californica
Evening Grosbeak (Rocky Mountains or type 4);Hesperiphona vespertina warreni
Evening Grosbeak (Eastern or type 3);Hesperiphona vespertina vespertina
Evening Grosbeak (Mexican or type 5);Hesperiphona vespertina montana
Hawfinch;Coccothraustes coccothraustes
Yellow-billed Grosbeak;Eophona migratoria
Japanese Grosbeak;Eophona personata
Poo-uli;Melamprosops phaeosoma
Akikiki;Oreomystis bairdi
Oahu Alauahio;Paroreomyza maculata
Kakawahie;Paroreomyza flammea
Maui Alauahio;Paroreomyza montana
Palila;Loxioides bailleui
Laysan Finch;Telespiza cantans
Nihoa Finch;Telespiza ultima
Kona Grosbeak;Chloridops kona
Lesser Koa-Finch;Rhodacanthis flaviceps
Greater Koa-Finch;Rhodacanthis palmeri
Ula-ai-hawane;Ciridops anna
Akohekohe;Palmeria dolei
Laysan Honeycreeper;Himatione fraithii
Apapane;Himatione sanguinea
Iiwi;Drepanis coccinea
Apapane x Iiwi (hybrid);Himatione sanguinea x Drepanis coccinea
Apapane/Iiwi;Himatione sanguinea/Drepanis coccinea
Hawaii Mamo;Drepanis pacifica
Black Mamo;Drepanis funerea
Ou;Psittirostra psittacea
Lanai Hookbill;Dysmorodrepanis munroi
Maui Parrotbill;Pseudonestor xanthophrys
Kauai Nukupuu;Hemignathus hanapepe
Oahu Nukupuu;Hemignathus lucidus
Maui Nukupuu;Hemignathus affinis
Akiapolaau;Hemignathus wilsoni
Lesser Akialoa;Akialoa obscura
Oahu Akialoa;Akialoa ellisiana
Kauai Akialoa;Akialoa stejnegeri
Maui-nui Akialoa;Akialoa lanaiensis
Anianiau;Magumma parva
Hawaii Amakihi;Chlorodrepanis virens
Hawaii Amakihi (Maui);Chlorodrepanis virens wilsoni
Hawaii Amakihi (Hawaii);Chlorodrepanis virens virens
Oahu Amakihi;Chlorodrepanis flava
Kauai Amakihi;Chlorodrepanis stejnegeri
Greater Amakihi;Viridonia sagittirostris
Hawaii Creeper;Loxops mana
Akekee;Loxops caeruleirostris
Hawaii Akepa;Loxops coccineus
Oahu Akepa;Loxops wolstenholmei
Maui Akepa;Loxops ochraceus
hawaiian honeycreeper sp.;Drepanidinae sp.
Common Rosefinch;Carpodacus erythrinus
Scarlet Finch;Carpodacus sipahi
Bonin Grosbeak;Carpodacus ferreorostris
Red-mantled Rosefinch;Carpodacus rhodochlamys
Blyth's Rosefinch;Carpodacus grandis
Red-mantled/Blyth's Rosefinch;Carpodacus rhodochlamys/grandis
Himalayan Beautiful Rosefinch;Carpodacus pulcherrimus
Chinese Beautiful Rosefinch;Carpodacus davidianus
Pink-rumped Rosefinch;Carpodacus waltoni
Dark-rumped Rosefinch;Carpodacus edwardsii
Pink-browed Rosefinch;Carpodacus rodochroa
Spot-winged Rosefinch;Carpodacus rodopeplus
Dark-rumped/Spot-winged Rosefinch;Carpodacus edwardsii/rodopeplus
Sharpe's Rosefinch;Carpodacus verreauxii
Vinaceous Rosefinch;Carpodacus vinaceus
Taiwan Rosefinch;Carpodacus formosanus
Sinai Rosefinch;Carpodacus synoicus
Pale Rosefinch;Carpodacus stoliczkae
Tibetan Rosefinch;Carpodacus roborowskii
Sillem's Rosefinch;Carpodacus sillemi
Streaked Rosefinch;Carpodacus rubicilloides
Great Rosefinch;Carpodacus rubicilla
Great Rosefinch (Great);Carpodacus rubicilla rubicilla
Great Rosefinch (Spotted);Carpodacus rubicilla [severtzovi Group]
Streaked/Great Rosefinch;Carpodacus rubicilloides/rubicilla
Long-tailed Rosefinch;Carpodacus sibiricus
Long-tailed Rosefinch (Siberian);Carpodacus sibiricus [sibiricus Group]
Long-tailed Rosefinch (Chinese);Carpodacus sibiricus lepidus/henrici
Red-fronted Rosefinch;Carpodacus puniceus
Crimson-browed Finch;Carpodacus subhimachalus
Pallas's Rosefinch;Carpodacus roseus
Three-banded Rosefinch;Carpodacus trifasciatus
Himalayan White-browed Rosefinch;Carpodacus thura
Pink-browed/Himalayan White-browed Rosefinch;Carpodacus rodochroa/thura
Chinese White-browed Rosefinch;Carpodacus dubius
rosefinch sp.;Carpodacus sp.
Pine Grosbeak;Pinicola enucleator
Pine Grosbeak (Eurasian);Pinicola enucleator [enucleator Group]
Pine Grosbeak (Pacific Northwest);Pinicola enucleator flammula
Pine Grosbeak (Haida Gwaii);Pinicola enucleator carlottae
Pine Grosbeak (Rocky Mts.);Pinicola enucleator montana
Pine Grosbeak (California);Pinicola enucleator californica
Pine Grosbeak (Taiga);Pinicola enucleator leucura
Brown Bullfinch;Pyrrhula nipalensis
Brown Bullfinch (Brown);Pyrrhula nipalensis [nipalensis Group]
Brown Bullfinch (Malayan);Pyrrhula nipalensis waterstradti
White-cheeked Bullfinch;Pyrrhula leucogenis
Orange Bullfinch;Pyrrhula aurantiaca
Red-headed Bullfinch;Pyrrhula erythrocephala
Gray-headed Bullfinch;Pyrrhula erythaca
Taiwan Bullfinch;Pyrrhula owstoni
Brown/Gray-headed Bullfinch;Pyrrhula nipalensis/erythaca
Taiwan/Gray-headed Bullfinch;Pyrrhula owstoni/erythaca
Azores Bullfinch;Pyrrhula murina
Eurasian Bullfinch;Pyrrhula pyrrhula
Eurasian Bullfinch (Eurasian);Pyrrhula pyrrhula [pyrrhula Group]
Eurasian Bullfinch (Baikal);Pyrrhula pyrrhula [griseiventris Group]
Crimson-winged Finch;Rhodopechys sanguineus
Crimson-winged Finch (African);Rhodopechys sanguineus alienus
Crimson-winged Finch (Eurasian);Rhodopechys sanguineus sanguineus
Trumpeter Finch;Bucanetes githagineus
Mongolian Finch;Bucanetes mongolicus
Blanford's Rosefinch;Agraphospiza rubescens
Gold-naped Finch;Pyrrhoplectes epauletta
Spectacled Finch;Callacanthis burtoni
Dark-breasted Rosefinch;Procarduelis nipalensis
Plain Mountain Finch;Leucosticte nemoricola
Black-headed Mountain Finch;Leucosticte brandti
Asian Rosy-Finch;Leucosticte arctoa
Asian Rosy-Finch (Silver-winged);Leucosticte arctoa [arctoa Group]
Asian Rosy-Finch (Tawny-naped);Leucosticte arctoa brunneonucha/gigliolii
Gray-crowned Rosy-Finch;Leucosticte tephrocotis
Gray-crowned Rosy-Finch (Pribilof Is.);Leucosticte tephrocotis umbrina
Gray-crowned Rosy-Finch (Aleutian and Kodiak Is.);Leucosticte tephrocotis griseonucha
Gray-crowned Rosy-Finch (Hepburn's);Leucosticte tephrocotis littoralis
Gray-crowned Rosy-Finch (Gray-crowned);Leucosticte tephrocotis [tephrocotis Group]
Gray-crowned Rosy-Finch (Hepburn's x Gray-crowned);Leucosticte tephrocotis littoralis x [tephrocotis Group]
Black Rosy-Finch;Leucosticte atrata
Gray-crowned x Black Rosy-Finch (hybrid);Leucosticte tephrocotis x atrata
Brown-capped Rosy-Finch;Leucosticte australis
rosy-finch sp.;Leucosticte sp.
House Finch;Haemorhous mexicanus
House Finch (Common);Haemorhous mexicanus [mexicanus Group]
House Finch (McGregor's);Haemorhous mexicanus mcgregori
Purple Finch;Haemorhous purpureus
Purple Finch (Eastern);Haemorhous purpureus purpureus
Purple Finch (Western);Haemorhous purpureus californicus
House x Purple Finch (hybrid);Haemorhous mexicanus x purpureus
House/Purple Finch;Haemorhous mexicanus/purpureus
Cassin's Finch;Haemorhous cassinii
Purple/Cassin's Finch;Haemorhous purpureus/cassinii
Haemorhous sp.;Haemorhous sp.
Desert Finch;Rhodospiza obsoleta
Arabian Grosbeak;Rhynchostruthus percivali
Socotra Grosbeak;Rhynchostruthus socotranus
Somali Grosbeak;Rhynchostruthus louisae
European Greenfinch;Chloris chloris
Oriental Greenfinch;Chloris sinica
Oriental Greenfinch (Oriental);Chloris sinica [sinica Group]
Oriental Greenfinch (Bonin);Chloris sinica kittlitzi
Yellow-breasted Greenfinch;Chloris spinoides
Vietnamese Greenfinch;Chloris monguilloti
Black-headed Greenfinch;Chloris ambigua
greenfinch sp.;Chloris sp.
Oriole Finch;Linurgus olivaceus
White-rumped Seedeater;Crithagra leucopygia
Yellow-fronted Canary;Crithagra mozambica
African Citril;Crithagra citrinelloides
Western Citril;Crithagra frontalis
Southern Citril;Crithagra hyposticta
Black-faced Canary;Crithagra capistrata
Papyrus Canary;Crithagra koliensis
Forest Canary;Crithagra scotops
Arabian Serin;Crithagra rothschildi
Black-throated Canary;Crithagra atrogularis
Reichenow's Seedeater;Crithagra reichenowi
Yellow-rumped Serin;Crithagra xanthopygia
Lemon-breasted Seedeater;Crithagra citrinipectus
White-bellied Canary;Crithagra dorsostriata
Yellow-throated Serin;Crithagra flavigula
Salvadori's Serin;Crithagra xantholaema
Northern Grosbeak-Canary;Crithagra donaldsoni
Southern Grosbeak-Canary;Crithagra buchanani
Brimstone Canary;Crithagra sulphurata
Yellow Canary;Crithagra flaviventris
White-throated Canary;Crithagra albogularis
Streaky Seedeater;Crithagra striolata
Yellow-browed Seedeater;Crithagra whytii
Thick-billed Seedeater;Crithagra burtoni
Kipengere Seedeater;Crithagra melanochroa
Principe Seedeater;Crithagra rufobrunnea
Sao Tome Grosbeak;Crithagra concolor
Protea Canary;Crithagra leucoptera
Black-eared Seedeater;Crithagra mennelli
West African Seedeater;Crithagra canicapilla
Streaky-headed Seedeater;Crithagra gularis
Stripe-breasted Seedeater;Crithagra striatipectus
Reichard's Seedeater;Crithagra reichardi
Brown-rumped Seedeater;Crithagra tristriata
Yemen Serin;Crithagra menachensis
Ankober Serin;Crithagra ankoberensis
Cape Siskin;Crithagra totta
Drakensberg Siskin;Crithagra symonsi
african seedeater sp.;Crithagra sp.
Twite;Linaria flavirostris
Eurasian Linnet;Linaria cannabina
Twite/Eurasian Linnet;Linaria flavirostris/cannabina
Yemen Linnet;Linaria yemenensis
Warsangli Linnet;Linaria johannis
Redpoll;Acanthis flammea
Redpoll (Common);Acanthis flammea flammea/rostrata/islandica
Redpoll (flammea);Acanthis flammea flammea
Redpoll (rostrata/islandica);Acanthis flammea rostrata/islandica
Redpoll (Lesser);Acanthis flammea cabaret
Redpoll (Common/Lesser);Acanthis flammea [flammea Group/cabaret]
Redpoll (Hoary);Acanthis flammea hornemanni/exilipes
Redpoll (exilipes);Acanthis flammea exilipes
Redpoll (hornemanni);Acanthis flammea hornemanni
Redpoll (Common x Hoary);Acanthis flammea [flammea Group x hornemanni/exilipes]
Redpoll (Common/Hoary);Acanthis flammea [flammea Group/hornemanni/exilipes]
Parrot Crossbill;Loxia pytyopsittacus
Scottish Crossbill;Loxia scotica
Red Crossbill;Loxia curvirostra
Red Crossbill (Corsican);Loxia curvirostra corsicana
Red Crossbill (Balearic);Loxia curvirostra balearica
Red Crossbill (North African);Loxia curvirostra poliogyna
Red Crossbill (Cyprus);Loxia curvirostra guillemardi
Red Crossbill (Crimean);Loxia curvirostra mariae
Red Crossbill (Altai);Loxia curvirostra altaiensis
Red Crossbill (Tien Shan);Loxia curvirostra tianschanica
Red Crossbill (Himalayan);Loxia curvirostra himalayensis
Red Crossbill (Dalat);Loxia curvirostra meridionalis
Red Crossbill (Japanese);Loxia curvirostra japonica
Red Crossbill (Luzon);Loxia curvirostra luzoniensis
Red Crossbill (Wandering or type A);Loxia curvirostra (type A)
Red Crossbill (Bohemian or type B);Loxia curvirostra (type B)
Red Crossbill (Glip or type C);Loxia curvirostra (type C)
Red Crossbill (Phantom or type D);Loxia curvirostra (type D)
Red Crossbill (Parakeet or type E);Loxia curvirostra (type E)
Red Crossbill (Scarce or type F);Loxia curvirostra (type F)
Red Crossbill (Parakeet or type X);Loxia curvirostra (type X)
Red Crossbill (Appalachian or type 1);Loxia curvirostra (type 1)
Red Crossbill (Ponderosa Pine or type 2);Loxia curvirostra (type 2)
Red Crossbill (Western Hemlock or type 3);Loxia curvirostra (type 3)
Red Crossbill (Douglas-fir or type 4);Loxia curvirostra (type 4)
Red Crossbill (Lodgepole Pine or type 5);Loxia curvirostra (type 5)
Red Crossbill (Sierra Madre or type 6);Loxia curvirostra (type 6)
Red Crossbill (Enigmatic or type 7);Loxia curvirostra (type 7)
Red Crossbill (Newfoundland or type 8);Loxia curvirostra (type 8)
Red Crossbill (Sitka Spruce or type 10);Loxia curvirostra (type 10)
Red Crossbill (Central American or type 11);Loxia curvirostra mesamericana
Red Crossbill (Northeastern or type 12);Loxia curvirostra (type 12)
Parrot/Red Crossbill;Loxia pytyopsittacus/curvirostra
Scottish/Red Crossbill;Loxia scotica/curvirostra
Cassia Crossbill;Loxia sinesciuris
Red/Cassia Crossbill;Loxia curvirostra/sinesciuris
Hispaniolan Crossbill;Loxia megaplaga
White-winged Crossbill;Loxia leucoptera
White-winged Crossbill (Eurasian);Loxia leucoptera bifasciata
White-winged Crossbill (American);Loxia leucoptera leucoptera
crossbill sp.;Loxia sp.
Indonesian Serin;Chrysocorythus estherae
Mindanao Serin;Chrysocorythus mindanensis
European Goldfinch;Carduelis carduelis
Gray-crowned Goldfinch;Carduelis caniceps
European x Gray-crowned Goldfinch (hybrid);Carduelis carduelis x caniceps
European/Gray-crowned Goldfinch;Carduelis carduelis/caniceps
Citril Finch;Carduelis citrinella
Corsican Finch;Carduelis corsicana
European Serin;Serinus serinus
Citril Finch/European Serin;Carduelis citrinella/Serinus serinus
Island Canary;Serinus canaria
Island Canary (Domestic type);Serinus canaria (Domestic type)
European Goldfinch x Island Canary (hybrid);Carduelis carduelis x Serinus canaria
Fire-fronted Serin;Serinus pusillus
Syrian Serin;Serinus syriacus
European/Fire-fronted/Syrian Serin;Serinus serinus/pusillus/syriacus
Yellow-crowned Canary;Serinus flavivertex
Cape Canary;Serinus canicollis
Ethiopian Siskin;Serinus nigriceps
Black-headed Canary;Serinus alario
Black-headed Canary (Black-headed);Serinus alario alario
Black-headed Canary (Damara);Serinus alario leucolaemus
Serinus sp.;Serinus sp.
Tibetan Serin;Spinus thibetanus
Eurasian Siskin;Spinus spinus
Pine Siskin;Spinus pinus
Pine Siskin (Northern);Spinus pinus pinus/macropterus
Pine Siskin (Chiapas);Spinus pinus perplexus
Pine Siskin (green morph);Spinus pinus (green morph)
Red Crossbill x Pine Siskin (hybrid);Loxia curvirostra x Spinus pinus
Black-capped Siskin;Spinus atriceps
Pine x Black-capped Siskin (hybrid);Spinus pinus x atriceps
Black-headed Siskin;Spinus notatus
Antillean Siskin;Spinus dominicensis
Lesser Goldfinch;Spinus psaltria
European x Lesser Goldfinch (hybrid);Carduelis carduelis x Spinus psaltria
Lawrence's Goldfinch;Spinus lawrencei
American Goldfinch;Spinus tristis
Redpoll x American Goldfinch (hybrid);Acanthis flammea x Spinus tristis
European x American Goldfinch (hybrid);Carduelis carduelis x Spinus tristis
Pine Siskin x American Goldfinch (hybrid);Spinus pinus x tristis
Lesser x American Goldfinch (hybrid);Spinus psaltria x tristis
new world goldfinch sp.;Spinus sp. (goldfinch sp.)
Andean Siskin;Spinus spinescens
Yellow-faced Siskin;Spinus yarrellii
Yellow-bellied Siskin;Spinus xanthogastrus
Red Siskin;Spinus cucullatus
Thick-billed Siskin;Spinus crassirostris
Hooded Siskin;Spinus magellanicus
Hooded Siskin (Guianan);Spinus magellanicus longirostris
Hooded Siskin (Andean);Spinus magellanicus [capitalis Group]
Hooded Siskin (Lowland);Spinus magellanicus [magellanicus Group]
Saffron Siskin;Spinus siemiradzkii
Olivaceous Siskin;Spinus olivaceus
Hooded/Olivaceous Siskin;Spinus magellanicus/olivaceus
Black Siskin;Spinus atratus
Yellow-rumped Siskin;Spinus uropygialis
Hooded x Yellow-rumped Siskin (hybrid);Spinus magellanicus x uropygialis
Black-chinned Siskin;Spinus barbatus
Monte Desert Siskin (undescribed form);Spinus [undescribed form]
Spinus sp.;Spinus sp.
Acanthis/Spinus sp.;Acanthis/Spinus sp.
finch sp.;Fringillidae sp.
Lapland Longspur;Calcarius lapponicus
Chestnut-collared Longspur;Calcarius ornatus
Smith's Longspur;Calcarius pictus
Thick-billed Longspur;Rhynchophanes mccownii
longspur sp.;Calcarius/Rhynchophanes sp.
Snow Bunting;Plectrophenax nivalis
Lapland Longspur x Snow Bunting (hybrid);Calcarius lapponicus x Plectrophenax nivalis
McKay's Bunting;Plectrophenax hyperboreus
Snow x McKay's Bunting (hybrid);Plectrophenax nivalis x hyperboreus
Snow/McKay's Bunting;Plectrophenax nivalis/hyperboreus
Rosy Thrush-Tanager;Rhodinocichla rosea
Rosy Thrush-Tanager (Mexican);Rhodinocichla rosea schistacea
Rosy Thrush-Tanager (Panama);Rhodinocichla rosea eximia
Rosy Thrush-Tanager (Southern);Rhodinocichla rosea [rosea Group]
Brown-rumped Bunting;Emberiza affinis
Crested Bunting;Emberiza lathami
Black-headed Bunting;Emberiza melanocephala
Red-headed Bunting;Emberiza bruniceps
Black-headed x Red-headed Bunting (hybrid);Emberiza melanocephala x bruniceps
Black-headed/Red-headed Bunting;Emberiza melanocephala/bruniceps
Corn Bunting;Emberiza calandra
Chestnut-eared Bunting;Emberiza fucata
Tibetan Bunting;Emberiza koslowi
Rufous-backed Bunting;Emberiza jankowskii
Rock Bunting;Emberiza cia
Godlewski's Bunting;Emberiza godlewskii
Godlewski's Bunting (godlewskii Group);Emberiza godlewskii [godlewskii Group]
Godlewski's Bunting (yunnanensis/khamensis);Emberiza godlewskii yunnanensis/khamensis
Meadow Bunting;Emberiza cioides
Meadow Bunting (Rufous-eared);Emberiza cioides [cioides Group]
Meadow Bunting (Black-eared);Emberiza cioides ciopsis
Cirl Bunting;Emberiza cirlus
White-capped Bunting;Emberiza stewarti
Yellowhammer;Emberiza citrinella
Pine Bunting;Emberiza leucocephalos
Yellowhammer x Pine Bunting (hybrid);Emberiza citrinella x leucocephalos
Yellowhammer/Pine Bunting;Emberiza citrinella/leucocephalos
Gray-necked Bunting;Emberiza buchanani
Cinereous Bunting;Emberiza cineracea
Cinereous Bunting (Gray-bellied);Emberiza cineracea cineracea
Cinereous Bunting (Yellow-bellied);Emberiza cineracea semenowi
Ortolan Bunting;Emberiza hortulana
Gray-necked/Ortolan Bunting;Emberiza buchanani/hortulana
Cretzschmar's Bunting;Emberiza caesia
Ortolan/Cretzschmar's Bunting;Emberiza hortulana/caesia
Cabanis's Bunting;Emberiza cabanisi
Cabanis's Bunting (Cabanis's);Emberiza cabanisi cabanisi
Cabanis's Bunting (Three-streaked);Emberiza cabanisi orientalis
Golden-breasted Bunting;Emberiza flaviventris
Somali Bunting;Emberiza poliopleura
Cape Bunting;Emberiza capensis
Cape Bunting (Cape);Emberiza capensis [capensis Group]
Cape Bunting (Vincent's);Emberiza capensis vincenti
Lark-like Bunting;Emberiza impetuani
Socotra Bunting;Emberiza socotrana
Cinnamon-breasted Bunting;Emberiza tahapisi
Gosling's Bunting;Emberiza goslingi
Cinnamon-breasted x Gosling's Bunting (hybrid);Emberiza tahapisi x goslingi
House Bunting;Emberiza sahari
Striolated Bunting;Emberiza striolata
Slaty Bunting;Emberiza siemsseni
Yellow-throated Bunting;Emberiza elegans
Ochre-rumped Bunting;Emberiza yessoensis
Pallas's Bunting;Emberiza pallasi
Reed Bunting;Emberiza schoeniclus
Pallas's/Reed Bunting;Emberiza pallasi/schoeniclus
Yellow-breasted Bunting;Emberiza aureola
Little Bunting;Emberiza pusilla
Rustic Bunting;Emberiza rustica
Yellow Bunting;Emberiza sulphurata
Black-faced Bunting;Emberiza spodocephala
Masked Bunting;Emberiza personata
Black-faced/Masked Bunting;Emberiza spodocephala/personata
Chestnut Bunting;Emberiza rutila
Yellow-browed Bunting;Emberiza chrysophrys
Tristram's Bunting;Emberiza tristrami
Gray Bunting;Emberiza variabilis
Emberiza sp.;Emberiza sp.
Tanager Finch;Oreothraupis arremonops
Yellow-throated Chlorospingus;Chlorospingus flavigularis
Yellow-throated Chlorospingus (Drab-breasted);Chlorospingus flavigularis hypophaeus
Yellow-throated Chlorospingus (Yellow-throated);Chlorospingus flavigularis flavigularis/marginatus
Short-billed Chlorospingus;Chlorospingus parvirostris
Yellow-throated/Short-billed Chlorospingus;Chlorospingus flavigularis/parvirostris
Ashy-throated Chlorospingus;Chlorospingus canigularis
Ashy-throated Chlorospingus (Olive-crowned);Chlorospingus canigularis olivaceiceps
Ashy-throated Chlorospingus (Ashy-throated);Chlorospingus canigularis [canigularis Group]
Sooty-capped Chlorospingus;Chlorospingus pileatus
Common Chlorospingus;Chlorospingus flavopectus
Common Chlorospingus (Northeast Mexico);Chlorospingus flavopectus ophthalmicus
Common Chlorospingus (Southwest Mexico);Chlorospingus flavopectus albifrons
Common Chlorospingus (Middle American);Chlorospingus flavopectus [postocularis Group]
Common Chlorospingus (Central Panama);Chlorospingus flavopectus punctulatus
Common Chlorospingus (Venezuela);Chlorospingus flavopectus [venezuelanus Group]
Common Chlorospingus (Northern Andes);Chlorospingus flavopectus [flavopectus Group]
Common Chlorospingus (cinereocephalus);Chlorospingus flavopectus cinereocephalus
Common Chlorospingus (Southern Peru);Chlorospingus flavopectus peruvianus
Common Chlorospingus (Northern Bolivia);Chlorospingus flavopectus bolivianus
Common Chlorospingus (Southern Bolivia);Chlorospingus flavopectus fulvigularis
Common Chlorospingus (Argentina);Chlorospingus flavopectus argentinus
Tacarcuna Chlorospingus;Chlorospingus tacarcunae
Pirre Chlorospingus;Chlorospingus inornatus
Dusky Chlorospingus;Chlorospingus semifuscus
Dusky Chlorospingus (Northern);Chlorospingus semifuscus livingstoni
Dusky Chlorospingus (Red-eyed);Chlorospingus semifuscus semifuscus
Dusky Chlorospingus (El Oro);Chlorospingus semifuscus xanthothorax
chlorospingus sp.;Chlorospingus sp.
Tumbes Sparrow;Rhynchospiza stolzmanni
Yungas Sparrow;Rhynchospiza dabbenei
Chaco Sparrow;Rhynchospiza strigiceps
Yungas/Chaco Sparrow;Rhynchospiza dabbenei/strigiceps
Rufous-winged Sparrow;Peucaea carpalis
Cinnamon-tailed Sparrow;Peucaea sumichrasti
Stripe-headed Sparrow;Peucaea ruficauda
Stripe-headed Sparrow (Northern);Peucaea ruficauda acuminata
Stripe-headed Sparrow (Southern);Peucaea ruficauda [ruficauda Group]
Black-chested Sparrow;Peucaea humeralis
Bridled Sparrow;Peucaea mystacalis
Botteri's Sparrow;Peucaea botterii
Botteri's Sparrow (Botteri's);Peucaea botterii [botterii Group]
Botteri's Sparrow (Peten);Peucaea botterii [petenica Group]
Cassin's Sparrow;Peucaea cassinii
Botteri's/Cassin's Sparrow;Peucaea botterii/cassinii
Bachman's Sparrow;Peucaea aestivalis
Peucaea sp.;Peucaea sp.
Grasshopper Sparrow;Ammodramus savannarum
Grassland Sparrow;Ammodramus humeralis
Yellow-browed Sparrow;Ammodramus aurifrons
Grassland/Yellow-browed Sparrow;Ammodramus humeralis/aurifrons
Olive Sparrow;Arremonops rufivirgatus
Olive Sparrow (Olive);Arremonops rufivirgatus [rufivirgatus Group]
Olive Sparrow (Pacific);Arremonops rufivirgatus [superciliosus Group]
Green-backed Sparrow;Arremonops chloronotus
Olive/Green-backed Sparrow;Arremonops rufivirgatus/chloronotus
Black-striped Sparrow;Arremonops conirostris
Tocuyo Sparrow;Arremonops tocuyensis
Chipping Sparrow;Spizella passerina
Clay-colored Sparrow;Spizella pallida
Chipping x Clay-colored Sparrow (hybrid);Spizella passerina x pallida
Black-chinned Sparrow;Spizella atrogularis
Field Sparrow;Spizella pusilla
Chipping x Field Sparrow (hybrid);Spizella passerina x pusilla
Clay-colored x Field Sparrow (hybrid);Spizella pallida x pusilla
Brewer's Sparrow;Spizella breweri
Brewer's Sparrow (breweri);Spizella breweri breweri
Brewer's Sparrow (taverneri);Spizella breweri taverneri
Clay-colored x Brewer's Sparrow (hybrid);Spizella pallida x breweri
Black-chinned x Brewer's Sparrow (hybrid);Spizella atrogularis x breweri
Clay-colored/Brewer's Sparrow;Spizella pallida/breweri
Worthen's Sparrow;Spizella wortheni
Spizella sp.;Spizella sp.
Five-striped Sparrow;Amphispizopsis quinquestriata
Black-throated Sparrow;Amphispiza bilineata
Lark Sparrow;Chondestes grammacus
Lark Bunting;Calamospiza melanocorys
Costa Rican Brushfinch;Arremon costaricensis
Sierra Nevada Brushfinch;Arremon basilicus
Perija Brushfinch;Arremon perijanus
Black-headed Brushfinch;Arremon atricapillus
Caracas Brushfinch;Arremon phaeopleurus
Paria Brushfinch;Arremon phygas
Gray-browed Brushfinch;Arremon assimilis
White-browed Brushfinch;Arremon torquatus
stripe-headed brushfinch sp.;Arremon sp. (torquatus complex)
Orange-billed Sparrow;Arremon aurantiirostris
Orange-billed Sparrow (aurantiirostris Group);Arremon aurantiirostris [aurantiirostris Group]
Orange-billed Sparrow (erythrorhynchus);Arremon aurantiirostris erythrorhynchus
Orange-billed Sparrow (spectabilis);Arremon aurantiirostris spectabilis
Black-capped Sparrow;Arremon abeillei
Marañon Sparrow;Arremon nigriceps
Golden-winged Sparrow;Arremon schlegeli
Golden-winged Sparrow (Gray-backed);Arremon schlegeli canidorsum
Golden-winged Sparrow (Green-backed);Arremon schlegeli schlegeli/fratruelis
Yellow-mandibled Sparrow;Arremon axillaris
Pectoral Sparrow;Arremon taciturnus
Sao Francisco Sparrow;Arremon franciscanus
Half-collared Sparrow;Arremon semitorquatus
Moss-backed Sparrow;Arremon dorbignii
Saffron-billed Sparrow;Arremon flavirostris
Saffron-billed Sparrow (Gray-backed);Arremon flavirostris polionotus
Saffron-billed Sparrow (Saffron-billed);Arremon flavirostris flavirostris
Green-striped Brushfinch;Arremon virenticeps
Chestnut-capped Brushfinch;Arremon brunneinucha
Chestnut-capped Brushfinch (Plain-breasted);Arremon brunneinucha apertus
Chestnut-capped Brushfinch (Chestnut-capped);Arremon brunneinucha [brunneinucha Group]
Sooty-faced Finch;Arremon crassirostris
Olive Finch;Arremon castaneiceps
American Tree Sparrow;Spizelloides arborea
Spizella sp./American Tree Sparrow;Spizella/Spizelloides sp.
Fox Sparrow;Passerella iliaca
Fox Sparrow (Sooty);Passerella iliaca [unalaschcensis Group]
Fox Sparrow (Thick-billed);Passerella iliaca [megarhyncha Group]
Fox Sparrow (Slate-colored);Passerella iliaca [schistacea Group]
Fox Sparrow (Red);Passerella iliaca iliaca/zaboria
Fox Sparrow (Sooty x Red);Passerella iliaca [unalaschcensis Group] x zaboria
Dark-eyed Junco;Junco hyemalis
Dark-eyed Junco (Slate-colored/cismontanus);Junco hyemalis hyemalis/carolinensis/cismontanus
Dark-eyed Junco (Slate-colored);Junco hyemalis hyemalis/carolinensis
Dark-eyed Junco (cismontanus);Junco hyemalis cismontanus
Dark-eyed Junco (Oregon);Junco hyemalis [oreganus Group]
Dark-eyed Junco (Pink-sided);Junco hyemalis mearnsi
Dark-eyed Junco (Oregon x Pink-sided);Junco hyemalis [oreganus Group] x mearnsi
Dark-eyed Junco (White-winged);Junco hyemalis aikeni
Dark-eyed Junco (Pink-sided x White-winged);Junco hyemalis mearnsi x aikeni
Dark-eyed Junco (Gray-headed);Junco hyemalis caniceps
Dark-eyed Junco (Oregon x Gray-headed);Junco hyemalis [oreganus Group] x caniceps
Dark-eyed Junco (Pink-sided x Gray-headed);Junco hyemalis mearnsi x caniceps
Dark-eyed Junco (Red-backed);Junco hyemalis dorsalis
Dark-eyed Junco (Gray-headed x Red-backed);Junco hyemalis caniceps x dorsalis
Guadalupe Junco;Junco insularis
Yellow-eyed Junco;Junco phaeonotus
Yellow-eyed Junco (Mexican);Junco phaeonotus phaeonotus/palliatus
Yellow-eyed Junco (Chiapas);Junco phaeonotus fulvescens
Yellow-eyed Junco (Guatemalan);Junco phaeonotus alticola
Dark-eyed x Yellow-eyed Junco (hybrid);Junco hyemalis x phaeonotus
Dark-eyed/Yellow-eyed Junco;Junco hyemalis/phaeonotus
Baird's Junco;Junco bairdi
Volcano Junco;Junco vulcani
Rufous-collared Sparrow;Zonotrichia capensis
Rufous-collared Sparrow (Rufous-collared);Zonotrichia capensis [capensis Group]
Rufous-collared Sparrow (Patagonian);Zonotrichia capensis australis
White-crowned Sparrow;Zonotrichia leucophrys
White-crowned Sparrow (Dark-lored);Zonotrichia leucophrys leucophrys/oriantha
White-crowned Sparrow (leucophrys);Zonotrichia leucophrys leucophrys
White-crowned Sparrow (oriantha);Zonotrichia leucophrys oriantha
White-crowned Sparrow (Gambel's);Zonotrichia leucophrys gambelii
White-crowned Sparrow (Yellow-billed);Zonotrichia leucophrys nuttalli/pugetensis
White-crowned Sparrow (nuttalli);Zonotrichia leucophrys nuttalli
White-crowned Sparrow (pugetensis);Zonotrichia leucophrys pugetensis
Dark-eyed Junco x White-crowned Sparrow (hybrid);Junco hyemalis x Zonotrichia leucophrys
Golden-crowned Sparrow;Zonotrichia atricapilla
White-crowned x Golden-crowned Sparrow (hybrid);Zonotrichia leucophrys x atricapilla
Harris's Sparrow;Zonotrichia querula
American Tree x Harris's Sparrow (hybrid);Spizelloides arborea x Zonotrichia querula
White-crowned x Harris's Sparrow (hybrid);Zonotrichia leucophrys x querula
White-throated Sparrow;Zonotrichia albicollis
White-crowned x White-throated Sparrow (hybrid);Zonotrichia leucophrys x albicollis
Golden-crowned x White-throated Sparrow (hybrid);Zonotrichia atricapilla x albicollis
Dark-eyed Junco x White-throated Sparrow (hybrid);Junco hyemalis x Zonotrichia albicollis
White-crowned/White-throated Sparrow;Zonotrichia leucophrys/albicollis
Zonotrichia sp.;Zonotrichia sp.
Sagebrush Sparrow;Artemisiospiza nevadensis
Bell's Sparrow;Artemisiospiza belli
Bell's Sparrow (belli);Artemisiospiza belli belli
Bell's Sparrow (canescens);Artemisiospiza belli canescens
Bell's Sparrow (clementeae);Artemisiospiza belli clementeae
Bell's Sparrow (cinerea);Artemisiospiza belli cinerea
Sagebrush/Bell's Sparrow (Sage Sparrow);Artemisiospiza nevadensis/belli
Striped Sparrow;Oriturus superciliosus
Vesper Sparrow;Pooecetes gramineus
LeConte's Sparrow;Ammospiza leconteii
Seaside Sparrow;Ammospiza maritima
Seaside Sparrow (Atlantic);Ammospiza maritima maritima/macgillivraii
Seaside Sparrow (Dusky);Ammospiza maritima nigrescens
Seaside Sparrow (Gulf of Mexico);Ammospiza maritima [sennetti Group]
Seaside Sparrow (Cape Sable);Ammospiza maritima mirabilis
Nelson's Sparrow;Ammospiza nelsoni
Nelson's Sparrow (Interior);Ammospiza nelsoni nelsoni/altera
Nelson's Sparrow (Atlantic Coast);Ammospiza nelsoni subvirgata
LeConte's/Nelson's Sparrow;Ammospiza leconteii/nelsoni
Saltmarsh Sparrow;Ammospiza caudacuta
Nelson's x Saltmarsh Sparrow (hybrid);Ammospiza nelsoni x caudacuta
Nelson's/Saltmarsh Sparrow (Sharp-tailed Sparrow);Ammospiza nelsoni/caudacuta
Ammospiza sp.;Ammospiza sp.
Savannah Sparrow;Passerculus sandwichensis
Savannah Sparrow (Savannah);Passerculus sandwichensis [sandwichensis Group]
Savannah Sparrow (Ipswich);Passerculus sandwichensis princeps
Savannah Sparrow (Belding's);Passerculus sandwichensis [guttatus Group]
Savannah Sparrow (San Benito);Passerculus sandwichensis sanctorum
Savannah Sparrow (Large-billed);Passerculus sandwichensis rostratus/atratus
Grasshopper x Savannah Sparrow (hybrid);Ammodramus savannarum x Passerculus sandwichensis
Baird's Sparrow;Centronyx bairdii
Grasshopper/Baird's Sparrow;Ammodramus savannarum/Centronyx bairdii
Henslow's Sparrow;Centronyx henslowii
Grasshopper/Henslow's Sparrow;Ammodramus savannarum/Centronyx henslowii
Sierra Madre Sparrow;Xenospiza baileyi
Song Sparrow;Melospiza melodia
Song Sparrow (melodia/atlantica);Melospiza melodia melodia/atlantica
Song Sparrow (sanaka/maxima);Melospiza melodia sanaka/maxima
Song Sparrow (rufina Group);Melospiza melodia [rufina Group]
Song Sparrow (montana/merrilli);Melospiza melodia montana/merrilli
Song Sparrow (heermanni Group);Melospiza melodia [heermanni Group]
Song Sparrow (samuelsis);Melospiza melodia samuelsis
Song Sparrow (pusillula);Melospiza melodia pusillula
Song Sparrow (fallax Group);Melospiza melodia [fallax Group]
Song Sparrow (mexicana Group);Melospiza melodia [mexicana Group]
Lincoln's Sparrow;Melospiza lincolnii
Song x Lincoln's Sparrow (hybrid);Melospiza melodia x lincolnii
Swamp Sparrow;Melospiza georgiana
Song x Swamp Sparrow (hybrid);Melospiza melodia x georgiana
Lincoln's/Swamp Sparrow;Melospiza lincolnii/georgiana
Large-footed Finch;Pezopetes capitalis
Zapata Sparrow;Torreornis inexpectata
Rusty-crowned Ground-Sparrow;Melozone kieneri
Canyon Towhee;Melozone fusca
White-throated Towhee;Melozone albicollis
Abert's Towhee;Melozone aberti
Canyon x Abert's Towhee (hybrid);Melozone fusca x aberti
Canyon/Abert's Towhee;Melozone fusca/aberti
California Towhee;Melozone crissalis
Abert's x California Towhee (hybrid);Melozone aberti x crissalis
Gray-crowned Ground-Sparrow;Melozone occipitalis
White-eared Ground-Sparrow;Melozone leucotis
White-faced Ground-Sparrow;Melozone biarcuata
Cabanis's Ground-Sparrow;Melozone cabanisi
Rusty Sparrow;Aimophila rufescens
Rufous-crowned Sparrow;Aimophila ruficeps
Oaxaca Sparrow;Aimophila notosticta
Green-tailed Towhee;Pipilo chlorurus
Spotted Towhee;Pipilo maculatus
Spotted Towhee (oregonus Group);Pipilo maculatus [oregonus Group]
Spotted Towhee (arcticus);Pipilo maculatus arcticus
Spotted Towhee (maculatus Group);Pipilo maculatus [maculatus Group]
Spotted Towhee (Olive-backed);Pipilo maculatus macronyx
Spotted Towhee (Socorro);Pipilo maculatus socorroensis
Chestnut-capped Brushfinch x Spotted Towhee (hybrid);Arremon brunneinucha x Pipilo maculatus
Canyon x Spotted Towhee (hybrid);Melozone fusca x Pipilo maculatus
California x Spotted Towhee (hybrid);Melozone crissalis x Pipilo maculatus
Green-tailed x Spotted Towhee (hybrid);Pipilo chlorurus x maculatus
Eastern Towhee;Pipilo erythrophthalmus
Eastern Towhee (Red-eyed);Pipilo erythrophthalmus erythrophthalmus/canaster
Eastern Towhee (White-eyed);Pipilo erythrophthalmus alleni/rileyi
Spotted x Eastern Towhee (hybrid);Pipilo maculatus x erythrophthalmus
Spotted/Eastern Towhee (Rufous-sided Towhee);Pipilo maculatus/erythrophthalmus
Bermuda Towhee;Pipilo naufragus
Collared Towhee;Pipilo ocai
Spotted x Collared Towhee (hybrid);Pipilo maculatus x ocai
towhee sp.;Melozone/Pipilo sp.
Rufous-capped Brushfinch;Atlapetes pileatus
White-naped Brushfinch;Atlapetes albinucha
White-naped Brushfinch (White-naped);Atlapetes albinucha albinucha
White-naped Brushfinch (Yellow-throated);Atlapetes albinucha [gutturalis Group]
Yellow-thighed Brushfinch;Atlapetes tibialis
Yellow-green Brushfinch;Atlapetes luteoviridis
Moustached Brushfinch;Atlapetes albofrenatus
Moustached Brushfinch (Moustached);Atlapetes albofrenatus albofrenatus
Moustached Brushfinch (Merida);Atlapetes albofrenatus meridae
Tepui Brushfinch;Atlapetes personatus
Santa Marta Brushfinch;Atlapetes melanocephalus
Ochre-breasted Brushfinch;Atlapetes semirufus
Yellow-headed Brushfinch;Atlapetes flaviceps
Dusky-headed Brushfinch;Atlapetes fuscoolivaceus
White-naped x Dusky-headed Brushfinch (hybrid);Atlapetes albinucha x fuscoolivaceus
White-rimmed Brushfinch;Atlapetes leucopis
White-headed Brushfinch;Atlapetes albiceps
Rufous-eared Brushfinch;Atlapetes rufigenis
Choco Brushfinch;Atlapetes crassus
Golden-crowned Brushfinch;Atlapetes tricolor
Northern Slaty Brushfinch;Atlapetes schistaceus
Peruvian Slaty Brushfinch;Atlapetes taczanowskii
Pale-naped Brushfinch;Atlapetes pallidinucha
Antioquia Brushfinch;Atlapetes blancae
Black-fronted Brushfinch;Atlapetes nigrifrons
Moustached x Black-fronted Brushfinch (hybrid);Atlapetes albofrenatus x nigrifrons
Yellow-breasted Brushfinch;Atlapetes latinuchus
White-winged Brushfinch;Atlapetes leucopterus
White-winged Brushfinch (White-winged);Atlapetes leucopterus leucopterus/dresseri
White-winged Brushfinch (Paynter's);Atlapetes leucopterus paynteri
Pale-headed Brushfinch;Atlapetes pallidiceps
Bay-crowned Brushfinch;Atlapetes seebohmi
Rusty-bellied Brushfinch;Atlapetes nationi
Apurimac Brushfinch;Atlapetes forbesi
Black-spectacled Brushfinch;Atlapetes melanopsis
Vilcabamba Brushfinch;Atlapetes terborghi
Cuzco Brushfinch;Atlapetes canigenis
Black-faced Brushfinch;Atlapetes melanolaemus
Bolivian Brushfinch;Atlapetes rufinucha
Black-faced x Bolivian Brushfinch (hybrid);Atlapetes melanolaemus x rufinucha
Fulvous-headed Brushfinch;Atlapetes fulviceps
Yellow-striped Brushfinch;Atlapetes citrinellus
Atlapetes sp.;Atlapetes sp.
new world sparrow sp.;Passerellidae sp.
Western Chat-Tanager;Calyptophilus tertius
Eastern Chat-Tanager;Calyptophilus frugivorus
Black-crowned Palm-Tanager;Phaenicophilus palmarum
Gray-crowned Palm-Tanager;Phaenicophilus poliocephalus
Black-crowned x Gray-crowned Palm-Tanager (hybrid);Phaenicophilus palmarum x poliocephalus
Black-crowned/Gray-crowned Palm-Tanager;Phaenicophilus palmarum/poliocephalus
White-winged Warbler;Xenoligea montana
Green-tailed Warbler;Microligea palustris
Puerto Rican Tanager;Nesospingus speculiferus
Western Spindalis;Spindalis zena
Western Spindalis (Bahamas Black-backed);Spindalis zena zena
Western Spindalis (Bahamas Green-backed);Spindalis zena townsendi
Western Spindalis (Cuban);Spindalis zena pretrei
Western Spindalis (Grand Cayman I.);Spindalis zena salvini
Western Spindalis (Cozumel I.);Spindalis zena benedicti
Jamaican Spindalis;Spindalis nigricephala
Hispaniolan Spindalis;Spindalis dominicensis
Puerto Rican Spindalis;Spindalis portoricensis
Wrenthrush;Zeledonia coronata
Yellow-headed Warbler;Teretistris fernandinae
Oriente Warbler;Teretistris fornsi
Yellow-headed x Oriente Warbler (hybrid);Teretistris fernandinae x fornsi
Yellow-headed/Oriente Warbler;Teretistris fernandinae/fornsi
Yellow-breasted Chat;Icteria virens
Yellow-breasted Chat (virens);Icteria virens virens
Yellow-breasted Chat (auricollis);Icteria virens auricollis
Yellow-headed Blackbird;Xanthocephalus xanthocephalus
Bobolink;Dolichonyx oryzivorus
Western Meadowlark;Sturnella neglecta
Eastern Meadowlark;Sturnella magna
Eastern Meadowlark (Cuban);Sturnella magna hippocrepis
Eastern Meadowlark (Eastern);Sturnella magna [magna Group]
Western x Eastern Meadowlark (hybrid);Sturnella neglecta x magna
Western/Eastern Meadowlark;Sturnella neglecta/magna
Chihuahuan Meadowlark;Sturnella lilianae
Western x Chihuahuan Meadowlark (hybrid);Sturnella neglecta x lilianae
Western/Chihuahuan Meadowlark;Sturnella neglecta/lilianae
Eastern/Chihuahuan Meadowlark;Sturnella magna/lilianae
Sturnella meadowlark sp.;Sturnella sp.
Red-breasted Meadowlark;Leistes militaris
White-browed Meadowlark;Leistes superciliaris
Peruvian Meadowlark;Leistes bellicosus
Pampas Meadowlark;Leistes defilippii
Long-tailed Meadowlark;Leistes loyca
Long-tailed Meadowlark (Sierran);Leistes loyca obscurus
Long-tailed Meadowlark (Long-tailed);Leistes loyca [loyca Group]
Leistes sp.;Leistes sp.
Yellow-billed Cacique;Amblycercus holosericeus
Yellow-billed Cacique (Prevost's);Amblycercus holosericeus holosericeus/flavirostris
Yellow-billed Cacique (Chapman's);Amblycercus holosericeus australis
Yellow-winged Cacique;Cassiculus melanicterus
Russet-backed Oropendola;Psarocolius angustifrons
Russet-backed Oropendola (Russet-backed);Psarocolius angustifrons [angustifrons Group]
Russet-backed Oropendola (Green-billed);Psarocolius angustifrons oleagineus
Dusky-green Oropendola;Psarocolius atrovirens
Green Oropendola;Psarocolius viridis
Crested Oropendola;Psarocolius decumanus
Chestnut-headed Oropendola;Psarocolius wagleri
Montezuma Oropendola;Psarocolius montezuma
Black Oropendola;Psarocolius guatimozinus
Baudo Oropendola;Psarocolius cassini
Olive Oropendola;Psarocolius bifasciatus
Olive Oropendola (Amazonian);Psarocolius bifasciatus yuracares/neivae
Olive Oropendola (Para);Psarocolius bifasciatus bifasciatus
oropendola sp.;Psarocolius sp.
Solitary Black Cacique;Cacicus solitarius
Golden-winged Cacique;Cacicus chrysopterus
Ecuadorian Cacique;Cacicus sclateri
Selva Cacique;Cacicus koepckeae
Scarlet-rumped Cacique;Cacicus uropygialis
Scarlet-rumped Cacique (Scarlet-rumped);Cacicus uropygialis microrhynchus
Scarlet-rumped Cacique (Pacific);Cacicus uropygialis pacificus
Scarlet-rumped Cacique (Subtropical);Cacicus uropygialis uropygialis
Yellow-rumped Cacique;Cacicus cela
Yellow-rumped Cacique (Western);Cacicus cela flavicrissus/vitellinus
Yellow-rumped Cacique (Amazonian);Cacicus cela cela
Mountain Cacique;Cacicus chrysonotus
Mountain Cacique (Golden-shouldered);Cacicus chrysonotus leucoramphus/peruvianus
Mountain Cacique (Bolivian);Cacicus chrysonotus chrysonotus
Band-tailed Cacique;Cacicus latirostris
Red-rumped Cacique;Cacicus haemorrhous
Casqued Cacique;Cacicus oseryi
cacique sp.;Cacicus sp.
Hispaniolan Oriole;Icterus dominicensis
Cuban Oriole;Icterus melanopsis
Bahama Oriole;Icterus northropi
Puerto Rican Oriole;Icterus portoricensis
St. Lucia Oriole;Icterus laudabilis
Montserrat Oriole;Icterus oberi
Martinique Oriole;Icterus bonana
Black-vented Oriole;Icterus wagleri
Bar-winged Oriole;Icterus maculialatus
Black-cowled Oriole;Icterus prosthemelas
Orchard Oriole;Icterus spurius
Orchard Oriole (Orchard);Icterus spurius spurius
Orchard Oriole (Fuertes's);Icterus spurius fuertesi
Hooded Oriole;Icterus cucullatus
Hooded Oriole (cucullatus/sennetti);Icterus cucullatus cucullatus/sennetti
Hooded Oriole (nelsoni Group);Icterus cucullatus [nelsoni Group]
Hooded Oriole (igneus);Icterus cucullatus igneus
Yellow-breasted Chat x Hooded Oriole (hybrid);Icteria virens x Icterus cucullatus
Orchard x Hooded Oriole (hybrid);Icterus spurius x cucullatus
Orchard/Hooded Oriole;Icterus spurius/cucullatus
Yellow-backed Oriole;Icterus chrysater
Orange-crowned Oriole;Icterus auricapillus
White-edged Oriole;Icterus graceannae
Yellow-tailed Oriole;Icterus mesomelas
White-edged/Yellow-tailed Oriole;Icterus graceannae/mesomelas
Epaulet Oriole;Icterus cayanensis
Epaulet Oriole (Moriche);Icterus cayanensis chrysocephalus
Epaulet Oriole (Epaulet);Icterus cayanensis cayanensis
Variable Oriole;Icterus pyrrhopterus
Variable Oriole (Yellow-shouldered);Icterus pyrrhopterus tibialis
Variable Oriole (Chestnut-shouldered);Icterus pyrrhopterus [pyrrhopterus Group]
Venezuelan Troupial;Icterus icterus
Campo Troupial;Icterus jamacaii
Orange-backed Troupial;Icterus croconotus
troupial sp.;Icterus icterus/croconotus/jamacaii
Streak-backed Oriole;Icterus pustulatus
Streak-backed Oriole (West Mexican);Icterus pustulatus [pustulatus Group]
Streak-backed Oriole (Streak-backed);Icterus pustulatus [sclateri Group]
Streak-backed Oriole (Tres Marias Is.);Icterus pustulatus graysonii
Black-vented x Streak-backed Oriole (hybrid);Icterus wagleri x pustulatus
Bullock's Oriole;Icterus bullockii
Hooded x Bullock's Oriole (hybrid);Icterus cucullatus x bullockii
Orange Oriole;Icterus auratus
Jamaican Oriole;Icterus leucopteryx
Yellow Oriole;Icterus nigrogularis
Spot-breasted Oriole;Icterus pectoralis
Altamira Oriole;Icterus gularis
Audubon's Oriole;Icterus graduacauda
Audubon's Oriole (Audubon's);Icterus graduacauda graduacauda/audubonii
Audubon's Oriole (Dickey's);Icterus graduacauda dickeyae/nayaritensis
Altamira x Audubon's Oriole (hybrid);Icterus gularis x graduacauda
Baltimore Oriole;Icterus galbula
Bullock's x Baltimore Oriole (hybrid);Icterus bullockii x galbula
Bullock's/Baltimore Oriole;Icterus bullockii/galbula
Black-backed Oriole;Icterus abeillei
Bullock's x Black-backed Oriole (hybrid);Icterus bullockii x abeillei
Bullock's/Black-backed Oriole;Icterus bullockii/abeillei
Scott's Oriole;Icterus parisorum
new world oriole sp.;Icterus sp.
Jamaican Blackbird;Nesopsar nigerrimus
Red-winged Blackbird;Agelaius phoeniceus
Red-winged Blackbird (Red-winged);Agelaius phoeniceus [phoeniceus Group]
Red-winged Blackbird (California Bicolored);Agelaius phoeniceus californicus/mailliardorum
Red-winged Blackbird (Mexican Bicolored);Agelaius phoeniceus gubernator
Red-shouldered Blackbird;Agelaius assimilis
Tricolored Blackbird;Agelaius tricolor
Red-winged/Tricolored Blackbird;Agelaius phoeniceus/tricolor
Tawny-shouldered Blackbird;Agelaius humeralis
Red-shouldered/Tawny-shouldered Blackbird;Agelaius assimilis/humeralis
Yellow-shouldered Blackbird;Agelaius xanthomus
Screaming Cowbird;Molothrus rufoaxillaris
Shiny Cowbird;Molothrus bonariensis
Screaming/Shiny Cowbird;Molothrus rufoaxillaris/bonariensis
Bronzed Cowbird;Molothrus aeneus
Bronzed Cowbird (Bronzed);Molothrus aeneus [aeneus Group]
Bronzed Cowbird (Bronze-brown);Molothrus aeneus armenti
Shiny/Bronzed Cowbird;Molothrus bonariensis/aeneus
Brown-headed Cowbird;Molothrus ater
Shiny/Brown-headed Cowbird;Molothrus bonariensis/ater
Bronzed/Brown-headed Cowbird;Molothrus aeneus/ater
Giant Cowbird;Molothrus oryzivorus
Melodious Blackbird;Dives dives
Scrub Blackbird;Dives warczewiczi
Cuban Blackbird;Ptiloxena atroviolacea
Rusty Blackbird;Euphagus carolinus
Brewer's Blackbird;Euphagus cyanocephalus
Rusty/Brewer's Blackbird;Euphagus carolinus/cyanocephalus
Common Grackle;Quiscalus quiscula
Common Grackle (Florida/Purple);Quiscalus quiscula quiscula/stonei
Common Grackle (Purple);Quiscalus quiscula stonei
Common Grackle (Florida);Quiscalus quiscula quiscula
Common Grackle (Bronzed);Quiscalus quiscula versicolor
Boat-tailed Grackle;Quiscalus major
Boat-tailed Grackle (major);Quiscalus major major
Boat-tailed Grackle (torreyi/alabamensis);Quiscalus major torreyi/alabamensis
Boat-tailed Grackle (westoni);Quiscalus major westoni
Great-tailed Grackle;Quiscalus mexicanus
Great-tailed Grackle (Western);Quiscalus mexicanus [graysoni Group]
Great-tailed Grackle (Great-tailed);Quiscalus mexicanus [mexicanus Group]
Brewer's Blackbird x Great-tailed Grackle (hybrid);Euphagus cyanocephalus x Quiscalus mexicanus
Common x Great-tailed Grackle (hybrid);Quiscalus quiscula x mexicanus
Boat-tailed x Great-tailed Grackle (hybrid);Quiscalus major x mexicanus
Boat-tailed/Great-tailed Grackle;Quiscalus major/mexicanus
Slender-billed Grackle;Quiscalus palustris
Nicaraguan Grackle;Quiscalus nicaraguensis
Greater Antillean Grackle;Quiscalus niger
Carib Grackle;Quiscalus lugubris
Carib Grackle (Carib);Quiscalus lugubris [lugubris Group]
Carib Grackle (Barbados);Quiscalus lugubris fortirostris
grackle sp.;Quiscalus sp.
Red-bellied Grackle;Hypopyrrhus pyrohypogaster
Velvet-fronted Grackle;Lampropsar tanagrinus
Oriole Blackbird;Gymnomystax mexicanus
Mountain Grackle;Macroagelaius subalaris
Golden-tufted Grackle;Macroagelaius imthurni
Austral Blackbird;Curaeus curaeus
Scarlet-headed Blackbird;Amblyramphus holosericeus
Forbes's Blackbird;Anumara forbesi
Chopi Blackbird;Gnorimopsar chopi
Bolivian Blackbird;Oreopsar bolivianus
Grayish Baywing;Agelaioides badius
Pale Baywing;Agelaioides fringillarius
Grayish/Pale Baywing;Agelaioides badius/fringillarius
Pale-eyed Blackbird;Agelasticus xanthophthalmus
Unicolored Blackbird;Agelasticus cyanopus
Unicolored Blackbird (Azara's);Agelasticus cyanopus atroolivaceus/unicolor
Unicolored Blackbird (Yellow-breasted);Agelasticus cyanopus cyanopus
Yellow-winged Blackbird;Agelasticus thilius
Chestnut-capped Blackbird;Chrysomus ruficapillus
Yellow-hooded Blackbird;Chrysomus icterocephalus
Saffron-cowled Blackbird;Xanthopsar flavus
Yellow-rumped Marshbird;Pseudoleistes guirahuro
Brown-and-yellow Marshbird;Pseudoleistes virescens
blackbird sp.;Icteridae sp.
Ovenbird;Seiurus aurocapilla
Worm-eating Warbler;Helmitheros vermivorum
Chipping Sparrow/Worm-eating Warbler;Spizella passerina/Helmitheros vermivorum
Louisiana Waterthrush;Parkesia motacilla
Northern Waterthrush;Parkesia noveboracensis
Louisiana/Northern Waterthrush;Parkesia motacilla/noveboracensis
Bachman's Warbler;Vermivora bachmanii
Golden-winged Warbler;Vermivora chrysoptera
Blue-winged Warbler;Vermivora cyanoptera
Golden-winged x Blue-winged Warbler (hybrid);Vermivora chrysoptera x cyanoptera
Brewster's Warbler (hybrid);Vermivora chrysoptera x cyanoptera (F1 hybrid)
Lawrence's Warbler (hybrid);Vermivora chrysoptera x cyanoptera (F2 backcross)
Golden-winged/Blue-winged Warbler;Vermivora chrysoptera/cyanoptera
Black-and-white Warbler;Mniotilta varia
Prothonotary Warbler;Protonotaria citrea
Swainson's Warbler;Limnothlypis swainsonii
Crescent-chested Warbler;Oreothlypis superciliosa
Flame-throated Warbler;Oreothlypis gutturalis
Tennessee Warbler;Leiothlypis peregrina
Orange-crowned Warbler;Leiothlypis celata
Orange-crowned Warbler (Gray-headed);Leiothlypis celata celata/orestera
Orange-crowned Warbler (celata);Leiothlypis celata celata
Orange-crowned Warbler (orestera);Leiothlypis celata orestera
Orange-crowned Warbler (lutescens);Leiothlypis celata lutescens
Orange-crowned Warbler (sordida);Leiothlypis celata sordida
Colima Warbler;Leiothlypis crissalis
Lucy's Warbler;Leiothlypis luciae
Nashville Warbler;Leiothlypis ruficapilla
Nashville Warbler (ruficapilla);Leiothlypis ruficapilla ruficapilla
Nashville Warbler (ridgwayi);Leiothlypis ruficapilla ridgwayi
Tennessee x Nashville Warbler (hybrid);Leiothlypis peregrina x ruficapilla
Orange-crowned x Nashville Warbler (hybrid);Leiothlypis celata x ruficapilla
Virginia's Warbler;Leiothlypis virginiae
Colima x Virginia's Warbler (hybrid);Leiothlypis crissalis x virginiae
Colima/Virginia's Warbler;Leiothlypis crissalis/virginiae
Leiothlypis sp.;Leiothlypis sp.
Semper's Warbler;Leucopeza semperi
Connecticut Warbler;Oporornis agilis
Gray-crowned Yellowthroat;Geothlypis poliocephala
Masked Yellowthroat;Geothlypis aequinoctialis
Black-lored Yellowthroat;Geothlypis auricularis
Southern Yellowthroat;Geothlypis velata
masked yellowthroat sp.;Geothlypis aequinoctialis/auricularis/velata
MacGillivray's Warbler;Geothlypis tolmiei
Mourning Warbler;Geothlypis philadelphia
Connecticut x Mourning Warbler (hybrid);Oporornis agilis x Geothlypis philadelphia
MacGillivray's x Mourning Warbler (hybrid);Geothlypis tolmiei x philadelphia
Connecticut/MacGillivray's/Mourning Warbler;Oporornis/Geothlypis sp. (Mourning-type)
MacGillivray's/Mourning Warbler;Geothlypis tolmiei/philadelphia
Kentucky Warbler;Geothlypis formosa
Mourning x Kentucky Warbler (hybrid);Geothlypis philadelphia x formosa
Olive-crowned Yellowthroat;Geothlypis semiflava
Olive-crowned Yellowthroat (Baird's);Geothlypis semiflava bairdi
Olive-crowned Yellowthroat (Chiriqui);Geothlypis semiflava chiriquensis
Olive-crowned Yellowthroat (Olive-crowned);Geothlypis semiflava semiflava
Black-polled Yellowthroat;Geothlypis speciosa
Belding's Yellowthroat;Geothlypis beldingi
Bahama Yellowthroat;Geothlypis rostrata
Altamira Yellowthroat;Geothlypis flavovelata
Common Yellowthroat;Geothlypis trichas
Common Yellowthroat (arizela Group);Geothlypis trichas [arizela Group]
Common Yellowthroat (melanops Group);Geothlypis trichas [melanops Group]
Common Yellowthroat (trichas Group);Geothlypis trichas [trichas Group]
Common Yellowthroat (insperata);Geothlypis trichas insperata
Common Yellowthroat (chapalensis);Geothlypis trichas chapalensis
Gray-crowned x Common Yellowthroat (hybrid);Geothlypis poliocephala x trichas
MacGillivray's Warbler x Common Yellowthroat (hybrid);Geothlypis tolmiei x trichas
Mourning Warbler x Common Yellowthroat (hybrid);Geothlypis philadelphia x trichas
Kentucky Warbler x Common Yellowthroat (hybrid);Geothlypis formosa x trichas
Hooded Yellowthroat;Geothlypis nelsoni
yellowthroat sp.;Geothlypis sp. (yellowthroat sp.)
Whistling Warbler;Catharopeza bishopi
Plumbeous Warbler;Setophaga plumbea
Elfin-woods Warbler;Setophaga angelae
Arrowhead Warbler;Setophaga pharetra
Hooded Warbler;Setophaga citrina
American Redstart;Setophaga ruticilla
Kirtland's Warbler;Setophaga kirtlandii
Cape May Warbler;Setophaga tigrina
Cerulean Warbler;Setophaga cerulea
Blue-winged x Cerulean Warbler (hybrid);Vermivora cyanoptera x Setophaga cerulea
Northern Parula;Setophaga americana
American Redstart x Northern Parula (hybrid);Setophaga ruticilla x americana
Cerulean Warbler x Northern Parula (hybrid);Setophaga cerulea x americana
Tropical Parula;Setophaga pitiayumi
Tropical Parula (Northeast Mexico);Setophaga pitiayumi nigrilora
Tropical Parula (West Mexico);Setophaga pitiayumi pulchra
Tropical Parula (Tres Marias Is.);Setophaga pitiayumi insularis
Tropical Parula (Socorro I.);Setophaga pitiayumi graysoni
Tropical Parula (Middle American);Setophaga pitiayumi inornata
Tropical Parula (Coiba I.);Setophaga pitiayumi cirrha
Tropical Parula (South American);Setophaga pitiayumi [pitiayumi Group]
Northern x Tropical Parula (hybrid);Setophaga americana x pitiayumi
Northern/Tropical Parula;Setophaga americana/pitiayumi
Magnolia Warbler;Setophaga magnolia
Nashville x Magnolia Warbler (hybrid);Leiothlypis ruficapilla x Setophaga magnolia
American Redstart x Magnolia Warbler (hybrid);Setophaga ruticilla x magnolia
Cape May x Magnolia Warbler (hybrid);Setophaga tigrina x magnolia
Bay-breasted Warbler;Setophaga castanea
Blackburnian Warbler;Setophaga fusca
Black-and-white x Blackburnian Warbler (hybrid);Mniotilta varia x Setophaga fusca
Bay-breasted x Blackburnian Warbler (hybrid);Setophaga castanea x fusca
Northern Yellow Warbler;Setophaga aestiva
Common Yellowthroat x Northern Yellow Warbler (hybrid);Geothlypis trichas x Setophaga aestiva
Hooded x Northern Yellow Warbler (hybrid);Setophaga citrina x aestiva
American Redstart x Northern Yellow Warbler (hybrid);Setophaga ruticilla x aestiva
Mangrove Yellow Warbler;Setophaga petechia
Mangrove Yellow Warbler (Mexican);Setophaga petechia [castaneiceps Group]
Mangrove Yellow Warbler (Panama);Setophaga petechia [erithachorides Group]
Mangrove Yellow Warbler (Ecuadorian);Setophaga petechia peruviana
Mangrove Yellow Warbler (Galapagos);Setophaga petechia aureola
Mangrove Yellow Warbler (Cozumel);Setophaga petechia rufivertex
Mangrove Yellow Warbler (San Andres);Setophaga petechia flavida/armouri
Mangrove Yellow Warbler (Greater Antillean);Setophaga petechia [albicollis Group]
Mangrove Yellow Warbler (Lesser Antillean);Setophaga petechia [petechia Group]
Mangrove Yellow Warbler (Martinique);Setophaga petechia ruficapilla
Mangrove Yellow Warbler (Mexican x Cozumel);Setophaga petechia [castaneiceps Group] x rufivertex
Northern/Mangrove Yellow Warbler;Setophaga aestiva/petechia
Chestnut-sided Warbler;Setophaga pensylvanica
Brewster's x Chestnut-sided Warbler (hybrid);Vermivora chrysoptera x cyanoptera (F1 hybrid) x Setophaga pensylvanica
Black-and-white x Chestnut-sided Warbler (hybrid);Mniotilta varia x Setophaga pensylvanica
American Redstart x Chestnut-sided Warbler (hybrid);Setophaga ruticilla x pensylvanica
Magnolia x Chestnut-sided Warbler (hybrid);Setophaga magnolia x pensylvanica
Blackpoll Warbler;Setophaga striata
Bay-breasted x Blackpoll Warbler (hybrid);Setophaga castanea x striata
Bay-breasted/Blackpoll Warbler;Setophaga castanea/striata
Black-throated Blue Warbler;Setophaga caerulescens
Cerulean x Black-throated Blue Warbler (hybrid);Setophaga cerulea x caerulescens
Magnolia x Black-throated Blue Warbler (hybrid);Setophaga magnolia x caerulescens
Northern Yellow x Black-throated Blue Warbler (hybrid);Setophaga aestiva x caerulescens
Chestnut-sided x Black-throated Blue Warbler (hybrid);Setophaga pensylvanica x caerulescens
Palm Warbler;Setophaga palmarum
Palm Warbler (Western);Setophaga palmarum palmarum
Palm Warbler (Yellow);Setophaga palmarum hypochrysea
Magnolia x Palm Warbler (hybrid);Setophaga magnolia x palmarum
Olive-capped Warbler;Setophaga pityophila
Pine Warbler;Setophaga pinus
Dark-eyed Junco/Pine Warbler;Junco hyemalis/Setophaga pinus
Yellow-rumped Warbler;Setophaga coronata
Yellow-rumped Warbler (Myrtle);Setophaga coronata coronata
Yellow-rumped Warbler (Audubon's);Setophaga coronata auduboni
Yellow-rumped Warbler (Myrtle x Audubon's);Setophaga coronata coronata x auduboni
Yellow-rumped Warbler (West Mexico);Setophaga coronata nigrifrons
Yellow-rumped Warbler (Goldman's);Setophaga coronata goldmani
Cape May x Yellow-rumped Warbler (hybrid);Setophaga tigrina x coronata
Northern Parula x Yellow-rumped Warbler (hybrid);Setophaga americana x coronata
Magnolia x Yellow-rumped Warbler (hybrid);Setophaga magnolia x coronata
Chestnut-sided x Yellow-rumped Warbler (hybrid);Setophaga pensylvanica x coronata
Black-throated Blue x Yellow-rumped Warbler (hybrid);Setophaga caerulescens x coronata
Palm x Yellow-rumped Warbler (hybrid);Setophaga palmarum x coronata
Yellow-throated Warbler;Setophaga dominica
Yellow-throated Warbler (albilora);Setophaga dominica albilora
Yellow-throated Warbler (dominica/stoddardi);Setophaga dominica dominica/stoddardi
Northern Parula x Yellow-throated Warbler (hybrid);Setophaga americana x dominica
Pine x Yellow-throated Warbler (hybrid);Setophaga pinus x dominica
Yellow-rumped x Yellow-throated Warbler (hybrid);Setophaga coronata x dominica
Cerulean x Yellow-throated Warbler (hybrid);Setophaga cerulea x dominica
Bahama Warbler;Setophaga flavescens
Vitelline Warbler;Setophaga vitellina
Prairie Warbler;Setophaga discolor
Blue-winged x Prairie Warbler (hybrid);Vermivora cyanoptera x Setophaga discolor
Northern Yellow x Prairie Warbler (hybrid);Setophaga aestiva x discolor
American Redstart x Prairie Warbler (hybrid);Setophaga ruticilla x discolor
Adelaide's Warbler;Setophaga adelaidae
Barbuda Warbler;Setophaga subita
St. Lucia Warbler;Setophaga delicata
Grace's Warbler;Setophaga graciae
Yellow-rumped x Grace's Warbler (hybrid);Setophaga coronata x graciae
Black-throated Gray Warbler;Setophaga nigrescens
Northern Parula x Black-throated Gray Warbler (hybrid);Setophaga americana x nigrescens
Yellow-rumped x Black-throated Gray Warbler (hybrid);Setophaga coronata x nigrescens
Grace's x Black-throated Gray Warbler (hybrid);Setophaga graciae x nigrescens
Townsend's Warbler;Setophaga townsendi
Yellow-rumped x Townsend's Warbler (hybrid);Setophaga coronata x townsendi
Black-throated Gray x Townsend's Warbler (hybrid);Setophaga nigrescens x townsendi
Black-throated Gray/Townsend's Warbler;Setophaga nigrescens/townsendi
Hermit Warbler;Setophaga occidentalis
Yellow-rumped x Hermit Warbler (hybrid);Setophaga coronata x occidentalis
Black-throated Gray x Hermit Warbler (hybrid);Setophaga nigrescens x occidentalis
Townsend's x Hermit Warbler (hybrid);Setophaga townsendi x occidentalis
Black-throated Gray/Hermit Warbler;Setophaga nigrescens/occidentalis
Black-throated Gray/Townsend's/Hermit Warbler;Setophaga nigrescens/townsendi/occidentalis
Townsend's/Hermit Warbler;Setophaga townsendi/occidentalis
Golden-cheeked Warbler;Setophaga chrysoparia
Black-throated Green Warbler;Setophaga virens
Yellow-rumped x Black-throated Green Warbler (hybrid);Setophaga coronata x virens
Townsend's x Black-throated Green Warbler (hybrid);Setophaga townsendi x virens
Setophaga sp.;Setophaga sp.
Fan-tailed Warbler;Euthlypis lachrymosa
Rufous-capped Warbler;Basileuterus rufifrons
Rufous-capped Warbler (rufifrons Group);Basileuterus rufifrons [rufifrons Group]
Rufous-capped Warbler (salvini);Basileuterus rufifrons salvini
Common Yellowthroat x Rufous-capped Warbler (hybrid);Geothlypis trichas x Basileuterus rufifrons
Chestnut-capped Warbler;Basileuterus delattrii
Rufous-capped/Chestnut-capped Warbler;Basileuterus rufifrons/delattrii
Black-cheeked Warbler;Basileuterus melanogenys
Azuero Warbler (undescribed form);Basileuterus [undescribed form]
Pirre Warbler;Basileuterus ignotus
Golden-browed Warbler;Basileuterus belli
Golden-crowned Warbler;Basileuterus culicivorus
Golden-crowned Warbler (Stripe-crowned);Basileuterus culicivorus [culicivorus Group]
Golden-crowned Warbler (Cabanis's);Basileuterus culicivorus [cabanisi Group]
Golden-crowned Warbler (Golden-crowned);Basileuterus culicivorus [auricapilla Group]
Golden-crowned Warbler (White-bellied);Basileuterus culicivorus hypoleucus
Costa Rican Warbler;Basileuterus melanotis
Tacarcuna Warbler;Basileuterus tacarcunae
Three-striped Warbler;Basileuterus tristriatus
Three-striped Warbler (San Lucas);Basileuterus tristriatus sanlucasensis
Three-striped Warbler (daedalus);Basileuterus tristriatus daedalus
Three-striped Warbler (auricularis);Basileuterus tristriatus auricularis
Three-striped Warbler (Venezuelan);Basileuterus tristriatus meridanus/bessereri
Three-striped Warbler (Paria);Basileuterus tristriatus pariae
Three-striped Warbler (Three-striped);Basileuterus tristriatus tristriatus/baezae
Yungas Warbler;Basileuterus punctipectus
Three-banded Warbler;Basileuterus trifasciatus
Basileuterus sp.;Basileuterus sp.
Gray-headed Warbler;Myiothlypis griseiceps
Santa Marta Warbler;Myiothlypis basilica
Citrine Warbler;Myiothlypis luteoviridis
Citrine Warbler (Northern);Myiothlypis luteoviridis [luteoviridis Group]
Citrine Warbler (Peruvian);Myiothlypis luteoviridis striaticeps
Citrine Warbler (Bolivian);Myiothlypis luteoviridis euophrys
White-striped Warbler;Myiothlypis leucophrys
Flavescent Warbler;Myiothlypis flaveola
Golden-crowned x Flavescent Warbler (hybrid);Basileuterus culicivorus x Myiothlypis flaveola
White-browed Warbler;Myiothlypis leucoblephara
Pale-legged Warbler;Myiothlypis signata
Black-crested Warbler;Myiothlypis nigrocristata
Buff-rumped Warbler;Myiothlypis fulvicauda
Riverbank Warbler;Myiothlypis rivularis
Riverbank Warbler (Northern);Myiothlypis rivularis mesoleuca
Riverbank Warbler (Bolivian);Myiothlypis rivularis boliviana
Riverbank Warbler (Southern);Myiothlypis rivularis rivularis
Two-banded Warbler;Myiothlypis bivittata
Two-banded Warbler (Roraiman);Myiothlypis bivittata roraimae
Two-banded Warbler (Two-banded);Myiothlypis bivittata bivittata/argentinae
Choco Warbler;Myiothlypis chlorophrys
Cuzco Warbler;Myiothlypis chrysogaster
Gray-throated Warbler;Myiothlypis cinereicollis
White-lored Warbler;Myiothlypis conspicillata
Gray-and-gold Warbler;Myiothlypis fraseri
Russet-crowned Warbler;Myiothlypis coronata
Myiothlypis sp.;Myiothlypis sp.
Canada Warbler;Cardellina canadensis
Black-throated Blue x Canada Warbler (hybrid);Setophaga caerulescens x Cardellina canadensis
Wilson's Warbler;Cardellina pusilla
Wilson's Warbler (pileolata);Cardellina pusilla pileolata
Wilson's Warbler (pusilla);Cardellina pusilla pusilla
Wilson's Warbler (chryseola);Cardellina pusilla chryseola
Red-faced Warbler;Cardellina rubrifrons
Red Warbler;Cardellina rubra
Red Warbler (Gray-cheeked);Cardellina rubra melanauris
Red Warbler (White-cheeked);Cardellina rubra rubra/rowleyi
Pink-headed Warbler;Cardellina versicolor
Painted Redstart;Myioborus pictus
Slate-throated Redstart;Myioborus miniatus
Painted x Slate-throated Redstart (hybrid);Myioborus pictus x miniatus
Brown-capped Redstart;Myioborus brunniceps
Tepui Redstart;Myioborus castaneocapilla
Paria Redstart;Myioborus pariae
Saffron-breasted Redstart;Myioborus cardonai
White-faced Redstart;Myioborus albifacies
Collared Redstart;Myioborus torquatus
Yellow-crowned Redstart;Myioborus flavivertex
Golden-fronted Redstart;Myioborus ornatus
Golden-fronted Redstart (Golden-fronted);Myioborus ornatus chrysops
Golden-fronted Redstart (Yellow-fronted);Myioborus ornatus ornatus
Spectacled Redstart;Myioborus melanocephalus
Golden-fronted x Spectacled Redstart (hybrid);Myioborus ornatus x melanocephalus
Golden-fronted/Spectacled Redstart;Myioborus ornatus/melanocephalus
White-fronted Redstart;Myioborus albifrons
Myioborus sp.;Myioborus sp.
new world warbler sp.;Parulidae sp.
sparrow/warbler sp. (trilling song);Passerellidae/Parulidae sp. (trilling song)
Dusky-faced Tanager;Mitrospingus cassinii
Olive-backed Tanager;Mitrospingus oleagineus
Red-billed Pied Tanager;Lamprospiza melanoleuca
Olive-green Tanager;Orthogonys chloricterus
Rose-throated Tanager;Piranga roseogularis
Hepatic Tanager;Piranga flava
Hepatic Tanager (Northern);Piranga flava [hepatica Group]
Hepatic Tanager (Highland);Piranga flava [lutea Group]
Hepatic Tanager (Lowland);Piranga flava [flava Group]
Summer Tanager;Piranga rubra
Hepatic/Summer Tanager;Piranga flava/rubra
Scarlet Tanager;Piranga olivacea
Summer x Scarlet Tanager (hybrid);Piranga rubra x olivacea
Summer/Scarlet Tanager;Piranga rubra/olivacea
Western Tanager;Piranga ludoviciana
Summer x Western Tanager (hybrid);Piranga rubra x ludoviciana
Scarlet x Western Tanager (hybrid);Piranga olivacea x ludoviciana
Flame-colored Tanager;Piranga bidentata
Hepatic x Flame-colored Tanager (hybrid);Piranga flava x bidentata
Western x Flame-colored Tanager (hybrid);Piranga ludoviciana x bidentata
White-winged Tanager;Piranga leucoptera
Red-headed Tanager;Piranga erythrocephala
Red-hooded Tanager;Piranga rubriceps
tanager sp. (Piranga sp.);Piranga sp.
Red-crowned Ant-Tanager;Habia rubica
Red-crowned Ant-Tanager (West Mexican);Habia rubica rosea
Red-crowned Ant-Tanager (Oaxaca);Habia rubica affinis
Red-crowned Ant-Tanager (East Mexican);Habia rubica holobrunnea
Red-crowned Ant-Tanager (rubicoides Group);Habia rubica [rubicoides Group]
Red-crowned Ant-Tanager (Isthmian);Habia rubica vinacea
Red-crowned Ant-Tanager (Amazonian);Habia rubica [rubra Group]
Red-crowned Ant-Tanager (Perija);Habia rubica perijana
Red-crowned Ant-Tanager (Atlantic);Habia rubica rubica/bahiae
Red-throated Ant-Tanager;Driophlox fuscicauda
Red-throated Ant-Tanager (Salvin's);Driophlox fuscicauda [salvini Group]
Red-throated Ant-Tanager (Red-throated);Driophlox fuscicauda [fuscicauda Group]
Sooty Ant-Tanager;Driophlox gutturalis
Black-cheeked Ant-Tanager;Driophlox atrimaxillaris
Crested Ant-Tanager;Driophlox cristata
ant-tanager sp.;Habia/Driophlox sp.
Carmiol's Tanager;Chlorothraupis carmioli
Yellow-lored Tanager;Chlorothraupis frenata
Lemon-spectacled Tanager;Chlorothraupis olivacea
Ochre-breasted Tanager;Chlorothraupis stolzmanni
Chlorothraupis sp.;Chlorothraupis sp.
Crimson-collared Grosbeak;Periporphyrus celaeno
Red-and-black Grosbeak;Periporphyrus erythromelas
Black-faced Grosbeak;Caryothraustes poliogaster
Black-faced Grosbeak (Northern);Caryothraustes poliogaster poliogaster
Black-faced Grosbeak (Southern);Caryothraustes poliogaster scapularis
Yellow-green Grosbeak;Caryothraustes canadensis
Yellow-green Grosbeak (Pirre);Caryothraustes canadensis simulans
Yellow-green Grosbeak (Amazonian);Caryothraustes canadensis canadensis
Yellow-green Grosbeak (Atlantic);Caryothraustes canadensis brasiliensis/frontalis
Vermilion Cardinal;Cardinalis phoeniceus
Northern Cardinal;Cardinalis cardinalis
Northern Cardinal (Common);Cardinalis cardinalis [cardinalis Group]
Northern Cardinal (Long-crested);Cardinalis cardinalis carneus
Pyrrhuloxia;Cardinalis sinuatus
Northern Cardinal x Pyrrhuloxia (hybrid);Cardinalis cardinalis x sinuatus
Northern Cardinal/Pyrrhuloxia;Cardinalis cardinalis/sinuatus
Yellow Grosbeak;Pheucticus chrysopeplus
Yellow Grosbeak (Northern);Pheucticus chrysopeplus chrysopeplus/dilutus
Yellow Grosbeak (Guatemalan);Pheucticus chrysopeplus aurantiacus
Golden Grosbeak;Pheucticus chrysogaster
Black-thighed Grosbeak;Pheucticus tibialis
Black-backed Grosbeak;Pheucticus aureoventris
Black-backed Grosbeak (Merida);Pheucticus aureoventris meridensis
Black-backed Grosbeak (Yellow-throated);Pheucticus aureoventris crissalis
Black-backed Grosbeak (Yellow-rumped);Pheucticus aureoventris uropygialis/terminalis
Black-backed Grosbeak (Black-rumped);Pheucticus aureoventris aureoventris
Rose-breasted Grosbeak;Pheucticus ludovicianus
Scarlet Tanager x Rose-breasted Grosbeak (hybrid);Piranga olivacea x Pheucticus ludovicianus
Black-headed Grosbeak;Pheucticus melanocephalus
Rose-breasted x Black-headed Grosbeak (hybrid);Pheucticus ludovicianus x melanocephalus
Rose-breasted/Black-headed Grosbeak;Pheucticus ludovicianus/melanocephalus
Pheucticus sp.;Pheucticus sp.
Red-breasted Chat;Granatellus venustus
Red-breasted Chat (Red-breasted);Granatellus venustus venustus
Red-breasted Chat (Tres Marias Is.);Granatellus venustus francescae
Gray-throated Chat;Granatellus sallaei
Rose-breasted Chat;Granatellus pelzelni
Rose-bellied Chat;Granatellus paraensis
Blue Seedeater;Amaurospiza concolor
Blue Seedeater (Slate-blue);Amaurospiza concolor relicta
Blue Seedeater (Blue);Amaurospiza concolor concolor
Ecuadorian Seedeater;Amaurospiza aequatorialis
Carrizal Seedeater;Amaurospiza carrizalensis
Blackish-blue Seedeater;Amaurospiza moesta
Glaucous-blue Grosbeak;Cyanoloxia glaucocaerulea
Blue-black Grosbeak;Cyanoloxia cyanoides
Amazonian Grosbeak;Cyanoloxia rothschildii
Blue-black/Amazonian Grosbeak;Cyanoloxia cyanoides/rothschildii
Ultramarine Grosbeak;Cyanoloxia brissonii
Glaucous-blue/Ultramarine Grosbeak;Cyanoloxia glaucocaerulea/brissonii
Blue Bunting;Cyanocompsa parellina
Blue Bunting (Middle America);Cyanocompsa parellina parellina/beneplacita
Blue Bunting (West Mexico);Cyanocompsa parellina indigotica
Blue Grosbeak;Passerina caerulea
Lazuli Bunting;Passerina amoena
Indigo Bunting;Passerina cyanea
Blue Grosbeak x Indigo Bunting (hybrid);Passerina caerulea x cyanea
Lazuli x Indigo Bunting (hybrid);Passerina amoena x cyanea
Lazuli/Indigo Bunting;Passerina amoena/cyanea
Rose-bellied Bunting;Passerina rositae
Orange-breasted Bunting;Passerina leclancherii
Varied Bunting;Passerina versicolor
Indigo x Varied Bunting (hybrid);Passerina cyanea x versicolor
Painted Bunting;Passerina ciris
Indigo x Painted Bunting (hybrid);Passerina cyanea x ciris
Varied x Painted Bunting (hybrid);Passerina versicolor x ciris
Passerina sp.;Passerina sp.
Dickcissel;Spiza americana
Brown Tanager;Orchesticus abeillei
Red-crested Cardinal;Paroaria coronata
Red-cowled Cardinal;Paroaria dominicana
Masked Cardinal;Paroaria nigrogenis
Red-capped Cardinal;Paroaria gularis
Red-capped Cardinal (Red-capped);Paroaria gularis gularis
Red-capped Cardinal (Bolivian);Paroaria gularis cervicalis
Red-crested x Red-capped Cardinal (hybrid);Paroaria coronata x gularis
Masked/Red-capped Cardinal;Paroaria nigrogenis/gularis
Crimson-fronted Cardinal;Paroaria baeri
Crimson-fronted Cardinal (Araguaia);Paroaria baeri baeri
Crimson-fronted Cardinal (Xingu);Paroaria baeri xinguensis
Red-capped x Crimson-fronted Cardinal (hybrid);Paroaria gularis x baeri
Red-capped/Crimson-fronted Cardinal;Paroaria gularis/baeri
Yellow-billed Cardinal;Paroaria capitata
Paroaria sp.;Paroaria sp.
Black-faced Tanager;Schistochlamys melanopis
Cinnamon Tanager;Schistochlamys ruficapillus
Magpie Tanager;Cissopis leverianus
White-banded Tanager;Neothraupis fasciata
Black-and-white Tanager;Conothraupis speculigera
Cone-billed Tanager;Conothraupis mesoleuca
Scarlet-throated Tanager;Compsothraupis loricata
White-capped Tanager;Sericossypha albocristata
Hooded Tanager;Nemosia pileata
Cherry-throated Tanager;Nemosia rourei
Rufous-crested Tanager;Creurgops verticalis
Slaty Tanager;Creurgops dentatus
Black-capped Hemispingus;Kleinothraupis atropileus
Black-capped Hemispingus (Black-capped);Kleinothraupis atropileus atropileus
Black-capped Hemispingus (White-browed);Kleinothraupis atropileus auricularis
Orange-browed Hemispingus;Kleinothraupis calophrys
Parodi's Hemispingus;Kleinothraupis parodii
Gray-capped Hemispingus;Kleinothraupis reyi
Oleaginous Hemispingus;Sphenopsis frontalis
Oleaginous Hemispingus (Andean);Sphenopsis frontalis frontalis/ignobilis
Oleaginous Hemispingus (Perija);Sphenopsis frontalis flavidorsalis
Oleaginous Hemispingus (Venezuelan);Sphenopsis frontalis hanieli/iterata
Black-eared Hemispingus;Sphenopsis melanotis
Black-eared Hemispingus (Black-eared);Sphenopsis melanotis [melanotis Group]
Black-eared Hemispingus (Western);Sphenopsis melanotis ochracea
Black-eared Hemispingus (Piura);Sphenopsis melanotis piurae/macrophrys
Orange-headed Tanager;Thlypopsis sordida
Orange-headed Tanager (Western);Thlypopsis sordida chrysopis/orinocensis
Orange-headed Tanager (Eastern);Thlypopsis sordida sordida
Buff-bellied Tanager;Thlypopsis inornata
Fulvous-headed Tanager;Thlypopsis fulviceps
Chestnut-headed Tanager;Thlypopsis pyrrhocoma
Rust-and-yellow Tanager;Thlypopsis ruficeps
Superciliaried Hemispingus;Thlypopsis superciliaris
Superciliaried Hemispingus (Yellow-browed);Thlypopsis superciliaris chrysophrys
Superciliaried Hemispingus (Superciliaried);Thlypopsis superciliaris [superciliaris Group]
Superciliaried Hemispingus (White-bellied);Thlypopsis superciliaris leucogastra/insignis
Superciliaried Hemispingus (urubambae);Thlypopsis superciliaris urubambae
Rufous-chested Tanager;Thlypopsis ornata
Brown-flanked Tanager;Thlypopsis pectoralis
Thlypopsis sp.;Thlypopsis sp.
Plain-tailed Warbling Finch;Microspingus alticola
Rusty-browed Warbling Finch;Microspingus erythrophrys
Buff-throated Warbling Finch;Microspingus lateralis
Gray-throated Warbling Finch;Microspingus cabanisi
Ringed Warbling Finch;Microspingus torquatus
Ringed Warbling Finch (Ringed);Microspingus torquatus torquatus
Ringed Warbling Finch (Black-breasted);Microspingus torquatus pectoralis
Black-capped Warbling Finch;Microspingus melanoleucus
Cinereous Warbling Finch;Microspingus cinereus
Three-striped Hemispingus;Microspingus trifasciatus
Pardusco;Nephelornis oneilli
Black-goggled Tanager;Trichothraupis melanops
Gray-headed Tanager;Eucometis penicillata
Gray-headed Tanager (Gray-crested);Eucometis penicillata [spodocephalus Group]
Gray-headed Tanager (Gray-headed);Eucometis penicillata [penicillata Group]
Inti Tanager;Heliothraupis oneilli
Flame-crested Tanager;Loriotus cristatus
Yellow-crested Tanager;Loriotus rufiventer
White-shouldered Tanager;Loriotus luctuosus
White-shouldered Tanager (Puntarenas);Loriotus luctuosus nitidissimus
White-shouldered Tanager (Common);Loriotus luctuosus [luctuosus Group]
Flame-crested x White-shouldered Tanager (hybrid);Loriotus cristatus x luctuosus
Fulvous-crested Tanager;Tachyphonus surinamus
Flame-crested/Fulvous-crested Tanager;Loriotus cristatus/Tachyphonus surinamus
Tawny-crested Tanager;Tachyphonus delatrii
Ruby-crowned Tanager;Tachyphonus coronatus
White-lined Tanager;Tachyphonus rufus
Red-shouldered Tanager;Tachyphonus phoenicius
Tachyphonus sp.;Tachyphonus sp.
Fulvous Shrike-Tanager;Lanio fulvus
White-winged Shrike-Tanager;Lanio versicolor
Black-throated Shrike-Tanager;Lanio aurantius
White-throated Shrike-Tanager;Lanio leucothorax
White-throated Shrike-Tanager (White-throated);Lanio leucothorax leucothorax
White-throated Shrike-Tanager (Black-rumped);Lanio leucothorax [melanopygius Group]
Crimson-collared Tanager;Ramphocelus sanguinolentus
Flame-rumped Tanager;Ramphocelus flammigerus
Flame-rumped Tanager (Flame-rumped);Ramphocelus flammigerus flammigerus
Flame-rumped Tanager (Lemon-rumped);Ramphocelus flammigerus icteronotus
Flame-rumped Tanager (Flame-rumped x Lemon-rumped);Ramphocelus flammigerus flammigerus x icteronotus
Scarlet-rumped Tanager;Ramphocelus passerinii
Scarlet-rumped Tanager (Passerini's);Ramphocelus passerinii passerinii
Scarlet-rumped Tanager (Cherrie's);Ramphocelus passerinii costaricensis
Flame-rumped x Scarlet-rumped Tanager (hybrid);Ramphocelus flammigerus x passerinii
Brazilian Tanager;Ramphocelus bresilius
Black-bellied Tanager;Ramphocelus melanogaster
Silver-beaked Tanager;Ramphocelus carbo
Masked Crimson Tanager;Ramphocelus nigrogularis
Crimson-backed Tanager;Ramphocelus dimidiatus
Scarlet-rumped x Crimson-backed Tanager (hybrid);Ramphocelus passerinii x dimidiatus
Ramphocelus sp.;Ramphocelus sp.
Vermilion Tanager;Calochaetes coccineus
Blue-backed Tanager;Cyanicterus cyanicterus
Blue-and-gold Tanager;Bangsia arcaei
Black-and-gold Tanager;Bangsia melanochlamys
Golden-chested Tanager;Bangsia rothschildi
Moss-backed Tanager;Bangsia edwardsi
Gold-ringed Tanager;Bangsia aureocincta
Yellow-green Tanager;Bangsia flavovirens
Orange-throated Tanager;Wetmorethraupis sterrhopteron
Hooded Mountain Tanager;Buthraupis montana
Blue-capped Tanager;Sporathraupis cyanocephala
Blue-capped Tanager (Blue-bellied);Sporathraupis cyanocephala olivicyanea
Blue-capped Tanager (Blue-capped);Sporathraupis cyanocephala [cyanocephala Group]
Blue-capped Tanager (Venezuelan);Sporathraupis cyanocephala subcinerea/buesingi
Masked Mountain Tanager;Tephrophilus wetmorei
Grass-green Tanager;Chlorornis riefferii
Black-chested Mountain Tanager;Cnemathraupis eximia
Black-chested Mountain Tanager (Blue-rumped);Cnemathraupis eximia eximia/zimmeri
Black-chested Mountain Tanager (Moss-rumped);Cnemathraupis eximia chloronota/cyanocalyptra
Golden-backed Mountain Tanager;Cnemathraupis aureodorsalis
Black-cheeked Mountain Tanager;Anisognathus melanogenys
Lacrimose Mountain Tanager;Anisognathus lacrymosus
Lacrimose Mountain Tanager (Perija);Anisognathus lacrymosus pallididorsalis
Lacrimose Mountain Tanager (melanops);Anisognathus lacrymosus melanops
Lacrimose Mountain Tanager (yariguierum);Anisognathus lacrymosus yariguierum
Lacrimose Mountain Tanager (intensus);Anisognathus lacrymosus intensus
Lacrimose Mountain Tanager (palpebrosus Group);Anisognathus lacrymosus [palpebrosus Group]
Lacrimose Mountain Tanager (lacrymosus);Anisognathus lacrymosus lacrymosus
Scarlet-bellied Mountain Tanager;Anisognathus igniventris
Scarlet-bellied Mountain Tanager (Scarlet-bellied);Anisognathus igniventris [lunulatus Group]
Scarlet-bellied Mountain Tanager (Fire-bellied);Anisognathus igniventris igniventris
Blue-winged Mountain Tanager;Anisognathus somptuosus
Blue-winged Mountain Tanager (Blue-winged);Anisognathus somptuosus [somptuosus Group]
Blue-winged Mountain Tanager (Bolivian);Anisognathus somptuosus flavinucha
Black-chinned Mountain Tanager;Anisognathus notabilis
Carriker's Mountain Tanager;Dubusia carrikeri
Buff-banded Mountain Tanager;Dubusia taeniata
Streak-crowned Mountain Tanager;Dubusia stictocephala
Chestnut-bellied Mountain Tanager;Dubusia castaneoventris
Rufous-bellied Mountain Tanager;Pseudosaltator rufiventris
Diademed Tanager;Stephanophorus diadematus
Purplish-mantled Tanager;Iridosornis porphyrocephalus
Yellow-throated Tanager;Iridosornis analis
Golden-collared Tanager;Iridosornis jelskii
Golden-crowned Tanager;Iridosornis rufivertex
Yellow-scarfed Tanager;Iridosornis reinhardti
Fawn-breasted Tanager;Pipraeidea melanonota
Blue-and-yellow Tanager;Rauenia bonariensis
Blue-and-yellow Tanager (Green-mantled);Rauenia bonariensis darwinii
Blue-and-yellow Tanager (Blue-and-yellow);Rauenia bonariensis [bonariensis Group]
Glistening-green Tanager;Chlorochrysa phoenicotis
Orange-eared Tanager;Chlorochrysa calliparaea
Orange-eared Tanager (Orange-eared);Chlorochrysa calliparaea calliparaea/bourcieri
Orange-eared Tanager (Blue-throated);Chlorochrysa calliparaea fulgentissima
Multicolored Tanager;Chlorochrysa nitidissima
Blue-gray Tanager;Thraupis episcopus
Blue-gray Tanager (Blue-gray);Thraupis episcopus [cana Group]
Blue-gray Tanager (White-edged);Thraupis episcopus [episcopus Group]
Sayaca Tanager;Thraupis sayaca
Glaucous Tanager;Thraupis glaucocolpa
Azure-shouldered Tanager;Thraupis cyanoptera
Golden-chevroned Tanager;Thraupis ornata
Yellow-winged Tanager;Thraupis abbas
Palm Tanager;Thraupis palmarum
Palm Tanager (Olive);Thraupis palmarum [palmarum Group]
Palm Tanager (Violaceous);Thraupis palmarum violilavata
Thraupis sp.;Thraupis sp.
Dotted Tanager;Ixothraupis varia
Rufous-throated Tanager;Ixothraupis rufigula
Speckled Tanager;Ixothraupis guttata
Yellow-bellied Tanager;Ixothraupis xanthogastra
Spotted Tanager;Ixothraupis punctata
Ixothraupis sp. (speckled tanager sp.);Ixothraupis sp.
Golden-naped Tanager;Chalcothraupis ruficervix
Golden-naped Tanager (Golden-naped);Chalcothraupis ruficervix [ruficervix Group]
Golden-naped Tanager (Rusty-naped);Chalcothraupis ruficervix [fulvicervix Group]
Azure-rumped Tanager;Poecilostreptus cabanisi
Gray-and-gold Tanager;Poecilostreptus palmeri
Black-headed Tanager;Stilpnia cyanoptera
Black-hooded Tanager;Stilpnia whitelyi
Silvery Tanager;Stilpnia viridicollis
Black-capped Tanager;Stilpnia heinei
Green-throated Tanager;Stilpnia argyrofenges
Sira Tanager;Stilpnia phillipsi
Black-backed Tanager;Stilpnia peruviana
Chestnut-backed Tanager;Stilpnia preciosa
Green-capped Tanager;Stilpnia meyerdeschauenseei
Burnished-buff Tanager;Stilpnia cayana
Burnished-buff Tanager (Rufous-crowned);Stilpnia cayana cayana/fulvescens
Burnished-buff Tanager (Stripe-bellied);Stilpnia cayana [flava Group]
Lesser Antillean Tanager;Stilpnia cucullata
Lesser Antillean Tanager (St. Vincent);Stilpnia cucullata versicolor
Lesser Antillean Tanager (Grenada);Stilpnia cucullata cucullata
Scrub Tanager;Stilpnia vitriolina
Masked Tanager;Stilpnia nigrocincta
Golden-hooded Tanager;Stilpnia larvata
Blue-necked Tanager;Stilpnia cyanicollis
Stilpnia sp.;Stilpnia sp.
Blue-and-black Tanager;Tangara vassorii
Blue-and-black Tanager (Blue-and-black);Tangara vassorii vassorii/branickii
Blue-and-black Tanager (Spot-bellied);Tangara vassorii atrocoerulea
Beryl-spangled Tanager;Tangara nigroviridis
Spangle-cheeked Tanager;Tangara dowii
Green-naped Tanager;Tangara fucosa
Metallic-green Tanager;Tangara labradorides
Blue-browed Tanager;Tangara cyanotis
Plain-colored Tanager;Tangara inornata
Turquoise Tanager;Tangara mexicana
White-bellied Tanager;Tangara brasiliensis
Paradise Tanager;Tangara chilensis
Opal-rumped Tanager;Tangara velia
Opal-rumped Tanager (Opal-rumped);Tangara velia [velia Group]
Opal-rumped Tanager (Silver-breasted);Tangara velia cyanomelas
Opal-crowned Tanager;Tangara callophrys
Green-headed Tanager;Tangara seledon
Seven-colored Tanager;Tangara fastuosa
Red-necked Tanager;Tangara cyanocephala
Brassy-breasted Tanager;Tangara desmaresti
Gilt-edged Tanager;Tangara cyanoventris
Rufous-winged Tanager;Tangara lavinia
Bay-headed Tanager;Tangara gyrola
Bay-headed Tanager (Bay-and-blue);Tangara gyrola [albertinae Group]
Bay-headed Tanager (Bay-and-green);Tangara gyrola viridissima/toddi
Bay-headed Tanager (Bay-headed);Tangara gyrola gyrola
Rufous-cheeked Tanager;Tangara rufigenis
Golden-eared Tanager;Tangara chrysotis
Saffron-crowned Tanager;Tangara xanthocephala
Flame-faced Tanager;Tangara parzudakii
Flame-faced Tanager (Flame-faced);Tangara parzudakii parzudakii/urubambae
Flame-faced Tanager (Yellow-faced);Tangara parzudakii lunigera
Green-and-gold Tanager;Tangara schrankii
Blue-whiskered Tanager;Tangara johannae
Golden Tanager;Tangara arthus
Golden Tanager (arthus);Tangara arthus arthus
Golden Tanager (aurulenta Group);Tangara arthus [aurulenta Group]
Golden Tanager (pulchra Group);Tangara arthus [pulchra Group]
Emerald Tanager;Tangara florida
Silver-throated Tanager;Tangara icterocephala
Tangara sp.;Tangara sp.
Tangara/Stilpnia sp.;Tangara/Stilpnia sp.
small tanager sp. (former Tangara sp.);Thraupidae sp. (former Tangara sp.)
Swallow Tanager;Tersina viridis
White-bellied Dacnis;Dacnis albiventris
Yellow-tufted Dacnis;Dacnis egregia
Black-faced Dacnis;Dacnis lineata
Yellow-bellied Dacnis;Dacnis flaviventer
Turquoise Dacnis;Dacnis hartlaubi
Black-legged Dacnis;Dacnis nigripes
Scarlet-thighed Dacnis;Dacnis venusta
Blue Dacnis;Dacnis cayana
Viridian Dacnis;Dacnis viguieri
Scarlet-breasted Dacnis;Dacnis berlepschi
dacnis sp.;Dacnis sp.
Short-billed Honeycreeper;Cyanerpes nitidus
Shining Honeycreeper;Cyanerpes lucidus
Purple Honeycreeper;Cyanerpes caeruleus
Red-legged Honeycreeper;Cyanerpes cyaneus
Shining/Red-legged Honeycreeper;Cyanerpes lucidus/cyaneus
Cyanerpes sp.;Cyanerpes sp.
Green Honeycreeper;Chlorophanes spiza
Golden-collared Honeycreeper;Iridophanes pulcherrimus
Sulphur-rumped Tanager;Heterospingus rubrifrons
Scarlet-browed Tanager;Heterospingus xanthopygius
Guira Tanager;Hemithraupis guira
Rufous-headed Tanager;Hemithraupis ruficapilla
Guira/Rufous-headed Tanager;Hemithraupis guira/ruficapilla
Yellow-backed Tanager;Hemithraupis flavicollis
Rufous-headed/Yellow-backed Tanager;Hemithraupis ruficapilla/flavicollis
Hemithraupis sp.;Hemithraupis sp.
Black-and-yellow Tanager;Chrysothlypis chrysomelas
Scarlet-and-white Tanager;Chrysothlypis salmoni
tanager sp. (Thraupidae sp.);Thraupidae sp. (tanager sp.)
Bicolored Conebill;Conirostrum bicolor
Pearly-breasted Conebill;Conirostrum margaritae
Chestnut-vented Conebill;Conirostrum speciosum
White-eared Conebill;Conirostrum leucogenys
Giant Conebill;Conirostrum binghami
White-browed Conebill;Conirostrum ferrugineiventre
Blue-backed Conebill;Conirostrum sitticolor
Capped Conebill;Conirostrum albifrons
Capped Conebill (White-capped);Conirostrum albifrons albifrons/centralandium
Capped Conebill (Venezuelan);Conirostrum albifrons cyanonotum
Capped Conebill (Blue-capped);Conirostrum albifrons [atrocyaneum Group]
Tamarugo Conebill;Conirostrum tamarugense
Rufous-browed Conebill;Conirostrum rufum
Cinereous Conebill;Conirostrum cinereum
Cinereous Conebill (Ochraceous);Conirostrum cinereum fraseri
Cinereous Conebill (Cinereous);Conirostrum cinereum cinereum/littorale
conebill sp.;Conirostrum sp.
Chestnut-bellied Flowerpiercer;Diglossa gloriosissima
Glossy Flowerpiercer;Diglossa lafresnayii
Moustached Flowerpiercer;Diglossa mystacalis
Moustached Flowerpiercer (unicincta);Diglossa mystacalis unicincta
Moustached Flowerpiercer (pectoralis);Diglossa mystacalis pectoralis
Moustached Flowerpiercer (albilinea);Diglossa mystacalis albilinea
Moustached Flowerpiercer (mystacalis);Diglossa mystacalis mystacalis
Merida Flowerpiercer;Diglossa gloriosa
Black Flowerpiercer;Diglossa humeralis
Black-throated Flowerpiercer;Diglossa brunneiventris
Black-throated Flowerpiercer (vuilleumieri);Diglossa brunneiventris vuilleumieri
Black-throated Flowerpiercer (Black-throated);Diglossa brunneiventris brunneiventris
Gray-bellied Flowerpiercer;Diglossa carbonaria
Black-throated x Gray-bellied Flowerpiercer (hybrid);Diglossa brunneiventris x carbonaria
Venezuelan Flowerpiercer;Diglossa venezuelensis
White-sided Flowerpiercer;Diglossa albilatera
Scaled Flowerpiercer;Diglossa duidae
Greater Flowerpiercer;Diglossa major
Indigo Flowerpiercer;Diglossa indigotica
Cinnamon-bellied Flowerpiercer;Diglossa baritula
Slaty Flowerpiercer;Diglossa plumbea
Rusty Flowerpiercer;Diglossa sittoides
Deep-blue Flowerpiercer;Diglossa glauca
Bluish Flowerpiercer;Diglossa caerulescens
Masked Flowerpiercer;Diglossa cyanea
Masked Flowerpiercer (cyanea Group);Diglossa cyanea [cyanea Group]
Masked Flowerpiercer (melanopis);Diglossa cyanea melanopis
flowerpiercer sp.;Diglossa sp.
Plushcap;Catamblyrhynchus diadema
Black-backed Bush Tanager;Urothraupis stolzmanni
Black-hooded Sierra Finch;Phrygilus atriceps
Peruvian Sierra Finch;Phrygilus punensis
Gray-hooded Sierra Finch;Phrygilus gayi
Gray-hooded Sierra Finch (minor);Phrygilus gayi minor
Gray-hooded Sierra Finch (gayi/caniceps);Phrygilus gayi gayi/caniceps
Patagonian Sierra Finch;Phrygilus patagonicus
Gray-hooded/Patagonian Sierra Finch;Phrygilus gayi/patagonicus
Diuca Finch;Diuca diuca
White-bridled Finch;Melanodera melanodera
White-bridled Finch (Fuegian);Melanodera melanodera princetoniana
White-bridled Finch (Falkland);Melanodera melanodera melanodera
Yellow-bridled Finch;Melanodera xanthogramma
Yellow-bridled Finch (White-tailed);Melanodera xanthogramma barrosi
Yellow-bridled Finch (Yellow-tailed);Melanodera xanthogramma xanthogramma
Tit-like Dacnis;Xenodacnis parina
Tit-like Dacnis (petersi/bella);Xenodacnis parina petersi/bella
Tit-like Dacnis (parina);Xenodacnis parina parina
Red-backed Sierra Finch;Idiopsar dorsalis
White-throated Sierra Finch;Idiopsar erythronotus
Glacier Finch;Idiopsar speculifer
Boulder Finch;Idiopsar brachyurus
Plumbeous Sierra Finch;Geospizopsis unicolor
Plumbeous Sierra Finch (Northern);Geospizopsis unicolor nivaria/geospizopsis
Plumbeous Sierra Finch (Peruvian);Geospizopsis unicolor inca
Plumbeous Sierra Finch (Southern);Geospizopsis unicolor [unicolor Group]
Ash-breasted Sierra Finch;Geospizopsis plebejus
Uniform Finch;Haplospiza unicolor
Slaty Finch;Haplospiza rustica
Peg-billed Finch;Acanthidops bairdi
Black-crested Finch;Lophospingus pusillus
Gray-crested Finch;Lophospingus griseocristatus
Black-crested/Gray-crested Finch;Lophospingus pusillus/griseocristatus
Gough Island Finch;Rowettia goughensis
Inaccessible Island Finch;Nesospiza acunhae
Inaccessible Island Finch (Lowland);Nesospiza acunhae acunhae
Inaccessible Island Finch (Upland);Nesospiza acunhae fraseri
Inaccessible Island Finch (Dunn's);Nesospiza acunhae dunnei
Nightingale Island Finch;Nesospiza questi
Wilkins's Finch;Nesospiza wilkinsi
Inaccessible Island x Wilkins's Finch (hybrid);Nesospiza acunhae x wilkinsi
Nightingale Island/Wilkins's Finch;Nesospiza questi/wilkinsi
Cinereous Finch;Piezorina cinerea
Slender-billed Finch;Xenospingus concolor
Great Inca-Finch;Incaspiza pulchra
Rufous-backed Inca-Finch;Incaspiza personata
Gray-winged Inca-Finch;Incaspiza ortizi
Buff-bridled Inca-Finch;Incaspiza laeta
Little Inca-Finch;Incaspiza watkinsi
inca-finch sp.;Incaspiza sp.
Mourning Sierra Finch;Rhopospina fruticeti
Mourning Sierra Finch (Mourning);Rhopospina fruticeti fruticeti/peruviana
Mourning Sierra Finch (Blackish);Rhopospina fruticeti coracina
Blue Finch;Rhopospina caerulescens
Band-tailed Sierra Finch;Rhopospina alaudina
Carbonated Sierra Finch;Rhopospina carbonaria
sierra finch sp.;Phrygilus/Idiopsar/Geospizopsis/Rhopospina sp.
Black-headed Hemispingus;Pseudospingus verticalis
Drab Hemispingus;Pseudospingus xanthophthalmus
Pink-billed Cnemoscopus;Cnemoscopus rubrirostris
Black-billed Cnemoscopus;Cnemoscopus chrysogaster
Pink-billed/Black-billed Cnemoscopus;Cnemoscopus rubrirostris/chrysogaster
White-rumped Tanager;Cypsnagra hirundinacea
Long-tailed Reed Finch;Donacospiza albifrons
Chestnut-breasted Mountain Finch;Poospizopsis caesar
Rufous-sided Warbling Finch;Poospizopsis hypochondria
Bay-chested Warbling Finch;Castanozoster thoracicus
Slaty-backed Hemispingus;Poospiza goeringi
Rufous-browed Hemispingus;Poospiza rufosuperciliaris
Bolivian Warbling Finch;Poospiza boliviana
Cinnamon Warbling Finch;Poospiza ornata
Black-and-chestnut Warbling Finch;Poospiza whitii
Black-and-rufous Warbling Finch;Poospiza nigrorufa
Black-and-chestnut/Black-and-rufous Warbling Finch;Poospiza whitii/nigrorufa
Rufous-breasted Warbling Finch;Poospiza rubecula
Collared Warbling Finch;Poospiza hispaniolensis
Cochabamba Mountain Finch;Poospiza garleppi
Tucuman Mountain Finch;Poospiza baeri
warbling finch sp.;Microspingus/Poospizopsis/Castanozoster/Poospiza sp.
Stripe-tailed Yellow-Finch;Sicalis citrina
Puna Yellow-Finch;Sicalis lutea
Bright-rumped Yellow-Finch;Sicalis uropygialis
Citron-headed Yellow-Finch;Sicalis luteocephala
Greater Yellow-Finch;Sicalis auriventris
Greenish Yellow-Finch;Sicalis olivascens
Monte Yellow-Finch;Sicalis mendozae
Patagonian Yellow-Finch;Sicalis lebruni
Orange-fronted Yellow-Finch;Sicalis columbiana
Saffron Finch;Sicalis flaveola
Saffron Finch (Saffron);Sicalis flaveola [flaveola Group]
Saffron Finch (Pelzeln's);Sicalis flaveola pelzelni
Grassland Yellow-Finch;Sicalis luteola
Grassland Yellow-Finch (Northern);Sicalis luteola [chrysops Group]
Grassland Yellow-Finch (Montane);Sicalis luteola bogotensis
Grassland Yellow-Finch (Grassland);Sicalis luteola [luteola Group]
Raimondi's Yellow-Finch;Sicalis raimondii
Sulphur-throated Finch;Sicalis taczanowskii
yellow-finch sp.;Sicalis sp.
Wedge-tailed Grass-Finch;Emberizoides herbicola
Wedge-tailed Grass-Finch (Northern);Emberizoides herbicola [sphenurus Group]
Wedge-tailed Grass-Finch (Southern);Emberizoides herbicola herbicola
Duida Grass-Finch;Emberizoides duidae
Lesser Grass-Finch;Emberizoides ypiranganus
Wedge-tailed/Lesser Grass-Finch;Emberizoides herbicola/ypiranganus
Great Pampa-Finch;Embernagra platensis
Great Pampa-Finch (Western);Embernagra platensis olivascens
Great Pampa-Finch (Eastern);Embernagra platensis platensis
Pale-throated Pampa-Finch;Embernagra longicauda
Blue-black Grassquit;Volatinia jacarina
Lesson's Seedeater;Sporophila bouvronides
Lined Seedeater;Sporophila lineola
Lesson's/Lined Seedeater;Sporophila bouvronides/lineola
White-bellied Seedeater;Sporophila leucoptera
White-bellied Seedeater (Bicolored);Sporophila leucoptera bicolor
White-bellied Seedeater (Gray-backed);Sporophila leucoptera [leucoptera Group]
Parrot-billed Seedeater;Sporophila peruviana
Chestnut-throated Seedeater;Sporophila telasco
Drab Seedeater;Sporophila simplex
Chestnut-bellied Seedeater;Sporophila castaneiventris
Ruddy-breasted Seedeater;Sporophila minuta
Black-and-tawny Seedeater;Sporophila nigrorufa
Copper Seedeater;Sporophila bouvreuil
Pearly-bellied Seedeater;Sporophila pileata
Tawny-bellied Seedeater;Sporophila hypoxantha
Dark-throated Seedeater;Sporophila ruficollis
Ibera Seedeater;Sporophila iberaensis
Marsh Seedeater;Sporophila palustris
Rufous-rumped Seedeater;Sporophila hypochroma
Chestnut Seedeater;Sporophila cinnamomea
Rufous-rumped/Chestnut Seedeater;Sporophila hypochroma/cinnamomea
Black-bellied Seedeater;Sporophila melanogaster
Thick-billed Seed-Finch;Sporophila funerea
Chestnut-bellied Seed-Finch;Sporophila angolensis
Nicaraguan Seed-Finch;Sporophila nuttingi
Great-billed Seed-Finch;Sporophila maximiliani
Large-billed Seed-Finch;Sporophila crassirostris
Black-billed Seed-Finch;Sporophila atrirostris
Variable Seedeater;Sporophila corvina
Variable Seedeater (Black);Sporophila corvina corvina
Variable Seedeater (Variable);Sporophila corvina [ophthalmica Group]
Gray Seedeater;Sporophila intermedia
Wing-barred Seedeater;Sporophila americana
Wing-barred Seedeater (Wing-barred);Sporophila americana americana/dispar
Wing-barred Seedeater (Caqueta);Sporophila americana murallae
Morelet's Seedeater;Sporophila morelleti
Morelet's Seedeater (Sharpe's);Sporophila morelleti sharpei
Morelet's Seedeater (Morelet's);Sporophila morelleti morelleti
Cinnamon-rumped Seedeater;Sporophila torqueola
Morelet's/Cinnamon-rumped Seedeater;Sporophila morelleti/torqueola
White-naped Seedeater;Sporophila fringilloides
Black-and-white Seedeater;Sporophila luctuosa
Yellow-bellied Seedeater;Sporophila nigricollis
Dubois's Seedeater;Sporophila ardesiaca
Yellow-bellied/Dubois's Seedeater;Sporophila nigricollis/ardesiaca
Double-collared Seedeater;Sporophila caerulescens
Slate-colored Seedeater;Sporophila schistacea
Gray/Slate-colored Seedeater;Sporophila intermedia/schistacea
Temminck's Seedeater;Sporophila falcirostris
Buffy-fronted Seedeater;Sporophila frontalis
Plumbeous Seedeater;Sporophila plumbea
Tropeiro Seedeater;Sporophila beltoni
Rusty-collared Seedeater;Sporophila collaris
White-throated Seedeater;Sporophila albogularis
Sporophila sp.;Sporophila sp.
Band-tailed Seedeater;Catamenia analis
Plain-colored Seedeater;Catamenia inornata
Paramo Seedeater;Catamenia homochroa
Paramo Seedeater (Santa Marta);Catamenia homochroa oreophila
Paramo Seedeater (Paramo);Catamenia homochroa homochroa
Paramo Seedeater (Tepui);Catamenia homochroa duncani
Catamenia sp.;Catamenia sp.
Coal-crested Finch;Charitospiza eucosma
Black-masked Finch;Coryphaspiza melanotis
Pileated Finch;Coryphospingus pileatus
Red-crested Finch;Coryphospingus cucullatus
Crimson-breasted Finch;Rhodospingus cruentus
Yellow Cardinal;Gubernatrix cristata
Diuca Finch x Yellow Cardinal (hybrid);Diuca diuca x Gubernatrix cristata
Bananaquit;Coereba flaveola
Bananaquit (Bahamas);Coereba flaveola bahamensis
Bananaquit (Quintana Roo);Coereba flaveola caboti
Bananaquit (Greater Antillean);Coereba flaveola [flaveola Group]
Bananaquit (Puerto Rico);Coereba flaveola [portoricensis Group]
Bananaquit (Lesser Antillean);Coereba flaveola [bartholemica Group]
Bananaquit (St. Vincent and Grenada);Coereba flaveola aterrima/atrata
Bananaquit (Los Roques);Coereba flaveola lowii
Bananaquit (laurae/melanornis);Coereba flaveola laurae/melanornis
Bananaquit (Continental);Coereba flaveola [luteola Group]
Yellow-faced Grassquit;Tiaris olivaceus
Orangequit;Euneornis campestris
Puerto Rican Bullfinch;Melopyrrha portoricensis
St. Kitts Bullfinch;Melopyrrha grandis
Cuban Bullfinch;Melopyrrha nigra
Grand Cayman Bullfinch;Melopyrrha taylori
Greater Antillean Bullfinch;Melopyrrha violacea
Yellow-shouldered Grassquit;Loxipasser anoxanthus
Cuban Grassquit;Phonipara canora
Lesser Antillean Bullfinch;Loxigilla noctis
Barbados Bullfinch;Loxigilla barbadensis
St. Lucia Black Finch;Melanospiza richardsoni
Black-faced Grassquit;Melanospiza bicolor
Dull-colored Grassquit;Asemospiza obscura
Sooty Grassquit;Asemospiza fuliginosa
Cocos Finch;Pinaroloxias inornata
Green Warbler-Finch;Certhidea olivacea
Gray Warbler-Finch;Certhidea fusca
Gray Warbler-Finch (Darwin);Certhidea fusca becki
Gray Warbler-Finch (San Cristobal);Certhidea fusca luteola
Gray Warbler-Finch (Gray);Certhidea fusca [fusca Group]
Vegetarian Finch;Platyspiza crassirostris
Woodpecker Finch;Camarhynchus pallidus
Woodpecker Finch (pallidus/productus);Camarhynchus pallidus pallidus/productus
Woodpecker Finch (striatipecta);Camarhynchus pallidus striatipecta
Large Tree-Finch;Camarhynchus psittacula
Medium Tree-Finch;Camarhynchus pauper
Small Tree-Finch;Camarhynchus parvulus
Mangrove Finch;Camarhynchus heliobates
Small Ground-Finch;Geospiza fuliginosa
Large Ground-Finch;Geospiza magnirostris
Vampire Ground-Finch;Geospiza septentrionalis
Genovesa Ground-Finch;Geospiza acutirostris
Sharp-beaked Ground-Finch;Geospiza difficilis
Common Cactus-Finch;Geospiza scandens
Medium Ground-Finch;Geospiza fortis
Española Ground-Finch;Geospiza conirostris
Genovesa Cactus-Finch;Geospiza propinqua
Geospiza sp.;Geospiza sp.
galapagos finch sp.;Geospiza/Camarhynchus/Platyspiza/Certhidea sp.
Yellow-shouldered Grosbeak;Parkerthraustes humeralis
Many-colored Chaco Finch;Saltatricula multicolor
Black-throated Saltator;Saltatricula atricollis
Buff-throated Saltator;Saltator maximus
Black-winged Saltator;Saltator atripennis
Black-headed Saltator;Saltator atriceps
Orinocan Saltator;Saltator orenocensis
Olive-gray Saltator;Saltator olivascens
Cinnamon-bellied Saltator;Saltator grandis
Bluish-gray Saltator;Saltator coerulescens
Olive-gray/Bluish-gray Saltator;Saltator olivascens/coerulescens
Streaked Saltator;Saltator striatipectus
Lesser Antillean Saltator;Saltator albicollis
Green-winged Saltator;Saltator similis
Black-cowled Saltator;Saltator nigriceps
Thick-billed Saltator;Saltator maxillosus
Golden-billed Saltator;Saltator aurantiirostris
Masked Saltator;Saltator cinctus
Slate-colored Grosbeak;Saltator grossus
Black-throated Grosbeak;Saltator fuliginosus
saltator sp.;Saltator sp.
Thraupidae sp.;Thraupidae sp.
passerine sp.;Passeriformes sp.
bird sp.;Aves sp.
